2019-12-10 16:24:59.200000+01:00,6.976318359375
2019-12-10 16:24:59.300000+01:00,6.976318359375
2019-12-10 16:24:59.400000+01:00,6.976318359375
2019-12-10 16:24:59.500000+01:00,2.679443359375
2019-12-10 16:24:59.600000+01:00,2.679443359375
2019-12-10 16:24:59.700000+01:00,2.679443359375
2019-12-10 16:24:59.800000+01:00,1.18408203125
2019-12-10 16:24:59.900000+01:00,1.18408203125
2019-12-10 16:25:00+01:00,4.144287109375
2019-12-10 16:25:00.100000+01:00,4.144287109375
2019-12-10 16:25:00.200000+01:00,4.144287109375
2019-12-10 16:25:00.300000+01:00,4.04052734375
2019-12-10 16:25:00.400000+01:00,4.04052734375
2019-12-10 16:25:00.500000+01:00,4.04052734375
2019-12-10 16:25:00.600000+01:00,4.156494140625
2019-12-10 16:25:00.700000+01:00,4.156494140625
2019-12-10 16:25:00.800000+01:00,9.26513671875
2019-12-10 16:25:00.900000+01:00,9.26513671875
2019-12-10 16:25:01+01:00,9.26513671875
2019-12-10 16:25:01.100000+01:00,9.759521484375
2019-12-10 16:25:01.200000+01:00,9.759521484375
2019-12-10 16:25:01.300000+01:00,9.27734375
2019-12-10 16:25:01.400000+01:00,9.27734375
2019-12-10 16:25:01.500000+01:00,9.637451171875
2019-12-10 16:25:01.600000+01:00,9.637451171875
2019-12-10 16:25:01.700000+01:00,9.637451171875
2019-12-10 16:25:01.800000+01:00,9.637451171875
2019-12-10 16:25:01.900000+01:00,10.260009765625
2019-12-10 16:25:02+01:00,10.260009765625
2019-12-10 16:25:02.100000+01:00,10.29052734375
2019-12-10 16:25:02.200000+01:00,10.29052734375
2019-12-10 16:25:02.300000+01:00,10.29052734375
2019-12-10 16:25:02.400000+01:00,10.21728515625
2019-12-10 16:25:02.500000+01:00,10.21728515625
2019-12-10 16:25:02.600000+01:00,10.07080078125
2019-12-10 16:25:02.700000+01:00,10.07080078125
2019-12-10 16:25:02.800000+01:00,9.967041015625
2019-12-10 16:25:02.900000+01:00,9.967041015625
2019-12-10 16:25:03+01:00,9.967041015625
2019-12-10 16:25:03.100000+01:00,9.967041015625
2019-12-10 16:25:03.200000+01:00,10.137939453125
2019-12-10 16:25:03.300000+01:00,10.137939453125
2019-12-10 16:25:03.400000+01:00,9.906005859375
2019-12-10 16:25:03.500000+01:00,9.906005859375
2019-12-10 16:25:03.600000+01:00,9.625244140625
2019-12-10 16:25:03.700000+01:00,9.625244140625
2019-12-10 16:25:03.800000+01:00,9.625244140625
2019-12-10 16:25:03.900000+01:00,9.26513671875
2019-12-10 16:25:04+01:00,9.26513671875
2019-12-10 16:25:04.100000+01:00,8.85009765625
2019-12-10 16:25:04.200000+01:00,8.85009765625
2019-12-10 16:25:04.300000+01:00,8.85009765625
2019-12-10 16:25:04.400000+01:00,8.85009765625
2019-12-10 16:25:04.500000+01:00,9.136962890625
2019-12-10 16:25:04.600000+01:00,9.136962890625
2019-12-10 16:25:04.700000+01:00,9.228515625
2019-12-10 16:25:04.800000+01:00,9.228515625
2019-12-10 16:25:04.900000+01:00,9.19189453125
2019-12-10 16:25:05+01:00,9.19189453125
2019-12-10 16:25:05.100000+01:00,9.19189453125
2019-12-10 16:25:05.200000+01:00,9.06982421875
2019-12-10 16:25:05.300000+01:00,9.06982421875
2019-12-10 16:25:05.400000+01:00,9.06982421875
2019-12-10 16:25:05.500000+01:00,9.063720703125
2019-12-10 16:25:05.600000+01:00,9.063720703125
2019-12-10 16:25:05.700000+01:00,9.063720703125
2019-12-10 16:25:05.800000+01:00,9.06982421875
2019-12-10 16:25:05.900000+01:00,9.06982421875
2019-12-10 16:25:06+01:00,9.1796875
2019-12-10 16:25:06.100000+01:00,9.1796875
2019-12-10 16:25:06.200000+01:00,10.528564453125
2019-12-10 16:25:06.300000+01:00,10.528564453125
2019-12-10 16:25:06.400000+01:00,10.528564453125
2019-12-10 16:25:06.500000+01:00,10.528564453125
2019-12-10 16:25:06.600000+01:00,9.9853515625
2019-12-10 16:25:06.700000+01:00,9.9853515625
2019-12-10 16:25:06.800000+01:00,10.107421875
2019-12-10 16:25:06.900000+01:00,10.107421875
2019-12-10 16:25:07+01:00,10.107421875
2019-12-10 16:25:07.100000+01:00,10.107421875
2019-12-10 16:25:07.200000+01:00,10.107421875
2019-12-10 16:25:07.300000+01:00,10.137939453125
2019-12-10 16:25:07.400000+01:00,10.137939453125
2019-12-10 16:25:07.500000+01:00,10.11962890625
2019-12-10 16:25:07.600000+01:00,10.11962890625
2019-12-10 16:25:07.700000+01:00,10.11962890625
2019-12-10 16:25:07.800000+01:00,10.11962890625
2019-12-10 16:25:07.900000+01:00,10.137939453125
2019-12-10 16:25:08+01:00,10.137939453125
2019-12-10 16:25:08.100000+01:00,10.107421875
2019-12-10 16:25:08.200000+01:00,10.107421875
2019-12-10 16:25:08.300000+01:00,10.07080078125
2019-12-10 16:25:08.400000+01:00,10.07080078125
2019-12-10 16:25:08.500000+01:00,10.07080078125
2019-12-10 16:25:08.600000+01:00,10.076904296875
2019-12-10 16:25:08.700000+01:00,10.076904296875
2019-12-10 16:25:08.800000+01:00,10.07080078125
2019-12-10 16:25:08.900000+01:00,10.07080078125
2019-12-10 16:25:09+01:00,10.07080078125
2019-12-10 16:25:09.100000+01:00,10.0830078125
2019-12-10 16:25:09.200000+01:00,10.0830078125
2019-12-10 16:25:09.300000+01:00,10.0830078125
2019-12-10 16:25:09.400000+01:00,10.101318359375
2019-12-10 16:25:09.500000+01:00,10.101318359375
2019-12-10 16:25:09.600000+01:00,10.07080078125
2019-12-10 16:25:09.700000+01:00,10.07080078125
2019-12-10 16:25:09.800000+01:00,10.07080078125
2019-12-10 16:25:09.900000+01:00,10.089111328125
2019-12-10 16:25:10+01:00,10.089111328125
2019-12-10 16:25:10.100000+01:00,10.089111328125
2019-12-10 16:25:10.200000+01:00,10.04638671875
2019-12-10 16:25:10.300000+01:00,10.04638671875
2019-12-10 16:25:10.400000+01:00,10.064697265625
2019-12-10 16:25:10.500000+01:00,10.064697265625
2019-12-10 16:25:10.600000+01:00,10.064697265625
2019-12-10 16:25:10.700000+01:00,9.161376953125
2019-12-10 16:25:10.800000+01:00,9.161376953125
2019-12-10 16:25:10.900000+01:00,9.063720703125
2019-12-10 16:25:11+01:00,9.063720703125
2019-12-10 16:25:11.100000+01:00,9.11865234375
2019-12-10 16:25:11.200000+01:00,9.11865234375
2019-12-10 16:25:11.300000+01:00,9.11865234375
2019-12-10 16:25:11.400000+01:00,9.11865234375
2019-12-10 16:25:11.500000+01:00,9.002685546875
2019-12-10 16:25:11.600000+01:00,9.002685546875
2019-12-10 16:25:11.700000+01:00,9.136962890625
2019-12-10 16:25:11.800000+01:00,9.136962890625
2019-12-10 16:25:11.900000+01:00,9.136962890625
2019-12-10 16:25:12+01:00,9.06982421875
2019-12-10 16:25:12.100000+01:00,9.06982421875
2019-12-10 16:25:12.200000+01:00,9.173583984375
2019-12-10 16:25:12.300000+01:00,9.173583984375
2019-12-10 16:25:12.400000+01:00,8.88671875
2019-12-10 16:25:12.500000+01:00,8.88671875
2019-12-10 16:25:12.600000+01:00,8.88671875
2019-12-10 16:25:12.700000+01:00,8.88671875
2019-12-10 16:25:12.800000+01:00,8.526611328125
2019-12-10 16:25:12.900000+01:00,8.526611328125
2019-12-10 16:25:13+01:00,12.506103515625
2019-12-10 16:25:13.100000+01:00,12.506103515625
2019-12-10 16:25:13.200000+01:00,12.506103515625
2019-12-10 16:25:13.300000+01:00,12.921142578125
2019-12-10 16:25:13.400000+01:00,12.921142578125
2019-12-10 16:25:13.500000+01:00,10.8642578125
2019-12-10 16:25:13.600000+01:00,10.8642578125
2019-12-10 16:25:13.700000+01:00,10.8642578125
2019-12-10 16:25:13.800000+01:00,10.565185546875
2019-12-10 16:25:13.900000+01:00,10.565185546875
2019-12-10 16:25:14+01:00,10.565185546875
2019-12-10 16:25:14.100000+01:00,10.491943359375
2019-12-10 16:25:14.200000+01:00,10.491943359375
2019-12-10 16:25:14.300000+01:00,10.4736328125
2019-12-10 16:25:14.400000+01:00,10.4736328125
2019-12-10 16:25:14.500000+01:00,10.443115234375
2019-12-10 16:25:14.600000+01:00,10.443115234375
2019-12-10 16:25:14.700000+01:00,10.443115234375
2019-12-10 16:25:14.800000+01:00,10.443115234375
2019-12-10 16:25:14.900000+01:00,10.455322265625
2019-12-10 16:25:15+01:00,10.455322265625
2019-12-10 16:25:15.100000+01:00,10.48583984375
2019-12-10 16:25:15.200000+01:00,10.48583984375
2019-12-10 16:25:15.300000+01:00,10.48583984375
2019-12-10 16:25:15.400000+01:00,10.46142578125
2019-12-10 16:25:15.500000+01:00,10.46142578125
2019-12-10 16:25:15.600000+01:00,10.46142578125
2019-12-10 16:25:15.700000+01:00,10.46142578125
2019-12-10 16:25:15.800000+01:00,10.4248046875
2019-12-10 16:25:15.900000+01:00,10.4248046875
2019-12-10 16:25:16+01:00,10.4248046875
2019-12-10 16:25:16.100000+01:00,10.4248046875
2019-12-10 16:25:16.200000+01:00,10.43701171875
2019-12-10 16:25:16.300000+01:00,10.43701171875
2019-12-10 16:25:16.400000+01:00,10.4248046875
2019-12-10 16:25:16.500000+01:00,10.4248046875
2019-12-10 16:25:16.600000+01:00,10.394287109375
2019-12-10 16:25:16.700000+01:00,10.394287109375
2019-12-10 16:25:16.800000+01:00,10.394287109375
2019-12-10 16:25:16.900000+01:00,10.382080078125
2019-12-10 16:25:17+01:00,10.382080078125
2019-12-10 16:25:17.100000+01:00,10.382080078125
2019-12-10 16:25:17.200000+01:00,10.382080078125
2019-12-10 16:25:17.300000+01:00,10.382080078125
2019-12-10 16:25:17.400000+01:00,10.382080078125
2019-12-10 16:25:17.500000+01:00,10.357666015625
2019-12-10 16:25:17.600000+01:00,10.357666015625
2019-12-10 16:25:17.700000+01:00,10.36376953125
2019-12-10 16:25:17.800000+01:00,10.36376953125
2019-12-10 16:25:17.900000+01:00,10.369873046875
2019-12-10 16:25:18+01:00,10.369873046875
2019-12-10 16:25:18.100000+01:00,10.369873046875
2019-12-10 16:25:18.200000+01:00,10.36376953125
2019-12-10 16:25:18.300000+01:00,10.36376953125
2019-12-10 16:25:18.400000+01:00,10.36376953125
2019-12-10 16:25:18.500000+01:00,10.345458984375
2019-12-10 16:25:18.600000+01:00,10.345458984375
2019-12-10 16:25:18.700000+01:00,10.345458984375
2019-12-10 16:25:18.800000+01:00,10.31494140625
2019-12-10 16:25:18.900000+01:00,10.31494140625
2019-12-10 16:25:19+01:00,10.333251953125
2019-12-10 16:25:19.100000+01:00,10.333251953125
2019-12-10 16:25:19.200000+01:00,10.406494140625
2019-12-10 16:25:19.300000+01:00,10.406494140625
2019-12-10 16:25:19.400000+01:00,10.406494140625
2019-12-10 16:25:19.500000+01:00,10.357666015625
2019-12-10 16:25:19.600000+01:00,10.357666015625
2019-12-10 16:25:19.700000+01:00,10.357666015625
2019-12-10 16:25:19.800000+01:00,10.357666015625
2019-12-10 16:25:19.900000+01:00,10.357666015625
2019-12-10 16:25:20+01:00,10.430908203125
2019-12-10 16:25:20.100000+01:00,10.430908203125
2019-12-10 16:25:20.200000+01:00,10.430908203125
2019-12-10 16:25:20.300000+01:00,10.308837890625
2019-12-10 16:25:20.400000+01:00,10.308837890625
2019-12-10 16:25:20.500000+01:00,10.24169921875
2019-12-10 16:25:20.600000+01:00,10.24169921875
2019-12-10 16:25:20.700000+01:00,10.24169921875
2019-12-10 16:25:20.800000+01:00,10.24169921875
2019-12-10 16:25:20.900000+01:00,10.04638671875
2019-12-10 16:25:21+01:00,10.04638671875
2019-12-10 16:25:21.100000+01:00,10.125732421875
2019-12-10 16:25:21.200000+01:00,10.125732421875
2019-12-10 16:25:21.300000+01:00,10.205078125
2019-12-10 16:25:21.400000+01:00,10.205078125
2019-12-10 16:25:21.500000+01:00,10.205078125
2019-12-10 16:25:21.600000+01:00,10.1318359375
2019-12-10 16:25:21.700000+01:00,10.1318359375
2019-12-10 16:25:21.800000+01:00,10.125732421875
2019-12-10 16:25:21.900000+01:00,10.125732421875
2019-12-10 16:25:22+01:00,10.125732421875
2019-12-10 16:25:22.100000+01:00,10.107421875
2019-12-10 16:25:22.200000+01:00,10.107421875
2019-12-10 16:25:22.300000+01:00,10.107421875
2019-12-10 16:25:22.400000+01:00,10.101318359375
2019-12-10 16:25:22.500000+01:00,10.101318359375
2019-12-10 16:25:22.600000+01:00,10.101318359375
2019-12-10 16:25:22.700000+01:00,10.101318359375
2019-12-10 16:25:22.800000+01:00,10.101318359375
2019-12-10 16:25:22.900000+01:00,10.107421875
2019-12-10 16:25:23+01:00,10.107421875
2019-12-10 16:25:23.100000+01:00,10.113525390625
2019-12-10 16:25:23.200000+01:00,10.113525390625
2019-12-10 16:25:23.300000+01:00,10.113525390625
2019-12-10 16:25:23.400000+01:00,10.101318359375
2019-12-10 16:25:23.500000+01:00,10.101318359375
2019-12-10 16:25:23.600000+01:00,10.101318359375
2019-12-10 16:25:23.700000+01:00,10.09521484375
2019-12-10 16:25:23.800000+01:00,10.09521484375
2019-12-10 16:25:23.900000+01:00,10.223388671875
2019-12-10 16:25:24+01:00,10.223388671875
2019-12-10 16:25:24.100000+01:00,10.223388671875
2019-12-10 16:25:24.200000+01:00,10.552978515625
2019-12-10 16:25:24.300000+01:00,10.552978515625
2019-12-10 16:25:24.400000+01:00,10.552978515625
2019-12-10 16:25:24.500000+01:00,10.6201171875
2019-12-10 16:25:24.600000+01:00,10.6201171875
2019-12-10 16:25:24.700000+01:00,10.595703125
2019-12-10 16:25:24.800000+01:00,10.595703125
2019-12-10 16:25:24.900000+01:00,10.595703125
2019-12-10 16:25:25+01:00,10.48583984375
2019-12-10 16:25:25.100000+01:00,10.48583984375
2019-12-10 16:25:25.200000+01:00,10.43701171875
2019-12-10 16:25:25.300000+01:00,10.43701171875
2019-12-10 16:25:25.400000+01:00,10.43701171875
2019-12-10 16:25:25.500000+01:00,10.43701171875
2019-12-10 16:25:25.600000+01:00,10.43701171875
2019-12-10 16:25:25.700000+01:00,10.43701171875
2019-12-10 16:25:25.800000+01:00,10.46142578125
2019-12-10 16:25:25.900000+01:00,10.46142578125
2019-12-10 16:25:26+01:00,10.455322265625
2019-12-10 16:25:26.100000+01:00,10.455322265625
2019-12-10 16:25:26.200000+01:00,10.455322265625
2019-12-10 16:25:26.300000+01:00,10.46142578125
2019-12-10 16:25:26.400000+01:00,10.46142578125
2019-12-10 16:25:26.500000+01:00,10.46142578125
2019-12-10 16:25:26.600000+01:00,10.46142578125
2019-12-10 16:25:26.700000+01:00,10.46142578125
2019-12-10 16:25:26.800000+01:00,10.443115234375
2019-12-10 16:25:26.900000+01:00,10.443115234375
2019-12-10 16:25:27+01:00,10.443115234375
2019-12-10 16:25:27.100000+01:00,10.43701171875
2019-12-10 16:25:27.200000+01:00,10.43701171875
2019-12-10 16:25:27.300000+01:00,10.443115234375
2019-12-10 16:25:27.400000+01:00,10.443115234375
2019-12-10 16:25:27.500000+01:00,10.44921875
2019-12-10 16:25:27.600000+01:00,10.44921875
2019-12-10 16:25:27.700000+01:00,10.44921875
2019-12-10 16:25:27.800000+01:00,10.44921875
2019-12-10 16:25:27.900000+01:00,10.44921875
2019-12-10 16:25:28+01:00,10.44921875
2019-12-10 16:25:28.100000+01:00,10.430908203125
2019-12-10 16:25:28.200000+01:00,10.430908203125
2019-12-10 16:25:28.300000+01:00,10.430908203125
2019-12-10 16:25:28.400000+01:00,10.430908203125
2019-12-10 16:25:28.500000+01:00,10.430908203125
2019-12-10 16:25:28.600000+01:00,10.418701171875
2019-12-10 16:25:28.700000+01:00,10.418701171875
2019-12-10 16:25:28.800000+01:00,10.430908203125
2019-12-10 16:25:28.900000+01:00,10.430908203125
2019-12-10 16:25:29+01:00,10.430908203125
2019-12-10 16:25:29.100000+01:00,10.430908203125
2019-12-10 16:25:29.200000+01:00,10.418701171875
2019-12-10 16:25:29.300000+01:00,10.418701171875
2019-12-10 16:25:29.400000+01:00,10.418701171875
2019-12-10 16:25:29.500000+01:00,10.418701171875
2019-12-10 16:25:29.600000+01:00,10.418701171875
2019-12-10 16:25:29.700000+01:00,10.41259765625
2019-12-10 16:25:29.800000+01:00,10.41259765625
2019-12-10 16:25:29.900000+01:00,10.406494140625
2019-12-10 16:25:30+01:00,10.406494140625
2019-12-10 16:25:30.100000+01:00,10.400390625
2019-12-10 16:25:30.200000+01:00,10.400390625
2019-12-10 16:25:30.300000+01:00,10.400390625
2019-12-10 16:25:30.400000+01:00,10.400390625
2019-12-10 16:25:30.500000+01:00,10.107421875
2019-12-10 16:25:30.600000+01:00,10.107421875
2019-12-10 16:25:30.700000+01:00,10.05859375
2019-12-10 16:25:30.800000+01:00,10.05859375
2019-12-10 16:25:30.900000+01:00,10.1806640625
2019-12-10 16:25:31+01:00,10.1806640625
2019-12-10 16:25:31.100000+01:00,10.1806640625
2019-12-10 16:25:31.200000+01:00,10.05859375
2019-12-10 16:25:31.300000+01:00,10.05859375
2019-12-10 16:25:31.400000+01:00,10.05859375
2019-12-10 16:25:31.500000+01:00,10.05859375
2019-12-10 16:25:31.600000+01:00,10.05859375
2019-12-10 16:25:31.700000+01:00,10.05859375
2019-12-10 16:25:31.800000+01:00,10.02197265625
2019-12-10 16:25:31.900000+01:00,10.02197265625
2019-12-10 16:25:32+01:00,10.040283203125
2019-12-10 16:25:32.100000+01:00,10.040283203125
2019-12-10 16:25:32.200000+01:00,10.0341796875
2019-12-10 16:25:32.300000+01:00,10.0341796875
2019-12-10 16:25:32.400000+01:00,10.0341796875
2019-12-10 16:25:32.500000+01:00,10.0341796875
2019-12-10 16:25:32.600000+01:00,10.0341796875
2019-12-10 16:25:32.700000+01:00,10.0341796875
2019-12-10 16:25:32.800000+01:00,10.04638671875
2019-12-10 16:25:32.900000+01:00,10.04638671875
2019-12-10 16:25:33+01:00,10.04638671875
2019-12-10 16:25:33.100000+01:00,10.04638671875
2019-12-10 16:25:33.200000+01:00,10.04638671875
2019-12-10 16:25:33.300000+01:00,10.04638671875
2019-12-10 16:25:33.400000+01:00,10.04638671875
2019-12-10 16:25:33.500000+01:00,10.05859375
2019-12-10 16:25:33.600000+01:00,10.05859375
2019-12-10 16:25:33.700000+01:00,10.05859375
2019-12-10 16:25:33.800000+01:00,10.05859375
2019-12-10 16:25:33.900000+01:00,10.064697265625
2019-12-10 16:25:34+01:00,10.064697265625
2019-12-10 16:25:34.100000+01:00,10.052490234375
2019-12-10 16:25:34.200000+01:00,10.052490234375
2019-12-10 16:25:34.300000+01:00,10.064697265625
2019-12-10 16:25:34.400000+01:00,10.064697265625
2019-12-10 16:25:34.500000+01:00,10.064697265625
2019-12-10 16:25:34.600000+01:00,10.07080078125
2019-12-10 16:25:34.700000+01:00,10.07080078125
2019-12-10 16:25:34.800000+01:00,10.0830078125
2019-12-10 16:25:34.900000+01:00,10.0830078125
2019-12-10 16:25:35+01:00,10.0830078125
2019-12-10 16:25:35.100000+01:00,10.0830078125
2019-12-10 16:25:35.200000+01:00,10.05859375
2019-12-10 16:25:35.300000+01:00,10.05859375
2019-12-10 16:25:35.400000+01:00,10.07080078125
2019-12-10 16:25:35.500000+01:00,10.07080078125
2019-12-10 16:25:35.600000+01:00,10.09521484375
2019-12-10 16:25:35.700000+01:00,10.09521484375
2019-12-10 16:25:35.800000+01:00,10.09521484375
2019-12-10 16:25:35.900000+01:00,10.101318359375
2019-12-10 16:25:36+01:00,10.101318359375
2019-12-10 16:25:36.100000+01:00,10.15625
2019-12-10 16:25:36.200000+01:00,10.15625
2019-12-10 16:25:36.300000+01:00,10.15625
2019-12-10 16:25:36.400000+01:00,10.19287109375
2019-12-10 16:25:36.500000+01:00,10.19287109375
2019-12-10 16:25:36.600000+01:00,10.19287109375
2019-12-10 16:25:36.700000+01:00,10.19287109375
2019-12-10 16:25:36.800000+01:00,10.19287109375
2019-12-10 16:25:36.900000+01:00,10.16845703125
2019-12-10 16:25:37+01:00,10.16845703125
2019-12-10 16:25:37.100000+01:00,10.16845703125
2019-12-10 16:25:37.200000+01:00,10.205078125
2019-12-10 16:25:37.300000+01:00,10.205078125
2019-12-10 16:25:37.400000+01:00,10.205078125
2019-12-10 16:25:37.500000+01:00,10.16845703125
2019-12-10 16:25:37.600000+01:00,10.16845703125
2019-12-10 16:25:37.700000+01:00,10.113525390625
2019-12-10 16:25:37.800000+01:00,10.113525390625
2019-12-10 16:25:37.900000+01:00,10.113525390625
2019-12-10 16:25:38+01:00,9.906005859375
2019-12-10 16:25:38.100000+01:00,9.906005859375
2019-12-10 16:25:38.200000+01:00,10.064697265625
2019-12-10 16:25:38.300000+01:00,10.064697265625
2019-12-10 16:25:38.400000+01:00,10.150146484375
2019-12-10 16:25:38.500000+01:00,10.150146484375
2019-12-10 16:25:38.600000+01:00,10.150146484375
2019-12-10 16:25:38.700000+01:00,10.150146484375
2019-12-10 16:25:38.800000+01:00,10.076904296875
2019-12-10 16:25:38.900000+01:00,10.076904296875
2019-12-10 16:25:39+01:00,10.064697265625
2019-12-10 16:25:39.100000+01:00,10.064697265625
2019-12-10 16:25:39.200000+01:00,10.064697265625
2019-12-10 16:25:39.300000+01:00,10.16845703125
2019-12-10 16:25:39.400000+01:00,10.16845703125
2019-12-10 16:25:39.500000+01:00,10.028076171875
2019-12-10 16:25:39.600000+01:00,10.028076171875
2019-12-10 16:25:39.700000+01:00,10.028076171875
2019-12-10 16:25:39.800000+01:00,9.04541015625
2019-12-10 16:25:39.900000+01:00,9.04541015625
2019-12-10 16:25:40+01:00,9.04541015625
2019-12-10 16:25:40.100000+01:00,1.531982421875
2019-12-10 16:25:40.200000+01:00,1.531982421875
2019-12-10 16:25:40.300000+01:00,4.241943359375
2019-12-10 16:25:40.400000+01:00,4.241943359375
2019-12-10 16:25:40.500000+01:00,4.08935546875
2019-12-10 16:25:40.600000+01:00,4.08935546875
2019-12-10 16:25:40.700000+01:00,4.08935546875
2019-12-10 16:25:40.800000+01:00,4.0771484375
2019-12-10 16:25:40.900000+01:00,4.0771484375
2019-12-10 16:25:41+01:00,4.0771484375
2019-12-10 16:25:41.100000+01:00,4.11376953125
2019-12-10 16:25:41.200000+01:00,4.11376953125
2019-12-10 16:25:41.300000+01:00,4.11376953125
2019-12-10 16:25:41.400000+01:00,4.144287109375
2019-12-10 16:25:41.500000+01:00,4.144287109375
2019-12-10 16:25:41.600000+01:00,4.156494140625
2019-12-10 16:25:41.700000+01:00,4.156494140625
2019-12-10 16:25:41.800000+01:00,4.193115234375
2019-12-10 16:25:41.900000+01:00,4.193115234375
2019-12-10 16:25:42+01:00,4.193115234375
2019-12-10 16:25:42.100000+01:00,4.18701171875
2019-12-10 16:25:42.200000+01:00,4.18701171875
2019-12-10 16:25:42.300000+01:00,4.18701171875
2019-12-10 16:25:42.400000+01:00,4.23583984375
2019-12-10 16:25:42.500000+01:00,4.23583984375
2019-12-10 16:25:42.600000+01:00,4.23583984375
2019-12-10 16:25:42.700000+01:00,4.23583984375
2019-12-10 16:25:42.800000+01:00,4.23583984375
2019-12-10 16:25:42.900000+01:00,5.462646484375
2019-12-10 16:25:43+01:00,5.462646484375
2019-12-10 16:25:43.100000+01:00,6.0302734375
2019-12-10 16:25:43.200000+01:00,6.0302734375
2019-12-10 16:25:43.300000+01:00,6.0302734375
2019-12-10 16:25:43.400000+01:00,6.0302734375
2019-12-10 16:25:43.500000+01:00,6.06689453125
2019-12-10 16:25:43.600000+01:00,6.06689453125
2019-12-10 16:25:43.700000+01:00,6.097412109375
2019-12-10 16:25:43.800000+01:00,6.097412109375
2019-12-10 16:25:43.900000+01:00,6.207275390625
2019-12-10 16:25:44+01:00,6.207275390625
2019-12-10 16:25:44.100000+01:00,6.207275390625
2019-12-10 16:25:44.200000+01:00,6.25
2019-12-10 16:25:44.300000+01:00,6.25
2019-12-10 16:25:44.400000+01:00,6.40869140625
2019-12-10 16:25:44.500000+01:00,6.40869140625
2019-12-10 16:25:44.600000+01:00,6.40869140625
2019-12-10 16:25:44.700000+01:00,6.40869140625
2019-12-10 16:25:44.800000+01:00,6.549072265625
2019-12-10 16:25:44.900000+01:00,6.549072265625
2019-12-10 16:25:45+01:00,6.43310546875
2019-12-10 16:25:45.100000+01:00,6.43310546875
2019-12-10 16:25:45.200000+01:00,6.4208984375
2019-12-10 16:25:45.300000+01:00,6.4208984375
2019-12-10 16:25:45.400000+01:00,6.4208984375
2019-12-10 16:25:45.500000+01:00,6.50634765625
2019-12-10 16:25:45.600000+01:00,6.50634765625
2019-12-10 16:25:45.700000+01:00,6.50634765625
2019-12-10 16:25:45.800000+01:00,5.389404296875
2019-12-10 16:25:45.900000+01:00,5.389404296875
2019-12-10 16:25:46+01:00,4.449462890625
2019-12-10 16:25:46.100000+01:00,4.449462890625
2019-12-10 16:25:46.200000+01:00,4.449462890625
2019-12-10 16:25:46.300000+01:00,4.437255859375
2019-12-10 16:25:46.400000+01:00,4.437255859375
2019-12-10 16:25:46.500000+01:00,4.437255859375
2019-12-10 16:25:46.600000+01:00,4.437255859375
2019-12-10 16:25:46.700000+01:00,4.437255859375
2019-12-10 16:25:46.800000+01:00,4.443359375
2019-12-10 16:25:46.900000+01:00,4.443359375
2019-12-10 16:25:47+01:00,4.443359375
2019-12-10 16:25:47.100000+01:00,4.443359375
2019-12-10 16:25:47.200000+01:00,4.443359375
2019-12-10 16:25:47.300000+01:00,4.461669921875
2019-12-10 16:25:47.400000+01:00,4.461669921875
2019-12-10 16:25:47.500000+01:00,4.461669921875
2019-12-10 16:25:47.600000+01:00,4.486083984375
2019-12-10 16:25:47.700000+01:00,4.486083984375
2019-12-10 16:25:47.800000+01:00,4.473876953125
2019-12-10 16:25:47.900000+01:00,4.473876953125
2019-12-10 16:25:48+01:00,4.473876953125
2019-12-10 16:25:48.100000+01:00,4.473876953125
2019-12-10 16:25:48.200000+01:00,4.4677734375
2019-12-10 16:25:48.300000+01:00,4.4677734375
2019-12-10 16:25:48.400000+01:00,4.486083984375
2019-12-10 16:25:48.500000+01:00,4.486083984375
2019-12-10 16:25:48.600000+01:00,4.50439453125
2019-12-10 16:25:48.700000+01:00,4.50439453125
2019-12-10 16:25:48.800000+01:00,4.50439453125
2019-12-10 16:25:48.900000+01:00,4.50439453125
2019-12-10 16:25:49+01:00,4.50439453125
2019-12-10 16:25:49.100000+01:00,4.510498046875
2019-12-10 16:25:49.200000+01:00,4.510498046875
2019-12-10 16:25:49.300000+01:00,4.510498046875
2019-12-10 16:25:49.400000+01:00,4.50439453125
2019-12-10 16:25:49.500000+01:00,4.50439453125
2019-12-10 16:25:49.600000+01:00,4.50439453125
2019-12-10 16:25:49.700000+01:00,4.510498046875
2019-12-10 16:25:49.800000+01:00,4.510498046875
2019-12-10 16:25:49.900000+01:00,4.52880859375
2019-12-10 16:25:50+01:00,4.52880859375
2019-12-10 16:25:50.100000+01:00,4.52880859375
2019-12-10 16:25:50.200000+01:00,4.534912109375
2019-12-10 16:25:50.300000+01:00,4.534912109375
2019-12-10 16:25:50.400000+01:00,4.541015625
2019-12-10 16:25:50.500000+01:00,4.541015625
2019-12-10 16:25:50.600000+01:00,4.541015625
2019-12-10 16:25:50.700000+01:00,4.534912109375
2019-12-10 16:25:50.800000+01:00,4.534912109375
2019-12-10 16:25:50.900000+01:00,4.534912109375
2019-12-10 16:25:51+01:00,4.55322265625
2019-12-10 16:25:51.100000+01:00,4.55322265625
2019-12-10 16:25:51.200000+01:00,6.329345703125
2019-12-10 16:25:51.300000+01:00,6.329345703125
2019-12-10 16:25:51.400000+01:00,6.536865234375
2019-12-10 16:25:51.500000+01:00,6.536865234375
2019-12-10 16:25:51.600000+01:00,6.536865234375
2019-12-10 16:25:51.700000+01:00,6.536865234375
2019-12-10 16:25:51.800000+01:00,6.561279296875
2019-12-10 16:25:51.900000+01:00,6.561279296875
2019-12-10 16:25:52+01:00,6.536865234375
2019-12-10 16:25:52.100000+01:00,6.536865234375
2019-12-10 16:25:52.200000+01:00,6.536865234375
2019-12-10 16:25:52.300000+01:00,6.55517578125
2019-12-10 16:25:52.400000+01:00,6.55517578125
2019-12-10 16:25:52.500000+01:00,6.549072265625
2019-12-10 16:25:52.600000+01:00,6.549072265625
2019-12-10 16:25:52.700000+01:00,6.561279296875
2019-12-10 16:25:52.800000+01:00,6.561279296875
2019-12-10 16:25:52.900000+01:00,6.561279296875
2019-12-10 16:25:53+01:00,6.561279296875
2019-12-10 16:25:53.100000+01:00,6.53076171875
2019-12-10 16:25:53.200000+01:00,6.53076171875
2019-12-10 16:25:53.300000+01:00,6.57958984375
2019-12-10 16:25:53.400000+01:00,6.57958984375
2019-12-10 16:25:53.500000+01:00,6.57958984375
2019-12-10 16:25:53.600000+01:00,6.6162109375
2019-12-10 16:25:53.700000+01:00,6.6162109375
2019-12-10 16:25:53.800000+01:00,6.60400390625
2019-12-10 16:25:53.900000+01:00,6.60400390625
2019-12-10 16:25:54+01:00,6.60400390625
2019-12-10 16:25:54.100000+01:00,6.640625
2019-12-10 16:25:54.200000+01:00,6.640625
2019-12-10 16:25:54.300000+01:00,6.640625
2019-12-10 16:25:54.400000+01:00,6.573486328125
2019-12-10 16:25:54.500000+01:00,6.573486328125
2019-12-10 16:25:54.600000+01:00,4.669189453125
2019-12-10 16:25:54.700000+01:00,4.669189453125
2019-12-10 16:25:54.800000+01:00,4.388427734375
2019-12-10 16:25:54.900000+01:00,4.388427734375
2019-12-10 16:25:55+01:00,4.388427734375
2019-12-10 16:25:55.100000+01:00,4.388427734375
2019-12-10 16:25:55.200000+01:00,4.39453125
2019-12-10 16:25:55.300000+01:00,4.39453125
2019-12-10 16:25:55.400000+01:00,4.4189453125
2019-12-10 16:25:55.500000+01:00,4.4189453125
2019-12-10 16:25:55.600000+01:00,4.4189453125
2019-12-10 16:25:55.700000+01:00,4.4189453125
2019-12-10 16:25:55.800000+01:00,4.4189453125
2019-12-10 16:25:55.900000+01:00,4.425048828125
2019-12-10 16:25:56+01:00,4.425048828125
2019-12-10 16:25:56.100000+01:00,4.43115234375
2019-12-10 16:25:56.200000+01:00,4.43115234375
2019-12-10 16:25:56.300000+01:00,4.43115234375
2019-12-10 16:25:56.400000+01:00,4.43115234375
2019-12-10 16:25:56.500000+01:00,4.43115234375
2019-12-10 16:25:56.600000+01:00,4.43115234375
2019-12-10 16:25:56.700000+01:00,4.449462890625
2019-12-10 16:25:56.800000+01:00,4.449462890625
2019-12-10 16:25:56.900000+01:00,4.45556640625
2019-12-10 16:25:57+01:00,4.45556640625
2019-12-10 16:25:57.100000+01:00,4.45556640625
2019-12-10 16:25:57.200000+01:00,4.4677734375
2019-12-10 16:25:57.300000+01:00,4.4677734375
2019-12-10 16:25:57.400000+01:00,4.443359375
2019-12-10 16:25:57.500000+01:00,4.443359375
2019-12-10 16:25:57.600000+01:00,4.443359375
2019-12-10 16:25:57.700000+01:00,4.443359375
2019-12-10 16:25:57.800000+01:00,4.45556640625
2019-12-10 16:25:57.900000+01:00,4.45556640625
2019-12-10 16:25:58+01:00,4.473876953125
2019-12-10 16:25:58.100000+01:00,4.473876953125
2019-12-10 16:25:58.200000+01:00,4.4677734375
2019-12-10 16:25:58.300000+01:00,4.4677734375
2019-12-10 16:25:58.400000+01:00,4.4677734375
2019-12-10 16:25:58.500000+01:00,4.486083984375
2019-12-10 16:25:58.600000+01:00,4.486083984375
2019-12-10 16:25:58.700000+01:00,4.461669921875
2019-12-10 16:25:58.800000+01:00,4.461669921875
2019-12-10 16:25:58.900000+01:00,4.461669921875
2019-12-10 16:25:59+01:00,4.461669921875
2019-12-10 16:25:59.100000+01:00,4.4677734375
2019-12-10 16:25:59.200000+01:00,4.4677734375
2019-12-10 16:25:59.300000+01:00,4.498291015625
2019-12-10 16:25:59.400000+01:00,4.498291015625
2019-12-10 16:25:59.500000+01:00,4.486083984375
2019-12-10 16:25:59.600000+01:00,4.486083984375
2019-12-10 16:25:59.700000+01:00,4.486083984375
2019-12-10 16:25:59.800000+01:00,5.108642578125
2019-12-10 16:25:59.900000+01:00,5.108642578125
2019-12-10 16:26:00+01:00,5.108642578125
2019-12-10 16:26:00.100000+01:00,4.730224609375
2019-12-10 16:26:00.200000+01:00,4.730224609375
2019-12-10 16:26:00.300000+01:00,4.669189453125
2019-12-10 16:26:00.400000+01:00,4.669189453125
2019-12-10 16:26:00.500000+01:00,4.669189453125
2019-12-10 16:26:00.600000+01:00,4.65087890625
2019-12-10 16:26:00.700000+01:00,4.65087890625
2019-12-10 16:26:00.800000+01:00,4.65087890625
2019-12-10 16:26:00.900000+01:00,4.65087890625
2019-12-10 16:26:01+01:00,4.65087890625
2019-12-10 16:26:01.100000+01:00,4.65087890625
2019-12-10 16:26:01.200000+01:00,4.632568359375
2019-12-10 16:26:01.300000+01:00,4.632568359375
2019-12-10 16:26:01.400000+01:00,4.632568359375
2019-12-10 16:26:01.500000+01:00,4.632568359375
2019-12-10 16:26:01.600000+01:00,4.632568359375
2019-12-10 16:26:01.700000+01:00,4.632568359375
2019-12-10 16:26:01.800000+01:00,4.632568359375
2019-12-10 16:26:01.900000+01:00,4.638671875
2019-12-10 16:26:02+01:00,4.638671875
2019-12-10 16:26:02.100000+01:00,4.638671875
2019-12-10 16:26:02.200000+01:00,4.638671875
2019-12-10 16:26:02.300000+01:00,4.638671875
2019-12-10 16:26:02.400000+01:00,4.638671875
2019-12-10 16:26:02.500000+01:00,4.638671875
2019-12-10 16:26:02.600000+01:00,4.638671875
2019-12-10 16:26:02.700000+01:00,4.644775390625
2019-12-10 16:26:02.800000+01:00,4.644775390625
2019-12-10 16:26:02.900000+01:00,4.638671875
2019-12-10 16:26:03+01:00,4.638671875
2019-12-10 16:26:03.100000+01:00,4.638671875
2019-12-10 16:26:03.200000+01:00,4.6630859375
2019-12-10 16:26:03.300000+01:00,4.6630859375
2019-12-10 16:26:03.400000+01:00,4.6630859375
2019-12-10 16:26:03.500000+01:00,4.6630859375
2019-12-10 16:26:03.600000+01:00,4.6630859375
2019-12-10 16:26:03.700000+01:00,4.65087890625
2019-12-10 16:26:03.800000+01:00,4.65087890625
2019-12-10 16:26:03.900000+01:00,4.65087890625
2019-12-10 16:26:04+01:00,4.779052734375
2019-12-10 16:26:04.100000+01:00,4.779052734375
2019-12-10 16:26:04.200000+01:00,4.718017578125
2019-12-10 16:26:04.300000+01:00,4.718017578125
2019-12-10 16:26:04.400000+01:00,4.718017578125
2019-12-10 16:26:04.500000+01:00,4.766845703125
2019-12-10 16:26:04.600000+01:00,4.766845703125
2019-12-10 16:26:04.700000+01:00,4.766845703125
2019-12-10 16:26:04.800000+01:00,4.78515625
2019-12-10 16:26:04.900000+01:00,4.78515625
2019-12-10 16:26:05+01:00,4.791259765625
2019-12-10 16:26:05.100000+01:00,4.791259765625
2019-12-10 16:26:05.200000+01:00,4.791259765625
2019-12-10 16:26:05.300000+01:00,4.78515625
2019-12-10 16:26:05.400000+01:00,4.78515625
2019-12-10 16:26:05.500000+01:00,4.78515625
2019-12-10 16:26:05.600000+01:00,4.78515625
2019-12-10 16:26:05.700000+01:00,4.78515625
2019-12-10 16:26:05.800000+01:00,4.78515625
2019-12-10 16:26:05.900000+01:00,4.78515625
2019-12-10 16:26:06+01:00,4.78515625
2019-12-10 16:26:06.100000+01:00,4.779052734375
2019-12-10 16:26:06.200000+01:00,4.779052734375
2019-12-10 16:26:06.300000+01:00,4.791259765625
2019-12-10 16:26:06.400000+01:00,4.791259765625
2019-12-10 16:26:06.500000+01:00,4.791259765625
2019-12-10 16:26:06.600000+01:00,4.791259765625
2019-12-10 16:26:06.700000+01:00,4.791259765625
2019-12-10 16:26:06.800000+01:00,4.78515625
2019-12-10 16:26:06.900000+01:00,4.78515625
2019-12-10 16:26:07+01:00,4.78515625
2019-12-10 16:26:07.100000+01:00,4.779052734375
2019-12-10 16:26:07.200000+01:00,4.779052734375
2019-12-10 16:26:07.300000+01:00,4.779052734375
2019-12-10 16:26:07.400000+01:00,4.779052734375
2019-12-10 16:26:07.500000+01:00,4.779052734375
2019-12-10 16:26:07.600000+01:00,4.78515625
2019-12-10 16:26:07.700000+01:00,4.78515625
2019-12-10 16:26:07.800000+01:00,4.79736328125
2019-12-10 16:26:07.900000+01:00,4.79736328125
2019-12-10 16:26:08+01:00,4.79736328125
2019-12-10 16:26:08.100000+01:00,4.7607421875
2019-12-10 16:26:08.200000+01:00,4.7607421875
2019-12-10 16:26:08.300000+01:00,4.7607421875
2019-12-10 16:26:08.400000+01:00,4.766845703125
2019-12-10 16:26:08.500000+01:00,4.766845703125
2019-12-10 16:26:08.600000+01:00,4.766845703125
2019-12-10 16:26:08.700000+01:00,4.766845703125
2019-12-10 16:26:08.800000+01:00,4.766845703125
2019-12-10 16:26:08.900000+01:00,4.77294921875
2019-12-10 16:26:09+01:00,4.77294921875
2019-12-10 16:26:09.100000+01:00,4.77294921875
2019-12-10 16:26:09.200000+01:00,4.77294921875
2019-12-10 16:26:09.300000+01:00,4.77294921875
2019-12-10 16:26:09.400000+01:00,4.77294921875
2019-12-10 16:26:09.500000+01:00,4.77294921875
2019-12-10 16:26:09.600000+01:00,4.77294921875
2019-12-10 16:26:09.700000+01:00,4.779052734375
2019-12-10 16:26:09.800000+01:00,4.779052734375
2019-12-10 16:26:09.900000+01:00,4.779052734375
2019-12-10 16:26:10+01:00,4.77294921875
2019-12-10 16:26:10.100000+01:00,4.77294921875
2019-12-10 16:26:10.200000+01:00,4.779052734375
2019-12-10 16:26:10.300000+01:00,4.779052734375
2019-12-10 16:26:10.400000+01:00,4.779052734375
2019-12-10 16:26:10.500000+01:00,4.779052734375
2019-12-10 16:26:10.600000+01:00,4.779052734375
2019-12-10 16:26:10.700000+01:00,4.779052734375
2019-12-10 16:26:10.800000+01:00,4.779052734375
2019-12-10 16:26:10.900000+01:00,4.779052734375
2019-12-10 16:26:11+01:00,4.78515625
2019-12-10 16:26:11.100000+01:00,4.78515625
2019-12-10 16:26:11.200000+01:00,4.78515625
2019-12-10 16:26:11.300000+01:00,4.78515625
2019-12-10 16:26:11.400000+01:00,4.78515625
2019-12-10 16:26:11.500000+01:00,4.779052734375
2019-12-10 16:26:11.600000+01:00,4.779052734375
2019-12-10 16:26:11.700000+01:00,4.78515625
2019-12-10 16:26:11.800000+01:00,4.78515625
2019-12-10 16:26:11.900000+01:00,4.78515625
2019-12-10 16:26:12+01:00,4.78515625
2019-12-10 16:26:12.100000+01:00,4.791259765625
2019-12-10 16:26:12.200000+01:00,4.791259765625
2019-12-10 16:26:12.300000+01:00,4.78515625
2019-12-10 16:26:12.400000+01:00,4.78515625
2019-12-10 16:26:12.500000+01:00,4.791259765625
2019-12-10 16:26:12.600000+01:00,4.791259765625
2019-12-10 16:26:12.700000+01:00,4.791259765625
2019-12-10 16:26:12.800000+01:00,4.8095703125
2019-12-10 16:26:12.900000+01:00,4.8095703125
2019-12-10 16:26:13+01:00,4.8095703125
2019-12-10 16:26:13.100000+01:00,4.79736328125
2019-12-10 16:26:13.200000+01:00,4.79736328125
2019-12-10 16:26:13.300000+01:00,4.791259765625
2019-12-10 16:26:13.400000+01:00,4.791259765625
2019-12-10 16:26:13.500000+01:00,4.791259765625
2019-12-10 16:26:13.600000+01:00,4.791259765625
2019-12-10 16:26:13.700000+01:00,4.791259765625
2019-12-10 16:26:13.800000+01:00,4.79736328125
2019-12-10 16:26:13.900000+01:00,4.79736328125
2019-12-10 16:26:14+01:00,4.79736328125
2019-12-10 16:26:14.100000+01:00,4.79736328125
2019-12-10 16:26:14.200000+01:00,4.791259765625
2019-12-10 16:26:14.300000+01:00,4.791259765625
2019-12-10 16:26:14.400000+01:00,4.803466796875
2019-12-10 16:26:14.500000+01:00,4.803466796875
2019-12-10 16:26:14.600000+01:00,4.79736328125
2019-12-10 16:26:14.700000+01:00,4.79736328125
2019-12-10 16:26:14.800000+01:00,4.79736328125
2019-12-10 16:26:14.900000+01:00,4.78515625
2019-12-10 16:26:15+01:00,4.78515625
2019-12-10 16:26:15.100000+01:00,4.803466796875
2019-12-10 16:26:15.200000+01:00,4.803466796875
2019-12-10 16:26:15.300000+01:00,4.79736328125
2019-12-10 16:26:15.400000+01:00,4.79736328125
2019-12-10 16:26:15.500000+01:00,4.79736328125
2019-12-10 16:26:15.600000+01:00,4.79736328125
2019-12-10 16:26:15.700000+01:00,4.803466796875
2019-12-10 16:26:15.800000+01:00,4.803466796875
2019-12-10 16:26:15.900000+01:00,4.8095703125
2019-12-10 16:26:16+01:00,4.8095703125
2019-12-10 16:26:16.100000+01:00,4.8095703125
2019-12-10 16:26:16.200000+01:00,4.815673828125
2019-12-10 16:26:16.300000+01:00,4.815673828125
2019-12-10 16:26:16.400000+01:00,4.815673828125
2019-12-10 16:26:16.500000+01:00,4.815673828125
2019-12-10 16:26:16.600000+01:00,4.815673828125
2019-12-10 16:26:16.700000+01:00,4.8095703125
2019-12-10 16:26:16.800000+01:00,4.8095703125
2019-12-10 16:26:16.900000+01:00,4.8095703125
2019-12-10 16:26:17+01:00,6.097412109375
2019-12-10 16:26:17.100000+01:00,6.097412109375
2019-12-10 16:26:17.200000+01:00,5.841064453125
2019-12-10 16:26:17.300000+01:00,5.841064453125
2019-12-10 16:26:17.400000+01:00,5.841064453125
2019-12-10 16:26:17.500000+01:00,4.55322265625
2019-12-10 16:26:17.600000+01:00,4.55322265625
2019-12-10 16:26:17.700000+01:00,4.55322265625
2019-12-10 16:26:17.800000+01:00,4.736328125
2019-12-10 16:26:17.900000+01:00,4.736328125
2019-12-10 16:26:18+01:00,4.736328125
2019-12-10 16:26:18.100000+01:00,4.736328125
2019-12-10 16:26:18.200000+01:00,4.736328125
2019-12-10 16:26:18.300000+01:00,4.7607421875
2019-12-10 16:26:18.400000+01:00,4.7607421875
2019-12-10 16:26:18.500000+01:00,4.766845703125
2019-12-10 16:26:18.600000+01:00,4.766845703125
2019-12-10 16:26:18.700000+01:00,4.754638671875
2019-12-10 16:26:18.800000+01:00,4.754638671875
2019-12-10 16:26:18.900000+01:00,4.754638671875
2019-12-10 16:26:19+01:00,4.754638671875
2019-12-10 16:26:19.100000+01:00,4.78515625
2019-12-10 16:26:19.200000+01:00,4.78515625
2019-12-10 16:26:19.300000+01:00,4.766845703125
2019-12-10 16:26:19.400000+01:00,4.766845703125
2019-12-10 16:26:19.500000+01:00,4.766845703125
2019-12-10 16:26:19.600000+01:00,4.77294921875
2019-12-10 16:26:19.700000+01:00,4.77294921875
2019-12-10 16:26:19.800000+01:00,4.78515625
2019-12-10 16:26:19.900000+01:00,4.78515625
2019-12-10 16:26:20+01:00,4.78515625
2019-12-10 16:26:20.100000+01:00,4.78515625
2019-12-10 16:26:20.200000+01:00,4.78515625
2019-12-10 16:26:20.300000+01:00,4.78515625
2019-12-10 16:26:20.400000+01:00,4.766845703125
2019-12-10 16:26:20.500000+01:00,4.766845703125
2019-12-10 16:26:20.600000+01:00,4.791259765625
2019-12-10 16:26:20.700000+01:00,4.791259765625
2019-12-10 16:26:20.800000+01:00,4.77294921875
2019-12-10 16:26:20.900000+01:00,4.77294921875
2019-12-10 16:26:21+01:00,4.77294921875
2019-12-10 16:26:21.100000+01:00,4.77294921875
2019-12-10 16:26:21.200000+01:00,4.77294921875
2019-12-10 16:26:21.300000+01:00,4.77294921875
2019-12-10 16:26:21.400000+01:00,4.78515625
2019-12-10 16:26:21.500000+01:00,4.78515625
2019-12-10 16:26:21.600000+01:00,4.78515625
2019-12-10 16:26:21.700000+01:00,4.77294921875
2019-12-10 16:26:21.800000+01:00,4.77294921875
2019-12-10 16:26:21.900000+01:00,4.78515625
2019-12-10 16:26:22+01:00,4.78515625
2019-12-10 16:26:22.100000+01:00,4.766845703125
2019-12-10 16:26:22.200000+01:00,4.766845703125
2019-12-10 16:26:22.300000+01:00,4.766845703125
2019-12-10 16:26:22.400000+01:00,4.779052734375
2019-12-10 16:26:22.500000+01:00,4.779052734375
2019-12-10 16:26:22.600000+01:00,4.779052734375
2019-12-10 16:26:22.700000+01:00,4.77294921875
2019-12-10 16:26:22.800000+01:00,4.77294921875
2019-12-10 16:26:22.900000+01:00,4.77294921875
2019-12-10 16:26:23+01:00,4.77294921875
2019-12-10 16:26:23.100000+01:00,4.77294921875
2019-12-10 16:26:23.200000+01:00,4.78515625
2019-12-10 16:26:23.300000+01:00,4.78515625
2019-12-10 16:26:23.400000+01:00,4.791259765625
2019-12-10 16:26:23.500000+01:00,4.791259765625
2019-12-10 16:26:23.600000+01:00,4.791259765625
2019-12-10 16:26:23.700000+01:00,4.791259765625
2019-12-10 16:26:23.800000+01:00,4.791259765625
2019-12-10 16:26:23.900000+01:00,4.791259765625
2019-12-10 16:26:24+01:00,4.78515625
2019-12-10 16:26:24.100000+01:00,4.78515625
2019-12-10 16:26:24.200000+01:00,4.79736328125
2019-12-10 16:26:24.300000+01:00,4.79736328125
2019-12-10 16:26:24.400000+01:00,4.79736328125
2019-12-10 16:26:24.500000+01:00,4.779052734375
2019-12-10 16:26:24.600000+01:00,4.779052734375
2019-12-10 16:26:24.700000+01:00,4.78515625
2019-12-10 16:26:24.800000+01:00,4.78515625
2019-12-10 16:26:24.900000+01:00,4.78515625
2019-12-10 16:26:25+01:00,4.78515625
2019-12-10 16:26:25.100000+01:00,4.77294921875
2019-12-10 16:26:25.200000+01:00,4.77294921875
2019-12-10 16:26:25.300000+01:00,4.779052734375
2019-12-10 16:26:25.400000+01:00,4.779052734375
2019-12-10 16:26:25.500000+01:00,4.766845703125
2019-12-10 16:26:25.600000+01:00,4.766845703125
2019-12-10 16:26:25.700000+01:00,4.766845703125
2019-12-10 16:26:25.800000+01:00,4.779052734375
2019-12-10 16:26:25.900000+01:00,4.779052734375
2019-12-10 16:26:26+01:00,4.779052734375
2019-12-10 16:26:26.100000+01:00,4.791259765625
2019-12-10 16:26:26.200000+01:00,4.791259765625
2019-12-10 16:26:26.300000+01:00,4.7607421875
2019-12-10 16:26:26.400000+01:00,4.7607421875
2019-12-10 16:26:26.500000+01:00,4.7607421875
2019-12-10 16:26:26.600000+01:00,4.79736328125
2019-12-10 16:26:26.700000+01:00,4.79736328125
2019-12-10 16:26:26.800000+01:00,4.77294921875
2019-12-10 16:26:26.900000+01:00,4.77294921875
2019-12-10 16:26:27+01:00,4.77294921875
2019-12-10 16:26:27.100000+01:00,4.84619140625
2019-12-10 16:26:27.200000+01:00,4.84619140625
2019-12-10 16:26:27.300000+01:00,4.84619140625
2019-12-10 16:26:27.400000+01:00,4.96826171875
2019-12-10 16:26:27.500000+01:00,4.96826171875
2019-12-10 16:26:27.600000+01:00,5.047607421875
2019-12-10 16:26:27.700000+01:00,5.047607421875
2019-12-10 16:26:27.800000+01:00,5.047607421875
2019-12-10 16:26:27.900000+01:00,4.87060546875
2019-12-10 16:26:28+01:00,4.87060546875
2019-12-10 16:26:28.100000+01:00,5.084228515625
2019-12-10 16:26:28.200000+01:00,5.084228515625
2019-12-10 16:26:28.300000+01:00,5.084228515625
2019-12-10 16:26:28.400000+01:00,5.084228515625
2019-12-10 16:26:28.500000+01:00,1.873779296875
2019-12-10 16:26:28.600000+01:00,1.873779296875
2019-12-10 16:26:28.700000+01:00,5.3955078125
2019-12-10 16:26:28.800000+01:00,5.3955078125
2019-12-10 16:26:28.900000+01:00,5.3955078125
2019-12-10 16:26:29+01:00,13.5986328125
2019-12-10 16:26:29.100000+01:00,13.5986328125
2019-12-10 16:26:29.200000+01:00,11.895751953125
2019-12-10 16:26:29.300000+01:00,11.895751953125
2019-12-10 16:26:29.400000+01:00,10.546875
2019-12-10 16:26:29.500000+01:00,10.546875
2019-12-10 16:26:29.600000+01:00,10.546875
2019-12-10 16:26:29.700000+01:00,10.546875
2019-12-10 16:26:29.800000+01:00,10.601806640625
2019-12-10 16:26:29.900000+01:00,10.601806640625
2019-12-10 16:26:30+01:00,10.565185546875
2019-12-10 16:26:30.100000+01:00,10.565185546875
2019-12-10 16:26:30.200000+01:00,10.5224609375
2019-12-10 16:26:30.300000+01:00,10.5224609375
2019-12-10 16:26:30.400000+01:00,10.5224609375
2019-12-10 16:26:30.500000+01:00,10.479736328125
2019-12-10 16:26:30.600000+01:00,10.479736328125
2019-12-10 16:26:30.700000+01:00,10.443115234375
2019-12-10 16:26:30.800000+01:00,10.443115234375
2019-12-10 16:26:30.900000+01:00,10.443115234375
2019-12-10 16:26:31+01:00,10.443115234375
2019-12-10 16:26:31.100000+01:00,10.418701171875
2019-12-10 16:26:31.200000+01:00,10.418701171875
2019-12-10 16:26:31.300000+01:00,10.400390625
2019-12-10 16:26:31.400000+01:00,10.400390625
2019-12-10 16:26:31.500000+01:00,10.809326171875
2019-12-10 16:26:31.600000+01:00,10.809326171875
2019-12-10 16:26:31.700000+01:00,10.809326171875
2019-12-10 16:26:31.800000+01:00,13.0859375
2019-12-10 16:26:31.900000+01:00,13.0859375
2019-12-10 16:26:32+01:00,13.0859375
2019-12-10 16:26:32.100000+01:00,13.671875
2019-12-10 16:26:32.200000+01:00,13.671875
2019-12-10 16:26:32.300000+01:00,14.111328125
2019-12-10 16:26:32.400000+01:00,14.111328125
2019-12-10 16:26:32.500000+01:00,14.111328125
2019-12-10 16:26:32.600000+01:00,14.46533203125
2019-12-10 16:26:32.700000+01:00,14.46533203125
2019-12-10 16:26:32.800000+01:00,14.703369140625
2019-12-10 16:26:32.900000+01:00,14.703369140625
2019-12-10 16:26:33+01:00,14.703369140625
2019-12-10 16:26:33.100000+01:00,14.801025390625
2019-12-10 16:26:33.200000+01:00,14.801025390625
2019-12-10 16:26:33.300000+01:00,14.801025390625
2019-12-10 16:26:33.400000+01:00,14.85595703125
2019-12-10 16:26:33.500000+01:00,14.85595703125
2019-12-10 16:26:33.600000+01:00,14.801025390625
2019-12-10 16:26:33.700000+01:00,14.801025390625
2019-12-10 16:26:33.800000+01:00,14.801025390625
2019-12-10 16:26:33.900000+01:00,14.837646484375
2019-12-10 16:26:34+01:00,14.837646484375
2019-12-10 16:26:34.100000+01:00,14.7216796875
2019-12-10 16:26:34.200000+01:00,14.7216796875
2019-12-10 16:26:34.300000+01:00,14.7216796875
2019-12-10 16:26:34.400000+01:00,14.7216796875
2019-12-10 16:26:34.500000+01:00,14.776611328125
2019-12-10 16:26:34.600000+01:00,14.776611328125
2019-12-10 16:26:34.700000+01:00,14.825439453125
2019-12-10 16:26:34.800000+01:00,14.825439453125
2019-12-10 16:26:34.900000+01:00,14.788818359375
2019-12-10 16:26:35+01:00,14.788818359375
2019-12-10 16:26:35.100000+01:00,14.788818359375
2019-12-10 16:26:35.200000+01:00,14.78271484375
2019-12-10 16:26:35.300000+01:00,14.78271484375
2019-12-10 16:26:35.400000+01:00,14.898681640625
2019-12-10 16:26:35.500000+01:00,14.898681640625
2019-12-10 16:26:35.600000+01:00,14.898681640625
2019-12-10 16:26:35.700000+01:00,14.85595703125
2019-12-10 16:26:35.800000+01:00,14.85595703125
2019-12-10 16:26:35.900000+01:00,14.85595703125
2019-12-10 16:26:36+01:00,14.886474609375
2019-12-10 16:26:36.100000+01:00,14.886474609375
2019-12-10 16:26:36.200000+01:00,14.898681640625
2019-12-10 16:26:36.300000+01:00,14.898681640625
2019-12-10 16:26:36.400000+01:00,14.898681640625
2019-12-10 16:26:36.500000+01:00,14.801025390625
2019-12-10 16:26:36.600000+01:00,14.801025390625
2019-12-10 16:26:36.700000+01:00,14.801025390625
2019-12-10 16:26:36.800000+01:00,14.8681640625
2019-12-10 16:26:36.900000+01:00,14.8681640625
2019-12-10 16:26:37+01:00,14.849853515625
2019-12-10 16:26:37.100000+01:00,14.849853515625
2019-12-10 16:26:37.200000+01:00,14.849853515625
2019-12-10 16:26:37.300000+01:00,14.813232421875
2019-12-10 16:26:37.400000+01:00,14.813232421875
2019-12-10 16:26:37.500000+01:00,14.75830078125
2019-12-10 16:26:37.600000+01:00,14.75830078125
2019-12-10 16:26:37.700000+01:00,14.892578125
2019-12-10 16:26:37.800000+01:00,14.892578125
2019-12-10 16:26:37.900000+01:00,14.892578125
2019-12-10 16:26:38+01:00,14.892578125
2019-12-10 16:26:38.100000+01:00,14.825439453125
2019-12-10 16:26:38.200000+01:00,14.825439453125
2019-12-10 16:26:38.300000+01:00,14.825439453125
2019-12-10 16:26:38.400000+01:00,14.825439453125
2019-12-10 16:26:38.500000+01:00,14.825439453125
2019-12-10 16:26:38.600000+01:00,14.8681640625
2019-12-10 16:26:38.700000+01:00,14.8681640625
2019-12-10 16:26:38.800000+01:00,14.874267578125
2019-12-10 16:26:38.900000+01:00,14.874267578125
2019-12-10 16:26:39+01:00,14.813232421875
2019-12-10 16:26:39.100000+01:00,14.813232421875
2019-12-10 16:26:39.200000+01:00,14.813232421875
2019-12-10 16:26:39.300000+01:00,14.813232421875
2019-12-10 16:26:39.400000+01:00,14.825439453125
2019-12-10 16:26:39.500000+01:00,14.825439453125
2019-12-10 16:26:39.600000+01:00,14.801025390625
2019-12-10 16:26:39.700000+01:00,14.801025390625
2019-12-10 16:26:39.800000+01:00,14.801025390625
2019-12-10 16:26:39.900000+01:00,14.84375
2019-12-10 16:26:40+01:00,14.84375
2019-12-10 16:26:40.100000+01:00,14.776611328125
2019-12-10 16:26:40.200000+01:00,14.776611328125
2019-12-10 16:26:40.300000+01:00,14.776611328125
2019-12-10 16:26:40.400000+01:00,14.764404296875
2019-12-10 16:26:40.500000+01:00,14.764404296875
2019-12-10 16:26:40.600000+01:00,14.764404296875
2019-12-10 16:26:40.700000+01:00,14.794921875
2019-12-10 16:26:40.800000+01:00,14.794921875
2019-12-10 16:26:40.900000+01:00,14.794921875
2019-12-10 16:26:41+01:00,14.794921875
2019-12-10 16:26:41.100000+01:00,14.83154296875
2019-12-10 16:26:41.200000+01:00,14.83154296875
2019-12-10 16:26:41.300000+01:00,14.83154296875
2019-12-10 16:26:41.400000+01:00,14.83154296875
2019-12-10 16:26:41.500000+01:00,14.70947265625
2019-12-10 16:26:41.600000+01:00,14.70947265625
2019-12-10 16:26:41.700000+01:00,14.752197265625
2019-12-10 16:26:41.800000+01:00,14.752197265625
2019-12-10 16:26:41.900000+01:00,14.752197265625
2019-12-10 16:26:42+01:00,14.73388671875
2019-12-10 16:26:42.100000+01:00,14.73388671875
2019-12-10 16:26:42.200000+01:00,13.824462890625
2019-12-10 16:26:42.300000+01:00,13.824462890625
2019-12-10 16:26:42.400000+01:00,11.71875
2019-12-10 16:26:42.500000+01:00,11.71875
2019-12-10 16:26:42.600000+01:00,11.71875
2019-12-10 16:26:42.700000+01:00,11.71875
2019-12-10 16:26:42.800000+01:00,9.85107421875
2019-12-10 16:26:42.900000+01:00,9.85107421875
2019-12-10 16:26:43+01:00,9.918212890625
2019-12-10 16:26:43.100000+01:00,9.918212890625
2019-12-10 16:26:43.200000+01:00,10.003662109375
2019-12-10 16:26:43.300000+01:00,10.003662109375
2019-12-10 16:26:43.400000+01:00,10.003662109375
2019-12-10 16:26:43.500000+01:00,9.9365234375
2019-12-10 16:26:43.600000+01:00,9.9365234375
2019-12-10 16:26:43.700000+01:00,9.869384765625
2019-12-10 16:26:43.800000+01:00,9.869384765625
2019-12-10 16:26:43.900000+01:00,9.869384765625
2019-12-10 16:26:44+01:00,9.869384765625
2019-12-10 16:26:44.100000+01:00,10.24169921875
2019-12-10 16:26:44.200000+01:00,10.24169921875
2019-12-10 16:26:44.300000+01:00,10.040283203125
2019-12-10 16:26:44.400000+01:00,10.040283203125
2019-12-10 16:26:44.500000+01:00,10.125732421875
2019-12-10 16:26:44.600000+01:00,10.125732421875
2019-12-10 16:26:44.700000+01:00,10.125732421875
2019-12-10 16:26:44.800000+01:00,9.893798828125
2019-12-10 16:26:44.900000+01:00,9.893798828125
2019-12-10 16:26:45+01:00,9.893798828125
2019-12-10 16:26:45.100000+01:00,6.512451171875
2019-12-10 16:26:45.200000+01:00,6.512451171875
2019-12-10 16:26:45.300000+01:00,5.60302734375
2019-12-10 16:26:45.400000+01:00,5.60302734375
2019-12-10 16:26:45.500000+01:00,5.60302734375
2019-12-10 16:26:45.600000+01:00,5.670166015625
2019-12-10 16:26:45.700000+01:00,5.670166015625
2019-12-10 16:26:45.800000+01:00,5.74951171875
2019-12-10 16:26:45.900000+01:00,5.74951171875
2019-12-10 16:26:46+01:00,5.74951171875
2019-12-10 16:26:46.100000+01:00,5.74951171875
2019-12-10 16:26:46.200000+01:00,5.77392578125
2019-12-10 16:26:46.300000+01:00,5.77392578125
2019-12-10 16:26:46.400000+01:00,5.804443359375
2019-12-10 16:26:46.500000+01:00,5.804443359375
2019-12-10 16:26:46.600000+01:00,5.82275390625
2019-12-10 16:26:46.700000+01:00,5.82275390625
2019-12-10 16:26:46.800000+01:00,5.82275390625
2019-12-10 16:26:46.900000+01:00,5.853271484375
2019-12-10 16:26:47+01:00,5.853271484375
2019-12-10 16:26:47.100000+01:00,5.859375
2019-12-10 16:26:47.200000+01:00,5.859375
2019-12-10 16:26:47.300000+01:00,5.859375
2019-12-10 16:26:47.400000+01:00,5.859375
2019-12-10 16:26:47.500000+01:00,5.865478515625
2019-12-10 16:26:47.600000+01:00,5.865478515625
2019-12-10 16:26:47.700000+01:00,5.89599609375
2019-12-10 16:26:47.800000+01:00,5.89599609375
2019-12-10 16:26:47.900000+01:00,5.877685546875
2019-12-10 16:26:48+01:00,5.877685546875
2019-12-10 16:26:48.100000+01:00,5.877685546875
2019-12-10 16:26:48.200000+01:00,5.89599609375
2019-12-10 16:26:48.300000+01:00,5.89599609375
2019-12-10 16:26:48.400000+01:00,5.902099609375
2019-12-10 16:26:48.500000+01:00,5.902099609375
2019-12-10 16:26:48.600000+01:00,5.902099609375
2019-12-10 16:26:48.700000+01:00,5.92041015625
2019-12-10 16:26:48.800000+01:00,5.92041015625
2019-12-10 16:26:48.900000+01:00,5.92041015625
2019-12-10 16:26:49+01:00,5.9326171875
2019-12-10 16:26:49.100000+01:00,5.9326171875
2019-12-10 16:26:49.200000+01:00,5.938720703125
2019-12-10 16:26:49.300000+01:00,5.938720703125
2019-12-10 16:26:49.400000+01:00,5.938720703125
2019-12-10 16:26:49.500000+01:00,5.94482421875
2019-12-10 16:26:49.600000+01:00,5.94482421875
2019-12-10 16:26:49.700000+01:00,5.938720703125
2019-12-10 16:26:49.800000+01:00,5.938720703125
2019-12-10 16:26:49.900000+01:00,5.938720703125
2019-12-10 16:26:50+01:00,5.950927734375
2019-12-10 16:26:50.100000+01:00,5.950927734375
2019-12-10 16:26:50.200000+01:00,5.950927734375
2019-12-10 16:26:50.300000+01:00,5.963134765625
2019-12-10 16:26:50.400000+01:00,5.963134765625
2019-12-10 16:26:50.500000+01:00,5.999755859375
2019-12-10 16:26:50.600000+01:00,5.999755859375
2019-12-10 16:26:50.700000+01:00,5.99365234375
2019-12-10 16:26:50.800000+01:00,5.99365234375
2019-12-10 16:26:50.900000+01:00,5.99365234375
2019-12-10 16:26:51+01:00,5.99365234375
2019-12-10 16:26:51.100000+01:00,6.036376953125
2019-12-10 16:26:51.200000+01:00,6.036376953125
2019-12-10 16:26:51.300000+01:00,6.0302734375
2019-12-10 16:26:51.400000+01:00,6.0302734375
2019-12-10 16:26:51.500000+01:00,6.0302734375
2019-12-10 16:26:51.600000+01:00,5.999755859375
2019-12-10 16:26:51.700000+01:00,5.999755859375
2019-12-10 16:26:51.800000+01:00,6.11572265625
2019-12-10 16:26:51.900000+01:00,6.11572265625
2019-12-10 16:26:52+01:00,6.109619140625
2019-12-10 16:26:52.100000+01:00,6.109619140625
2019-12-10 16:26:52.200000+01:00,6.109619140625
2019-12-10 16:26:52.300000+01:00,6.109619140625
2019-12-10 16:26:52.400000+01:00,5.950927734375
2019-12-10 16:26:52.500000+01:00,5.950927734375
2019-12-10 16:26:52.600000+01:00,5.72509765625
2019-12-10 16:26:52.700000+01:00,5.72509765625
2019-12-10 16:26:52.800000+01:00,5.72509765625
2019-12-10 16:26:52.900000+01:00,6.09130859375
2019-12-10 16:26:53+01:00,6.09130859375
2019-12-10 16:26:53.100000+01:00,6.121826171875
2019-12-10 16:26:53.200000+01:00,6.121826171875
2019-12-10 16:26:53.300000+01:00,6.121826171875
2019-12-10 16:26:53.400000+01:00,6.06689453125
2019-12-10 16:26:53.500000+01:00,6.06689453125
2019-12-10 16:26:53.600000+01:00,6.06689453125
2019-12-10 16:26:53.700000+01:00,6.011962890625
2019-12-10 16:26:53.800000+01:00,6.011962890625
2019-12-10 16:26:53.900000+01:00,6.0791015625
2019-12-10 16:26:54+01:00,6.0791015625
2019-12-10 16:26:54.100000+01:00,5.914306640625
2019-12-10 16:26:54.200000+01:00,5.914306640625
2019-12-10 16:26:54.300000+01:00,5.914306640625
2019-12-10 16:26:54.400000+01:00,5.914306640625
2019-12-10 16:26:54.500000+01:00,10.211181640625
2019-12-10 16:26:54.600000+01:00,10.211181640625
2019-12-10 16:26:54.700000+01:00,13.336181640625
2019-12-10 16:26:54.800000+01:00,13.336181640625
2019-12-10 16:26:54.900000+01:00,13.336181640625
2019-12-10 16:26:55+01:00,10.2294921875
2019-12-10 16:26:55.100000+01:00,10.2294921875
2019-12-10 16:26:55.200000+01:00,10.455322265625
2019-12-10 16:26:55.300000+01:00,10.455322265625
2019-12-10 16:26:55.400000+01:00,10.467529296875
2019-12-10 16:26:55.500000+01:00,10.467529296875
2019-12-10 16:26:55.600000+01:00,10.467529296875
2019-12-10 16:26:55.700000+01:00,10.467529296875
2019-12-10 16:26:55.800000+01:00,10.4248046875
2019-12-10 16:26:55.900000+01:00,10.4248046875
2019-12-10 16:26:56+01:00,10.394287109375
2019-12-10 16:26:56.100000+01:00,10.394287109375
2019-12-10 16:26:56.200000+01:00,10.357666015625
2019-12-10 16:26:56.300000+01:00,10.357666015625
2019-12-10 16:26:56.400000+01:00,10.357666015625
2019-12-10 16:26:56.500000+01:00,10.33935546875
2019-12-10 16:26:56.600000+01:00,10.33935546875
2019-12-10 16:26:56.700000+01:00,13.006591796875
2019-12-10 16:26:56.800000+01:00,13.006591796875
2019-12-10 16:26:56.900000+01:00,13.006591796875
2019-12-10 16:26:57+01:00,13.006591796875
2019-12-10 16:26:57.100000+01:00,13.18359375
2019-12-10 16:26:57.200000+01:00,13.18359375
2019-12-10 16:26:57.300000+01:00,13.226318359375
2019-12-10 16:26:57.400000+01:00,13.226318359375
2019-12-10 16:26:57.500000+01:00,13.28125
2019-12-10 16:26:57.600000+01:00,13.28125
2019-12-10 16:26:57.700000+01:00,13.28125
2019-12-10 16:26:57.800000+01:00,13.29345703125
2019-12-10 16:26:57.900000+01:00,13.29345703125
2019-12-10 16:26:58+01:00,13.299560546875
2019-12-10 16:26:58.100000+01:00,13.299560546875
2019-12-10 16:26:58.200000+01:00,13.299560546875
2019-12-10 16:26:58.300000+01:00,13.299560546875
2019-12-10 16:26:58.400000+01:00,13.34228515625
2019-12-10 16:26:58.500000+01:00,13.34228515625
2019-12-10 16:26:58.600000+01:00,13.385009765625
2019-12-10 16:26:58.700000+01:00,13.385009765625
2019-12-10 16:26:58.800000+01:00,13.372802734375
2019-12-10 16:26:58.900000+01:00,13.372802734375
2019-12-10 16:26:59+01:00,13.372802734375
2019-12-10 16:26:59.100000+01:00,13.37890625
2019-12-10 16:26:59.200000+01:00,13.37890625
2019-12-10 16:26:59.300000+01:00,13.37890625
2019-12-10 16:26:59.400000+01:00,13.37890625
2019-12-10 16:26:59.500000+01:00,13.37890625
2019-12-10 16:26:59.600000+01:00,13.37890625
2019-12-10 16:26:59.700000+01:00,13.37890625
2019-12-10 16:26:59.800000+01:00,13.37890625
2019-12-10 16:26:59.900000+01:00,13.36669921875
2019-12-10 16:27:00+01:00,13.36669921875
2019-12-10 16:27:00.100000+01:00,13.397216796875
2019-12-10 16:27:00.200000+01:00,13.397216796875
2019-12-10 16:27:00.300000+01:00,13.397216796875
2019-12-10 16:27:00.400000+01:00,13.397216796875
2019-12-10 16:27:00.500000+01:00,13.385009765625
2019-12-10 16:27:00.600000+01:00,13.385009765625
2019-12-10 16:27:00.700000+01:00,13.385009765625
2019-12-10 16:27:00.800000+01:00,13.385009765625
2019-12-10 16:27:00.900000+01:00,13.385009765625
2019-12-10 16:27:01+01:00,13.385009765625
2019-12-10 16:27:01.100000+01:00,13.385009765625
2019-12-10 16:27:01.200000+01:00,13.397216796875
2019-12-10 16:27:01.300000+01:00,13.397216796875
2019-12-10 16:27:01.400000+01:00,13.3544921875
2019-12-10 16:27:01.500000+01:00,13.3544921875
2019-12-10 16:27:01.600000+01:00,13.372802734375
2019-12-10 16:27:01.700000+01:00,13.372802734375
2019-12-10 16:27:01.800000+01:00,13.372802734375
2019-12-10 16:27:01.900000+01:00,13.372802734375
2019-12-10 16:27:02+01:00,13.336181640625
2019-12-10 16:27:02.100000+01:00,13.336181640625
2019-12-10 16:27:02.200000+01:00,13.330078125
2019-12-10 16:27:02.300000+01:00,13.330078125
2019-12-10 16:27:02.400000+01:00,13.330078125
2019-12-10 16:27:02.500000+01:00,13.323974609375
2019-12-10 16:27:02.600000+01:00,13.323974609375
2019-12-10 16:27:02.700000+01:00,13.323974609375
2019-12-10 16:27:02.800000+01:00,13.323974609375
2019-12-10 16:27:02.900000+01:00,13.323974609375
2019-12-10 16:27:03+01:00,13.299560546875
2019-12-10 16:27:03.100000+01:00,13.299560546875
2019-12-10 16:27:03.200000+01:00,13.299560546875
2019-12-10 16:27:03.300000+01:00,13.287353515625
2019-12-10 16:27:03.400000+01:00,13.287353515625
2019-12-10 16:27:03.500000+01:00,13.287353515625
2019-12-10 16:27:03.600000+01:00,13.287353515625
2019-12-10 16:27:03.700000+01:00,13.287353515625
2019-12-10 16:27:03.800000+01:00,13.29345703125
2019-12-10 16:27:03.900000+01:00,13.29345703125
2019-12-10 16:27:04+01:00,13.29345703125
2019-12-10 16:27:04.100000+01:00,13.250732421875
2019-12-10 16:27:04.200000+01:00,13.250732421875
2019-12-10 16:27:04.300000+01:00,13.24462890625
2019-12-10 16:27:04.400000+01:00,13.24462890625
2019-12-10 16:27:04.500000+01:00,13.24462890625
2019-12-10 16:27:04.600000+01:00,12.786865234375
2019-12-10 16:27:04.700000+01:00,12.786865234375
2019-12-10 16:27:04.800000+01:00,11.31591796875
2019-12-10 16:27:04.900000+01:00,11.31591796875
2019-12-10 16:27:05+01:00,10.107421875
2019-12-10 16:27:05.100000+01:00,10.107421875
2019-12-10 16:27:05.200000+01:00,10.107421875
2019-12-10 16:27:05.300000+01:00,10.107421875
2019-12-10 16:27:05.400000+01:00,10.101318359375
2019-12-10 16:27:05.500000+01:00,10.101318359375
2019-12-10 16:27:05.600000+01:00,10.247802734375
2019-12-10 16:27:05.700000+01:00,10.247802734375
2019-12-10 16:27:05.800000+01:00,10.247802734375
2019-12-10 16:27:05.900000+01:00,10.040283203125
2019-12-10 16:27:06+01:00,10.040283203125
2019-12-10 16:27:06.100000+01:00,10.064697265625
2019-12-10 16:27:06.200000+01:00,10.064697265625
2019-12-10 16:27:06.300000+01:00,10.07080078125
2019-12-10 16:27:06.400000+01:00,10.07080078125
2019-12-10 16:27:06.500000+01:00,10.07080078125
2019-12-10 16:27:06.600000+01:00,10.07080078125
2019-12-10 16:27:06.700000+01:00,10.05859375
2019-12-10 16:27:06.800000+01:00,10.05859375
2019-12-10 16:27:06.900000+01:00,10.05859375
2019-12-10 16:27:07+01:00,10.05859375
2019-12-10 16:27:07.100000+01:00,10.11962890625
2019-12-10 16:27:07.200000+01:00,10.11962890625
2019-12-10 16:27:07.300000+01:00,10.11962890625
2019-12-10 16:27:07.400000+01:00,12.58544921875
2019-12-10 16:27:07.500000+01:00,12.58544921875
2019-12-10 16:27:07.600000+01:00,12.58544921875
2019-12-10 16:27:07.700000+01:00,12.689208984375
2019-12-10 16:27:07.800000+01:00,12.689208984375
2019-12-10 16:27:07.900000+01:00,12.689208984375
2019-12-10 16:27:08+01:00,12.6953125
2019-12-10 16:27:08.100000+01:00,12.6953125
2019-12-10 16:27:08.200000+01:00,12.689208984375
2019-12-10 16:27:08.300000+01:00,12.689208984375
2019-12-10 16:27:08.400000+01:00,12.68310546875
2019-12-10 16:27:08.500000+01:00,12.68310546875
2019-12-10 16:27:08.600000+01:00,12.68310546875
2019-12-10 16:27:08.700000+01:00,12.68310546875
2019-12-10 16:27:08.800000+01:00,12.68310546875
2019-12-10 16:27:08.900000+01:00,12.68310546875
2019-12-10 16:27:09+01:00,12.701416015625
2019-12-10 16:27:09.100000+01:00,12.701416015625
2019-12-10 16:27:09.200000+01:00,12.701416015625
2019-12-10 16:27:09.300000+01:00,12.73193359375
2019-12-10 16:27:09.400000+01:00,12.73193359375
2019-12-10 16:27:09.500000+01:00,12.725830078125
2019-12-10 16:27:09.600000+01:00,12.725830078125
2019-12-10 16:27:09.700000+01:00,12.79296875
2019-12-10 16:27:09.800000+01:00,12.79296875
2019-12-10 16:27:09.900000+01:00,12.79296875
2019-12-10 16:27:10+01:00,12.79296875
2019-12-10 16:27:10.100000+01:00,12.811279296875
2019-12-10 16:27:10.200000+01:00,12.811279296875
2019-12-10 16:27:10.300000+01:00,12.847900390625
2019-12-10 16:27:10.400000+01:00,12.847900390625
2019-12-10 16:27:10.500000+01:00,12.890625
2019-12-10 16:27:10.600000+01:00,12.890625
2019-12-10 16:27:10.700000+01:00,12.890625
2019-12-10 16:27:10.800000+01:00,12.957763671875
2019-12-10 16:27:10.900000+01:00,12.957763671875
2019-12-10 16:27:11+01:00,13.037109375
2019-12-10 16:27:11.100000+01:00,13.037109375
2019-12-10 16:27:11.200000+01:00,13.037109375
2019-12-10 16:27:11.300000+01:00,13.037109375
2019-12-10 16:27:11.400000+01:00,13.055419921875
2019-12-10 16:27:11.500000+01:00,13.055419921875
2019-12-10 16:27:11.600000+01:00,13.104248046875
2019-12-10 16:27:11.700000+01:00,13.104248046875
2019-12-10 16:27:11.800000+01:00,13.1103515625
2019-12-10 16:27:11.900000+01:00,13.1103515625
2019-12-10 16:27:12+01:00,13.1103515625
2019-12-10 16:27:12.100000+01:00,13.189697265625
2019-12-10 16:27:12.200000+01:00,13.189697265625
2019-12-10 16:27:12.300000+01:00,13.189697265625
2019-12-10 16:27:12.400000+01:00,13.3544921875
2019-12-10 16:27:12.500000+01:00,13.3544921875
2019-12-10 16:27:12.600000+01:00,13.372802734375
2019-12-10 16:27:12.700000+01:00,13.372802734375
2019-12-10 16:27:12.800000+01:00,13.372802734375
2019-12-10 16:27:12.900000+01:00,13.36669921875
2019-12-10 16:27:13+01:00,13.36669921875
2019-12-10 16:27:13.100000+01:00,13.397216796875
2019-12-10 16:27:13.200000+01:00,13.397216796875
2019-12-10 16:27:13.300000+01:00,13.397216796875
2019-12-10 16:27:13.400000+01:00,13.37890625
2019-12-10 16:27:13.500000+01:00,13.37890625
2019-12-10 16:27:13.600000+01:00,13.37890625
2019-12-10 16:27:13.700000+01:00,13.36669921875
2019-12-10 16:27:13.800000+01:00,13.36669921875
2019-12-10 16:27:13.900000+01:00,13.37890625
2019-12-10 16:27:14+01:00,13.37890625
2019-12-10 16:27:14.100000+01:00,13.37890625
2019-12-10 16:27:14.200000+01:00,13.446044921875
2019-12-10 16:27:14.300000+01:00,13.446044921875
2019-12-10 16:27:14.400000+01:00,13.4521484375
2019-12-10 16:27:14.500000+01:00,13.4521484375
2019-12-10 16:27:14.600000+01:00,13.48876953125
2019-12-10 16:27:14.700000+01:00,13.48876953125
2019-12-10 16:27:14.800000+01:00,13.48876953125
2019-12-10 16:27:14.900000+01:00,13.48876953125
2019-12-10 16:27:15+01:00,13.4521484375
2019-12-10 16:27:15.100000+01:00,13.4521484375
2019-12-10 16:27:15.200000+01:00,12.994384765625
2019-12-10 16:27:15.300000+01:00,12.994384765625
2019-12-10 16:27:15.400000+01:00,12.994384765625
2019-12-10 16:27:15.500000+01:00,11.474609375
2019-12-10 16:27:15.600000+01:00,11.474609375
2019-12-10 16:27:15.700000+01:00,10.02197265625
2019-12-10 16:27:15.800000+01:00,10.02197265625
2019-12-10 16:27:15.900000+01:00,10.02197265625
2019-12-10 16:27:16+01:00,9.9609375
2019-12-10 16:27:16.100000+01:00,9.9609375
2019-12-10 16:27:16.200000+01:00,9.9609375
2019-12-10 16:27:16.300000+01:00,9.893798828125
2019-12-10 16:27:16.400000+01:00,9.893798828125
2019-12-10 16:27:16.500000+01:00,9.942626953125
2019-12-10 16:27:16.600000+01:00,9.942626953125
2019-12-10 16:27:16.700000+01:00,9.942626953125
2019-12-10 16:27:16.800000+01:00,9.942626953125
2019-12-10 16:27:16.900000+01:00,9.942626953125
2019-12-10 16:27:17+01:00,9.9365234375
2019-12-10 16:27:17.100000+01:00,9.9365234375
2019-12-10 16:27:17.200000+01:00,9.9365234375
2019-12-10 16:27:17.300000+01:00,9.954833984375
2019-12-10 16:27:17.400000+01:00,9.954833984375
2019-12-10 16:27:17.500000+01:00,9.954833984375
2019-12-10 16:27:17.600000+01:00,9.954833984375
2019-12-10 16:27:17.700000+01:00,9.954833984375
2019-12-10 16:27:17.800000+01:00,9.991455078125
2019-12-10 16:27:17.900000+01:00,9.991455078125
2019-12-10 16:27:18+01:00,12.744140625
2019-12-10 16:27:18.100000+01:00,12.744140625
2019-12-10 16:27:18.200000+01:00,12.744140625
2019-12-10 16:27:18.300000+01:00,12.744140625
2019-12-10 16:27:18.400000+01:00,12.65869140625
2019-12-10 16:27:18.500000+01:00,12.65869140625
2019-12-10 16:27:18.600000+01:00,12.65869140625
2019-12-10 16:27:18.700000+01:00,12.65869140625
2019-12-10 16:27:18.800000+01:00,12.65869140625
2019-12-10 16:27:18.900000+01:00,12.6708984375
2019-12-10 16:27:19+01:00,12.6708984375
2019-12-10 16:27:19.100000+01:00,12.6708984375
2019-12-10 16:27:19.200000+01:00,12.6708984375
2019-12-10 16:27:19.300000+01:00,12.689208984375
2019-12-10 16:27:19.400000+01:00,12.689208984375
2019-12-10 16:27:19.500000+01:00,12.689208984375
2019-12-10 16:27:19.600000+01:00,12.689208984375
2019-12-10 16:27:19.700000+01:00,12.7197265625
2019-12-10 16:27:19.800000+01:00,12.7197265625
2019-12-10 16:27:19.900000+01:00,12.750244140625
2019-12-10 16:27:20+01:00,12.750244140625
2019-12-10 16:27:20.100000+01:00,12.750244140625
2019-12-10 16:27:20.200000+01:00,12.750244140625
2019-12-10 16:27:20.300000+01:00,12.750244140625
2019-12-10 16:27:20.400000+01:00,12.786865234375
2019-12-10 16:27:20.500000+01:00,12.786865234375
2019-12-10 16:27:20.600000+01:00,12.786865234375
2019-12-10 16:27:20.700000+01:00,12.774658203125
2019-12-10 16:27:20.800000+01:00,12.774658203125
2019-12-10 16:27:20.900000+01:00,12.774658203125
2019-12-10 16:27:21+01:00,12.8173828125
2019-12-10 16:27:21.100000+01:00,12.8173828125
2019-12-10 16:27:21.200000+01:00,12.835693359375
2019-12-10 16:27:21.300000+01:00,12.835693359375
2019-12-10 16:27:21.400000+01:00,12.847900390625
2019-12-10 16:27:21.500000+01:00,12.847900390625
2019-12-10 16:27:21.600000+01:00,12.847900390625
2019-12-10 16:27:21.700000+01:00,12.933349609375
2019-12-10 16:27:21.800000+01:00,12.933349609375
2019-12-10 16:27:21.900000+01:00,12.933349609375
2019-12-10 16:27:22+01:00,13.067626953125
2019-12-10 16:27:22.100000+01:00,13.067626953125
2019-12-10 16:27:22.200000+01:00,13.067626953125
2019-12-10 16:27:22.300000+01:00,13.19580078125
2019-12-10 16:27:22.400000+01:00,13.19580078125
2019-12-10 16:27:22.500000+01:00,13.275146484375
2019-12-10 16:27:22.600000+01:00,13.275146484375
2019-12-10 16:27:22.700000+01:00,13.34228515625
2019-12-10 16:27:22.800000+01:00,13.34228515625
2019-12-10 16:27:22.900000+01:00,13.34228515625
2019-12-10 16:27:23+01:00,13.34228515625
2019-12-10 16:27:23.100000+01:00,13.4033203125
2019-12-10 16:27:23.200000+01:00,13.4033203125
2019-12-10 16:27:23.300000+01:00,13.482666015625
2019-12-10 16:27:23.400000+01:00,13.482666015625
2019-12-10 16:27:23.500000+01:00,13.531494140625
2019-12-10 16:27:23.600000+01:00,13.531494140625
2019-12-10 16:27:23.700000+01:00,13.531494140625
2019-12-10 16:27:23.800000+01:00,13.568115234375
2019-12-10 16:27:23.900000+01:00,13.568115234375
2019-12-10 16:27:24+01:00,13.56201171875
2019-12-10 16:27:24.100000+01:00,13.56201171875
2019-12-10 16:27:24.200000+01:00,13.56201171875
2019-12-10 16:27:24.300000+01:00,13.56201171875
2019-12-10 16:27:24.400000+01:00,13.580322265625
2019-12-10 16:27:24.500000+01:00,13.580322265625
2019-12-10 16:27:24.600000+01:00,13.58642578125
2019-12-10 16:27:24.700000+01:00,13.58642578125
2019-12-10 16:27:24.800000+01:00,13.568115234375
2019-12-10 16:27:24.900000+01:00,13.568115234375
2019-12-10 16:27:25+01:00,13.568115234375
2019-12-10 16:27:25.100000+01:00,13.623046875
2019-12-10 16:27:25.200000+01:00,13.623046875
2019-12-10 16:27:25.300000+01:00,13.623046875
2019-12-10 16:27:25.400000+01:00,13.61083984375
2019-12-10 16:27:25.500000+01:00,13.61083984375
2019-12-10 16:27:25.600000+01:00,13.604736328125
2019-12-10 16:27:25.700000+01:00,13.604736328125
2019-12-10 16:27:25.800000+01:00,13.604736328125
2019-12-10 16:27:25.900000+01:00,11.8408203125
2019-12-10 16:27:26+01:00,11.8408203125
2019-12-10 16:27:26.100000+01:00,10.0830078125
2019-12-10 16:27:26.200000+01:00,10.0830078125
2019-12-10 16:27:26.300000+01:00,10.0830078125
2019-12-10 16:27:26.400000+01:00,9.967041015625
2019-12-10 16:27:26.500000+01:00,9.967041015625
2019-12-10 16:27:26.600000+01:00,9.967041015625
2019-12-10 16:27:26.700000+01:00,6.04248046875
2019-12-10 16:27:26.800000+01:00,6.04248046875
2019-12-10 16:27:26.900000+01:00,1.068115234375
2019-12-10 16:27:27+01:00,1.068115234375
2019-12-10 16:27:27.100000+01:00,1.068115234375
2019-12-10 16:27:27.200000+01:00,4.376220703125
2019-12-10 16:27:27.300000+01:00,4.376220703125
2019-12-10 16:27:27.400000+01:00,4.241943359375
2019-12-10 16:27:27.500000+01:00,4.241943359375
2019-12-10 16:27:27.600000+01:00,4.241943359375
2019-12-10 16:27:27.700000+01:00,4.2236328125
2019-12-10 16:27:27.800000+01:00,4.2236328125
2019-12-10 16:27:27.900000+01:00,4.2236328125
2019-12-10 16:27:28+01:00,4.26025390625
2019-12-10 16:27:28.100000+01:00,4.26025390625
2019-12-10 16:27:28.200000+01:00,4.28466796875
2019-12-10 16:27:28.300000+01:00,4.28466796875
2019-12-10 16:27:28.400000+01:00,4.28466796875
2019-12-10 16:27:28.500000+01:00,4.315185546875
2019-12-10 16:27:28.600000+01:00,4.315185546875
2019-12-10 16:27:28.700000+01:00,4.327392578125
2019-12-10 16:27:28.800000+01:00,4.327392578125
2019-12-10 16:27:28.900000+01:00,4.345703125
2019-12-10 16:27:29+01:00,4.345703125
2019-12-10 16:27:29.100000+01:00,4.345703125
2019-12-10 16:27:29.200000+01:00,4.345703125
2019-12-10 16:27:29.300000+01:00,4.339599609375
2019-12-10 16:27:29.400000+01:00,4.339599609375
2019-12-10 16:27:29.500000+01:00,4.364013671875
2019-12-10 16:27:29.600000+01:00,4.364013671875
2019-12-10 16:27:29.700000+01:00,4.364013671875
2019-12-10 16:27:29.800000+01:00,4.364013671875
2019-12-10 16:27:29.900000+01:00,4.364013671875
2019-12-10 16:27:30+01:00,4.388427734375
2019-12-10 16:27:30.100000+01:00,4.388427734375
2019-12-10 16:27:30.200000+01:00,4.388427734375
2019-12-10 16:27:30.300000+01:00,4.38232421875
2019-12-10 16:27:30.400000+01:00,4.38232421875
2019-12-10 16:27:30.500000+01:00,4.38232421875
2019-12-10 16:27:30.600000+01:00,4.3701171875
2019-12-10 16:27:30.700000+01:00,4.3701171875
2019-12-10 16:27:30.800000+01:00,4.3701171875
2019-12-10 16:27:30.900000+01:00,4.3701171875
2019-12-10 16:27:31+01:00,4.376220703125
2019-12-10 16:27:31.100000+01:00,4.376220703125
2019-12-10 16:27:31.200000+01:00,4.376220703125
2019-12-10 16:27:31.300000+01:00,4.376220703125
2019-12-10 16:27:31.400000+01:00,4.400634765625
2019-12-10 16:27:31.500000+01:00,4.400634765625
2019-12-10 16:27:31.600000+01:00,4.388427734375
2019-12-10 16:27:31.700000+01:00,4.388427734375
2019-12-10 16:27:31.800000+01:00,4.388427734375
2019-12-10 16:27:31.900000+01:00,4.400634765625
2019-12-10 16:27:32+01:00,4.400634765625
2019-12-10 16:27:32.100000+01:00,4.40673828125
2019-12-10 16:27:32.200000+01:00,4.40673828125
2019-12-10 16:27:32.300000+01:00,4.425048828125
2019-12-10 16:27:32.400000+01:00,4.425048828125
2019-12-10 16:27:32.500000+01:00,4.425048828125
2019-12-10 16:27:32.600000+01:00,4.412841796875
2019-12-10 16:27:32.700000+01:00,4.412841796875
2019-12-10 16:27:32.800000+01:00,4.412841796875
2019-12-10 16:27:32.900000+01:00,4.425048828125
2019-12-10 16:27:33+01:00,4.425048828125
2019-12-10 16:27:33.100000+01:00,4.425048828125
2019-12-10 16:27:33.200000+01:00,5.291748046875
2019-12-10 16:27:33.300000+01:00,5.291748046875
2019-12-10 16:27:33.400000+01:00,5.291748046875
2019-12-10 16:27:33.500000+01:00,13.18359375
2019-12-10 16:27:33.600000+01:00,13.18359375
2019-12-10 16:27:33.700000+01:00,10.09521484375
2019-12-10 16:27:33.800000+01:00,10.09521484375
2019-12-10 16:27:33.900000+01:00,10.284423828125
2019-12-10 16:27:34+01:00,10.284423828125
2019-12-10 16:27:34.100000+01:00,10.284423828125
2019-12-10 16:27:34.200000+01:00,10.25390625
2019-12-10 16:27:34.300000+01:00,10.25390625
2019-12-10 16:27:34.400000+01:00,10.25390625
2019-12-10 16:27:34.500000+01:00,10.21728515625
2019-12-10 16:27:34.600000+01:00,10.21728515625
2019-12-10 16:27:34.700000+01:00,10.21728515625
2019-12-10 16:27:34.800000+01:00,10.1806640625
2019-12-10 16:27:34.900000+01:00,10.1806640625
2019-12-10 16:27:35+01:00,10.162353515625
2019-12-10 16:27:35.100000+01:00,10.162353515625
2019-12-10 16:27:35.200000+01:00,10.29052734375
2019-12-10 16:27:35.300000+01:00,10.29052734375
2019-12-10 16:27:35.400000+01:00,10.29052734375
2019-12-10 16:27:35.500000+01:00,10.29052734375
2019-12-10 16:27:35.600000+01:00,10.53466796875
2019-12-10 16:27:35.700000+01:00,10.53466796875
2019-12-10 16:27:35.800000+01:00,10.6689453125
2019-12-10 16:27:35.900000+01:00,10.6689453125
2019-12-10 16:27:36+01:00,10.6689453125
2019-12-10 16:27:36.100000+01:00,12.75634765625
2019-12-10 16:27:36.200000+01:00,12.75634765625
2019-12-10 16:27:36.300000+01:00,12.78076171875
2019-12-10 16:27:36.400000+01:00,12.78076171875
2019-12-10 16:27:36.500000+01:00,12.762451171875
2019-12-10 16:27:36.600000+01:00,12.762451171875
2019-12-10 16:27:36.700000+01:00,12.762451171875
2019-12-10 16:27:36.800000+01:00,12.762451171875
2019-12-10 16:27:36.900000+01:00,12.75634765625
2019-12-10 16:27:37+01:00,12.75634765625
2019-12-10 16:27:37.100000+01:00,12.73193359375
2019-12-10 16:27:37.200000+01:00,12.73193359375
2019-12-10 16:27:37.300000+01:00,12.75634765625
2019-12-10 16:27:37.400000+01:00,12.75634765625
2019-12-10 16:27:37.500000+01:00,12.75634765625
2019-12-10 16:27:37.600000+01:00,12.7685546875
2019-12-10 16:27:37.700000+01:00,12.7685546875
2019-12-10 16:27:37.800000+01:00,12.762451171875
2019-12-10 16:27:37.900000+01:00,12.762451171875
2019-12-10 16:27:38+01:00,12.762451171875
2019-12-10 16:27:38.100000+01:00,12.762451171875
2019-12-10 16:27:38.200000+01:00,12.7685546875
2019-12-10 16:27:38.300000+01:00,12.7685546875
2019-12-10 16:27:38.400000+01:00,12.799072265625
2019-12-10 16:27:38.500000+01:00,12.799072265625
2019-12-10 16:27:38.600000+01:00,12.79296875
2019-12-10 16:27:38.700000+01:00,12.79296875
2019-12-10 16:27:38.800000+01:00,12.79296875
2019-12-10 16:27:38.900000+01:00,12.811279296875
2019-12-10 16:27:39+01:00,12.811279296875
2019-12-10 16:27:39.100000+01:00,12.811279296875
2019-12-10 16:27:39.200000+01:00,12.823486328125
2019-12-10 16:27:39.300000+01:00,12.823486328125
2019-12-10 16:27:39.400000+01:00,12.811279296875
2019-12-10 16:27:39.500000+01:00,12.811279296875
2019-12-10 16:27:39.600000+01:00,12.811279296875
2019-12-10 16:27:39.700000+01:00,12.811279296875
2019-12-10 16:27:39.800000+01:00,12.811279296875
2019-12-10 16:27:39.900000+01:00,12.799072265625
2019-12-10 16:27:40+01:00,12.799072265625
2019-12-10 16:27:40.100000+01:00,12.799072265625
2019-12-10 16:27:40.200000+01:00,12.823486328125
2019-12-10 16:27:40.300000+01:00,12.823486328125
2019-12-10 16:27:40.400000+01:00,12.823486328125
2019-12-10 16:27:40.500000+01:00,12.799072265625
2019-12-10 16:27:40.600000+01:00,12.799072265625
2019-12-10 16:27:40.700000+01:00,12.8173828125
2019-12-10 16:27:40.800000+01:00,12.8173828125
2019-12-10 16:27:40.900000+01:00,12.8173828125
2019-12-10 16:27:41+01:00,12.811279296875
2019-12-10 16:27:41.100000+01:00,12.811279296875
2019-12-10 16:27:41.200000+01:00,12.835693359375
2019-12-10 16:27:41.300000+01:00,12.835693359375
2019-12-10 16:27:41.400000+01:00,12.835693359375
2019-12-10 16:27:41.500000+01:00,12.835693359375
2019-12-10 16:27:41.600000+01:00,12.835693359375
2019-12-10 16:27:41.700000+01:00,12.835693359375
2019-12-10 16:27:41.800000+01:00,12.8662109375
2019-12-10 16:27:41.900000+01:00,12.8662109375
2019-12-10 16:27:42+01:00,12.890625
2019-12-10 16:27:42.100000+01:00,12.890625
2019-12-10 16:27:42.200000+01:00,12.890625
2019-12-10 16:27:42.300000+01:00,12.884521484375
2019-12-10 16:27:42.400000+01:00,12.884521484375
2019-12-10 16:27:42.500000+01:00,12.90283203125
2019-12-10 16:27:42.600000+01:00,12.90283203125
2019-12-10 16:27:42.700000+01:00,12.90283203125
2019-12-10 16:27:42.800000+01:00,12.884521484375
2019-12-10 16:27:42.900000+01:00,12.884521484375
2019-12-10 16:27:43+01:00,12.884521484375
2019-12-10 16:27:43.100000+01:00,12.9638671875
2019-12-10 16:27:43.200000+01:00,12.9638671875
2019-12-10 16:27:43.300000+01:00,13.031005859375
2019-12-10 16:27:43.400000+01:00,13.031005859375
2019-12-10 16:27:43.500000+01:00,13.031005859375
2019-12-10 16:27:43.600000+01:00,13.00048828125
2019-12-10 16:27:43.700000+01:00,13.00048828125
2019-12-10 16:27:43.800000+01:00,13.00048828125
2019-12-10 16:27:43.900000+01:00,13.055419921875
2019-12-10 16:27:44+01:00,13.055419921875
2019-12-10 16:27:44.100000+01:00,13.031005859375
2019-12-10 16:27:44.200000+01:00,13.031005859375
2019-12-10 16:27:44.300000+01:00,13.031005859375
2019-12-10 16:27:44.400000+01:00,13.134765625
2019-12-10 16:27:44.500000+01:00,13.134765625
2019-12-10 16:27:44.600000+01:00,13.177490234375
2019-12-10 16:27:44.700000+01:00,13.177490234375
2019-12-10 16:27:44.800000+01:00,13.24462890625
2019-12-10 16:27:44.900000+01:00,13.24462890625
2019-12-10 16:27:45+01:00,13.24462890625
2019-12-10 16:27:45.100000+01:00,13.24462890625
2019-12-10 16:27:45.200000+01:00,13.275146484375
2019-12-10 16:27:45.300000+01:00,13.275146484375
2019-12-10 16:27:45.400000+01:00,13.372802734375
2019-12-10 16:27:45.500000+01:00,13.372802734375
2019-12-10 16:27:45.600000+01:00,13.372802734375
2019-12-10 16:27:45.700000+01:00,13.421630859375
2019-12-10 16:27:45.800000+01:00,13.421630859375
2019-12-10 16:27:45.900000+01:00,13.46435546875
2019-12-10 16:27:46+01:00,13.46435546875
2019-12-10 16:27:46.100000+01:00,13.494873046875
2019-12-10 16:27:46.200000+01:00,13.494873046875
2019-12-10 16:27:46.300000+01:00,13.494873046875
2019-12-10 16:27:46.400000+01:00,13.494873046875
2019-12-10 16:27:46.500000+01:00,13.525390625
2019-12-10 16:27:46.600000+01:00,13.525390625
2019-12-10 16:27:46.700000+01:00,13.946533203125
2019-12-10 16:27:46.800000+01:00,13.946533203125
2019-12-10 16:27:46.900000+01:00,14.36767578125
2019-12-10 16:27:47+01:00,14.36767578125
2019-12-10 16:27:47.100000+01:00,14.36767578125
2019-12-10 16:27:47.200000+01:00,14.569091796875
2019-12-10 16:27:47.300000+01:00,14.569091796875
2019-12-10 16:27:47.400000+01:00,14.569091796875
2019-12-10 16:27:47.500000+01:00,14.739990234375
2019-12-10 16:27:47.600000+01:00,14.739990234375
2019-12-10 16:27:47.700000+01:00,14.739990234375
2019-12-10 16:27:47.800000+01:00,14.5263671875
2019-12-10 16:27:47.900000+01:00,14.5263671875
2019-12-10 16:27:48+01:00,14.74609375
2019-12-10 16:27:48.100000+01:00,14.74609375
2019-12-10 16:27:48.200000+01:00,10.46142578125
2019-12-10 16:27:48.300000+01:00,10.46142578125
2019-12-10 16:27:48.400000+01:00,10.46142578125
2019-12-10 16:27:48.500000+01:00,9.979248046875
2019-12-10 16:27:48.600000+01:00,9.979248046875
2019-12-10 16:27:48.700000+01:00,9.979248046875
2019-12-10 16:27:48.800000+01:00,9.942626953125
2019-12-10 16:27:48.900000+01:00,9.942626953125
2019-12-10 16:27:49+01:00,9.942626953125
2019-12-10 16:27:49.100000+01:00,9.9609375
2019-12-10 16:27:49.200000+01:00,9.9609375
2019-12-10 16:27:49.300000+01:00,9.9609375
2019-12-10 16:27:49.400000+01:00,9.9609375
2019-12-10 16:27:49.500000+01:00,9.97314453125
2019-12-10 16:27:49.600000+01:00,9.97314453125
2019-12-10 16:27:49.700000+01:00,9.97314453125
2019-12-10 16:27:49.800000+01:00,9.97314453125
2019-12-10 16:27:49.900000+01:00,11.444091796875
2019-12-10 16:27:50+01:00,11.444091796875
2019-12-10 16:27:50.100000+01:00,12.19482421875
2019-12-10 16:27:50.200000+01:00,12.19482421875
2019-12-10 16:27:50.300000+01:00,10.601806640625
2019-12-10 16:27:50.400000+01:00,10.601806640625
2019-12-10 16:27:50.500000+01:00,10.601806640625
2019-12-10 16:27:50.600000+01:00,10.4736328125
2019-12-10 16:27:50.700000+01:00,10.4736328125
2019-12-10 16:27:50.800000+01:00,10.382080078125
2019-12-10 16:27:50.900000+01:00,10.382080078125
2019-12-10 16:27:51+01:00,10.382080078125
2019-12-10 16:27:51.100000+01:00,10.382080078125
2019-12-10 16:27:51.200000+01:00,10.308837890625
2019-12-10 16:27:51.300000+01:00,10.308837890625
2019-12-10 16:27:51.400000+01:00,10.150146484375
2019-12-10 16:27:51.500000+01:00,10.150146484375
2019-12-10 16:27:51.600000+01:00,10.1318359375
2019-12-10 16:27:51.700000+01:00,10.1318359375
2019-12-10 16:27:51.800000+01:00,10.1318359375
2019-12-10 16:27:51.900000+01:00,10.113525390625
2019-12-10 16:27:52+01:00,10.113525390625
2019-12-10 16:27:52.100000+01:00,10.113525390625
2019-12-10 16:27:52.200000+01:00,9.97314453125
2019-12-10 16:27:52.300000+01:00,9.97314453125
2019-12-10 16:27:52.400000+01:00,9.9365234375
2019-12-10 16:27:52.500000+01:00,9.9365234375
2019-12-10 16:27:52.600000+01:00,9.9365234375
2019-12-10 16:27:52.700000+01:00,9.918212890625
2019-12-10 16:27:52.800000+01:00,9.918212890625
2019-12-10 16:27:52.900000+01:00,9.881591796875
2019-12-10 16:27:53+01:00,9.881591796875
2019-12-10 16:27:53.100000+01:00,9.881591796875
2019-12-10 16:27:53.200000+01:00,9.979248046875
2019-12-10 16:27:53.300000+01:00,9.979248046875
2019-12-10 16:27:53.400000+01:00,9.979248046875
2019-12-10 16:27:53.500000+01:00,9.942626953125
2019-12-10 16:27:53.600000+01:00,9.942626953125
2019-12-10 16:27:53.700000+01:00,9.893798828125
2019-12-10 16:27:53.800000+01:00,9.893798828125
2019-12-10 16:27:53.900000+01:00,9.893798828125
2019-12-10 16:27:54+01:00,9.759521484375
2019-12-10 16:27:54.100000+01:00,9.759521484375
2019-12-10 16:27:54.200000+01:00,9.686279296875
2019-12-10 16:27:54.300000+01:00,9.686279296875
2019-12-10 16:27:54.400000+01:00,9.686279296875
2019-12-10 16:27:54.500000+01:00,9.686279296875
2019-12-10 16:27:54.600000+01:00,9.857177734375
2019-12-10 16:27:54.700000+01:00,9.857177734375
2019-12-10 16:27:54.800000+01:00,9.661865234375
2019-12-10 16:27:54.900000+01:00,9.661865234375
2019-12-10 16:27:55+01:00,9.124755859375
2019-12-10 16:27:55.100000+01:00,9.124755859375
2019-12-10 16:27:55.200000+01:00,9.124755859375
2019-12-10 16:27:55.300000+01:00,8.4716796875
2019-12-10 16:27:55.400000+01:00,8.4716796875
2019-12-10 16:27:55.500000+01:00,3.7841796875
2019-12-10 16:27:55.600000+01:00,3.7841796875
2019-12-10 16:27:55.700000+01:00,3.7841796875
2019-12-10 16:27:55.800000+01:00,6.085205078125
2019-12-10 16:27:55.900000+01:00,6.085205078125
2019-12-10 16:27:56+01:00,6.085205078125
2019-12-10 16:27:56.100000+01:00,6.50634765625
2019-12-10 16:27:56.200000+01:00,6.50634765625
2019-12-10 16:27:56.300000+01:00,6.53076171875
2019-12-10 16:27:56.400000+01:00,6.53076171875
2019-12-10 16:27:56.500000+01:00,6.53076171875
2019-12-10 16:27:56.600000+01:00,6.62841796875
2019-12-10 16:27:56.700000+01:00,6.62841796875
2019-12-10 16:27:56.800000+01:00,6.610107421875
2019-12-10 16:27:56.900000+01:00,6.610107421875
2019-12-10 16:27:57+01:00,6.610107421875
2019-12-10 16:27:57.100000+01:00,6.646728515625
2019-12-10 16:27:57.200000+01:00,6.646728515625
2019-12-10 16:27:57.300000+01:00,6.646728515625
2019-12-10 16:27:57.400000+01:00,6.67724609375
2019-12-10 16:27:57.500000+01:00,6.67724609375
2019-12-10 16:27:57.600000+01:00,7.7880859375
2019-12-10 16:27:57.700000+01:00,7.7880859375
2019-12-10 16:27:57.800000+01:00,6.524658203125
2019-12-10 16:27:57.900000+01:00,6.524658203125
2019-12-10 16:27:58+01:00,6.524658203125
2019-12-10 16:27:58.100000+01:00,6.524658203125
2019-12-10 16:27:58.200000+01:00,6.4453125
2019-12-10 16:27:58.300000+01:00,6.4453125
2019-12-10 16:27:58.400000+01:00,9.619140625
2019-12-10 16:27:58.500000+01:00,9.619140625
2019-12-10 16:27:58.600000+01:00,9.619140625
2019-12-10 16:27:58.700000+01:00,9.99755859375
2019-12-10 16:27:58.800000+01:00,9.99755859375
2019-12-10 16:27:58.900000+01:00,9.80224609375
2019-12-10 16:27:59+01:00,9.80224609375
2019-12-10 16:27:59.100000+01:00,9.539794921875
2019-12-10 16:27:59.200000+01:00,9.539794921875
2019-12-10 16:27:59.300000+01:00,9.539794921875
2019-12-10 16:27:59.400000+01:00,9.539794921875
2019-12-10 16:27:59.500000+01:00,8.11767578125
2019-12-10 16:27:59.600000+01:00,8.11767578125
2019-12-10 16:27:59.700000+01:00,7.476806640625
2019-12-10 16:27:59.800000+01:00,7.476806640625
2019-12-10 16:27:59.900000+01:00,7.476806640625
2019-12-10 16:28:00+01:00,7.769775390625
2019-12-10 16:28:00.100000+01:00,7.769775390625
2019-12-10 16:28:00.200000+01:00,7.4462890625
2019-12-10 16:28:00.300000+01:00,7.4462890625
2019-12-10 16:28:00.400000+01:00,7.4462890625
2019-12-10 16:28:00.500000+01:00,7.452392578125
2019-12-10 16:28:00.600000+01:00,7.452392578125
2019-12-10 16:28:00.700000+01:00,7.452392578125
2019-12-10 16:28:00.800000+01:00,7.373046875
2019-12-10 16:28:00.900000+01:00,7.373046875
2019-12-10 16:28:01+01:00,7.2021484375
2019-12-10 16:28:01.100000+01:00,7.2021484375
2019-12-10 16:28:01.200000+01:00,7.659912109375
2019-12-10 16:28:01.300000+01:00,7.659912109375
2019-12-10 16:28:01.400000+01:00,7.659912109375
2019-12-10 16:28:01.500000+01:00,3.790283203125
2019-12-10 16:28:01.600000+01:00,3.790283203125
2019-12-10 16:28:01.700000+01:00,3.790283203125
2019-12-10 16:28:01.800000+01:00,2.99072265625
2019-12-10 16:28:01.900000+01:00,2.99072265625
2019-12-10 16:28:02+01:00,2.99072265625
2019-12-10 16:28:02.100000+01:00,5.731201171875
2019-12-10 16:28:02.200000+01:00,5.731201171875
2019-12-10 16:28:02.300000+01:00,5.682373046875
2019-12-10 16:28:02.400000+01:00,5.682373046875
2019-12-10 16:28:02.500000+01:00,5.682373046875
2019-12-10 16:28:02.600000+01:00,5.682373046875
2019-12-10 16:28:02.700000+01:00,5.682373046875
2019-12-10 16:28:02.800000+01:00,5.7861328125
2019-12-10 16:28:02.900000+01:00,5.7861328125
2019-12-10 16:28:03+01:00,5.7861328125
2019-12-10 16:28:03.100000+01:00,5.804443359375
2019-12-10 16:28:03.200000+01:00,5.804443359375
2019-12-10 16:28:03.300000+01:00,5.804443359375
2019-12-10 16:28:03.400000+01:00,5.804443359375
2019-12-10 16:28:03.500000+01:00,5.804443359375
2019-12-10 16:28:03.600000+01:00,5.224609375
2019-12-10 16:28:03.700000+01:00,5.224609375
2019-12-10 16:28:03.800000+01:00,5.303955078125
2019-12-10 16:28:03.900000+01:00,5.303955078125
2019-12-10 16:28:04+01:00,5.303955078125
2019-12-10 16:28:04.100000+01:00,5.303955078125
2019-12-10 16:28:04.200000+01:00,6.353759765625
2019-12-10 16:28:04.300000+01:00,6.353759765625
2019-12-10 16:28:04.400000+01:00,6.329345703125
2019-12-10 16:28:04.500000+01:00,6.329345703125
2019-12-10 16:28:04.600000+01:00,7.269287109375
2019-12-10 16:28:04.700000+01:00,7.269287109375
2019-12-10 16:28:04.800000+01:00,7.269287109375
2019-12-10 16:28:04.900000+01:00,5.8349609375
2019-12-10 16:28:05+01:00,5.8349609375
2019-12-10 16:28:05.100000+01:00,7.391357421875
2019-12-10 16:28:05.200000+01:00,7.391357421875
2019-12-10 16:28:05.300000+01:00,7.391357421875
2019-12-10 16:28:05.400000+01:00,7.391357421875
2019-12-10 16:28:05.500000+01:00,5.560302734375
2019-12-10 16:28:05.600000+01:00,5.560302734375
2019-12-10 16:28:05.700000+01:00,5.6640625
2019-12-10 16:28:05.800000+01:00,5.6640625
2019-12-10 16:28:05.900000+01:00,5.633544921875
2019-12-10 16:28:06+01:00,5.633544921875
2019-12-10 16:28:06.100000+01:00,5.633544921875
2019-12-10 16:28:06.200000+01:00,5.462646484375
2019-12-10 16:28:06.300000+01:00,5.462646484375
2019-12-10 16:28:06.400000+01:00,5.462646484375
2019-12-10 16:28:06.500000+01:00,5.413818359375
2019-12-10 16:28:06.600000+01:00,5.413818359375
2019-12-10 16:28:06.700000+01:00,5.438232421875
2019-12-10 16:28:06.800000+01:00,5.438232421875
2019-12-10 16:28:06.900000+01:00,5.438232421875
2019-12-10 16:28:07+01:00,5.419921875
2019-12-10 16:28:07.100000+01:00,5.419921875
2019-12-10 16:28:07.200000+01:00,5.572509765625
2019-12-10 16:28:07.300000+01:00,5.572509765625
2019-12-10 16:28:07.400000+01:00,5.572509765625
2019-12-10 16:28:07.500000+01:00,5.731201171875
2019-12-10 16:28:07.600000+01:00,5.731201171875
2019-12-10 16:28:07.700000+01:00,5.731201171875
2019-12-10 16:28:07.800000+01:00,8.23974609375
2019-12-10 16:28:07.900000+01:00,8.23974609375
2019-12-10 16:28:08+01:00,6.18896484375
2019-12-10 16:28:08.100000+01:00,6.18896484375
2019-12-10 16:28:08.200000+01:00,6.18896484375
2019-12-10 16:28:08.300000+01:00,5.87158203125
2019-12-10 16:28:08.400000+01:00,5.87158203125
2019-12-10 16:28:08.500000+01:00,8.19091796875
2019-12-10 16:28:08.600000+01:00,8.19091796875
2019-12-10 16:28:08.700000+01:00,8.282470703125
2019-12-10 16:28:08.800000+01:00,8.282470703125
2019-12-10 16:28:08.900000+01:00,8.282470703125
2019-12-10 16:28:09+01:00,8.282470703125
2019-12-10 16:28:09.100000+01:00,8.038330078125
2019-12-10 16:28:09.200000+01:00,8.038330078125
2019-12-10 16:28:09.300000+01:00,7.3486328125
2019-12-10 16:28:09.400000+01:00,7.3486328125
2019-12-10 16:28:09.500000+01:00,7.3486328125
2019-12-10 16:28:09.600000+01:00,7.91015625
2019-12-10 16:28:09.700000+01:00,7.91015625
2019-12-10 16:28:09.800000+01:00,6.92138671875
2019-12-10 16:28:09.900000+01:00,6.92138671875
2019-12-10 16:28:10+01:00,6.92138671875
2019-12-10 16:28:10.100000+01:00,6.927490234375
2019-12-10 16:28:10.200000+01:00,6.927490234375
2019-12-10 16:28:10.300000+01:00,6.927490234375
2019-12-10 16:28:10.400000+01:00,7.2265625
2019-12-10 16:28:10.500000+01:00,7.2265625
2019-12-10 16:28:10.600000+01:00,7.745361328125
2019-12-10 16:28:10.700000+01:00,7.745361328125
2019-12-10 16:28:10.800000+01:00,7.745361328125
2019-12-10 16:28:10.900000+01:00,7.855224609375
2019-12-10 16:28:11+01:00,7.855224609375
2019-12-10 16:28:11.100000+01:00,7.855224609375
2019-12-10 16:28:11.200000+01:00,7.9833984375
2019-12-10 16:28:11.300000+01:00,7.9833984375
2019-12-10 16:28:11.400000+01:00,8.282470703125
2019-12-10 16:28:11.500000+01:00,8.282470703125
2019-12-10 16:28:11.600000+01:00,8.282470703125
2019-12-10 16:28:11.700000+01:00,8.4228515625
2019-12-10 16:28:11.800000+01:00,8.4228515625
2019-12-10 16:28:11.900000+01:00,8.367919921875
2019-12-10 16:28:12+01:00,8.367919921875
2019-12-10 16:28:12.100000+01:00,6.207275390625
2019-12-10 16:28:12.200000+01:00,6.207275390625
2019-12-10 16:28:12.300000+01:00,6.207275390625
2019-12-10 16:28:12.400000+01:00,6.207275390625
2019-12-10 16:28:12.500000+01:00,6.378173828125
2019-12-10 16:28:12.600000+01:00,6.378173828125
2019-12-10 16:28:12.700000+01:00,6.9580078125
2019-12-10 16:28:12.800000+01:00,6.9580078125
2019-12-10 16:28:12.900000+01:00,6.9580078125
2019-12-10 16:28:13+01:00,6.92138671875
2019-12-10 16:28:13.100000+01:00,6.92138671875
2019-12-10 16:28:13.200000+01:00,8.013916015625
2019-12-10 16:28:13.300000+01:00,8.013916015625
2019-12-10 16:28:13.400000+01:00,8.013916015625
2019-12-10 16:28:13.500000+01:00,7.568359375
2019-12-10 16:28:13.600000+01:00,7.568359375
2019-12-10 16:28:13.700000+01:00,7.568359375
2019-12-10 16:28:13.800000+01:00,7.733154296875
2019-12-10 16:28:13.900000+01:00,7.733154296875
2019-12-10 16:28:14+01:00,6.14013671875
2019-12-10 16:28:14.100000+01:00,6.14013671875
2019-12-10 16:28:14.200000+01:00,6.524658203125
2019-12-10 16:28:14.300000+01:00,6.524658203125
2019-12-10 16:28:14.400000+01:00,6.524658203125
2019-12-10 16:28:14.500000+01:00,6.7138671875
2019-12-10 16:28:14.600000+01:00,6.7138671875
2019-12-10 16:28:14.700000+01:00,6.7138671875
2019-12-10 16:28:14.800000+01:00,6.6650390625
2019-12-10 16:28:14.900000+01:00,6.6650390625
2019-12-10 16:28:15+01:00,6.6650390625
2019-12-10 16:28:15.100000+01:00,7.159423828125
2019-12-10 16:28:15.200000+01:00,7.159423828125
2019-12-10 16:28:15.300000+01:00,7.09228515625
2019-12-10 16:28:15.400000+01:00,7.09228515625
2019-12-10 16:28:15.500000+01:00,7.098388671875
2019-12-10 16:28:15.600000+01:00,7.098388671875
2019-12-10 16:28:15.700000+01:00,7.098388671875
2019-12-10 16:28:15.800000+01:00,7.110595703125
2019-12-10 16:28:15.900000+01:00,7.110595703125
2019-12-10 16:28:16+01:00,7.110595703125
2019-12-10 16:28:16.100000+01:00,7.080078125
2019-12-10 16:28:16.200000+01:00,7.080078125
2019-12-10 16:28:16.300000+01:00,6.93359375
2019-12-10 16:28:16.400000+01:00,6.93359375
2019-12-10 16:28:16.500000+01:00,6.93359375
2019-12-10 16:28:16.600000+01:00,6.92138671875
2019-12-10 16:28:16.700000+01:00,6.92138671875
2019-12-10 16:28:16.800000+01:00,6.951904296875
2019-12-10 16:28:16.900000+01:00,6.951904296875
2019-12-10 16:28:17+01:00,6.951904296875
2019-12-10 16:28:17.100000+01:00,6.951904296875
2019-12-10 16:28:17.200000+01:00,6.9580078125
2019-12-10 16:28:17.300000+01:00,6.9580078125
2019-12-10 16:28:17.400000+01:00,6.951904296875
2019-12-10 16:28:17.500000+01:00,6.951904296875
2019-12-10 16:28:17.600000+01:00,6.964111328125
2019-12-10 16:28:17.700000+01:00,6.964111328125
2019-12-10 16:28:17.800000+01:00,6.964111328125
2019-12-10 16:28:17.900000+01:00,6.964111328125
2019-12-10 16:28:18+01:00,6.964111328125
