2019-12-10 16:24:59.500000+01:00,15.14892578125
2019-12-10 16:24:59.600000+01:00,15.14892578125
2019-12-10 16:24:59.700000+01:00,15.14892578125
2019-12-10 16:24:59.800000+01:00,16.680908203125
2019-12-10 16:24:59.900000+01:00,16.680908203125
2019-12-10 16:25:00+01:00,20.281982421875
2019-12-10 16:25:00.100000+01:00,20.281982421875
2019-12-10 16:25:00.200000+01:00,20.281982421875
2019-12-10 16:25:00.300000+01:00,20.159912109375
2019-12-10 16:25:00.400000+01:00,20.159912109375
2019-12-10 16:25:00.500000+01:00,10.3271484375
2019-12-10 16:25:00.600000+01:00,10.3271484375
2019-12-10 16:25:00.700000+01:00,10.3271484375
2019-12-10 16:25:00.800000+01:00,13.2568359375
2019-12-10 16:25:00.900000+01:00,13.2568359375
2019-12-10 16:25:01+01:00,13.2568359375
2019-12-10 16:25:01.100000+01:00,21.270751953125
2019-12-10 16:25:01.200000+01:00,21.270751953125
2019-12-10 16:25:01.300000+01:00,15.960693359375
2019-12-10 16:25:01.400000+01:00,15.960693359375
2019-12-10 16:25:01.500000+01:00,16.07666015625
2019-12-10 16:25:01.600000+01:00,16.07666015625
2019-12-10 16:25:01.700000+01:00,16.07666015625
2019-12-10 16:25:01.800000+01:00,16.07666015625
2019-12-10 16:25:01.900000+01:00,15.53955078125
2019-12-10 16:25:02+01:00,15.53955078125
2019-12-10 16:25:02.100000+01:00,15.087890625
2019-12-10 16:25:02.200000+01:00,15.087890625
2019-12-10 16:25:02.300000+01:00,15.087890625
2019-12-10 16:25:02.400000+01:00,15.155029296875
2019-12-10 16:25:02.500000+01:00,15.155029296875
2019-12-10 16:25:02.600000+01:00,15.362548828125
2019-12-10 16:25:02.700000+01:00,15.362548828125
2019-12-10 16:25:02.800000+01:00,15.63720703125
2019-12-10 16:25:02.900000+01:00,15.63720703125
2019-12-10 16:25:03+01:00,15.63720703125
2019-12-10 16:25:03.100000+01:00,15.63720703125
2019-12-10 16:25:03.200000+01:00,16.021728515625
2019-12-10 16:25:03.300000+01:00,16.021728515625
2019-12-10 16:25:03.400000+01:00,16.51611328125
2019-12-10 16:25:03.500000+01:00,16.51611328125
2019-12-10 16:25:03.600000+01:00,28.955078125
2019-12-10 16:25:03.700000+01:00,28.955078125
2019-12-10 16:25:03.800000+01:00,28.955078125
2019-12-10 16:25:03.900000+01:00,20.977783203125
2019-12-10 16:25:04+01:00,20.977783203125
2019-12-10 16:25:04.100000+01:00,44.1650390625
2019-12-10 16:25:04.200000+01:00,44.1650390625
2019-12-10 16:25:04.300000+01:00,44.1650390625
2019-12-10 16:25:04.400000+01:00,44.1650390625
2019-12-10 16:25:04.500000+01:00,33.209228515625
2019-12-10 16:25:04.600000+01:00,33.209228515625
2019-12-10 16:25:04.700000+01:00,20.269775390625
2019-12-10 16:25:04.800000+01:00,20.269775390625
2019-12-10 16:25:04.900000+01:00,20.599365234375
2019-12-10 16:25:05+01:00,20.599365234375
2019-12-10 16:25:05.100000+01:00,20.599365234375
2019-12-10 16:25:05.200000+01:00,20.6298828125
2019-12-10 16:25:05.300000+01:00,20.6298828125
2019-12-10 16:25:05.400000+01:00,20.6298828125
2019-12-10 16:25:05.500000+01:00,20.697021484375
2019-12-10 16:25:05.600000+01:00,20.697021484375
2019-12-10 16:25:05.700000+01:00,20.697021484375
2019-12-10 16:25:05.800000+01:00,20.721435546875
2019-12-10 16:25:05.900000+01:00,20.721435546875
2019-12-10 16:25:06+01:00,20.733642578125
2019-12-10 16:25:06.100000+01:00,20.733642578125
2019-12-10 16:25:06.200000+01:00,22.59521484375
2019-12-10 16:25:06.300000+01:00,22.59521484375
2019-12-10 16:25:06.400000+01:00,22.59521484375
2019-12-10 16:25:06.500000+01:00,22.59521484375
2019-12-10 16:25:06.600000+01:00,19.549560546875
2019-12-10 16:25:06.700000+01:00,19.549560546875
2019-12-10 16:25:06.800000+01:00,19.586181640625
2019-12-10 16:25:06.900000+01:00,19.586181640625
2019-12-10 16:25:07+01:00,19.482421875
2019-12-10 16:25:07.100000+01:00,19.482421875
2019-12-10 16:25:07.200000+01:00,19.482421875
2019-12-10 16:25:07.300000+01:00,19.439697265625
2019-12-10 16:25:07.400000+01:00,19.439697265625
2019-12-10 16:25:07.500000+01:00,19.5068359375
2019-12-10 16:25:07.600000+01:00,19.5068359375
2019-12-10 16:25:07.700000+01:00,19.5068359375
2019-12-10 16:25:07.800000+01:00,19.5068359375
2019-12-10 16:25:07.900000+01:00,19.4091796875
2019-12-10 16:25:08+01:00,19.4091796875
2019-12-10 16:25:08.100000+01:00,19.4580078125
2019-12-10 16:25:08.200000+01:00,19.4580078125
2019-12-10 16:25:08.300000+01:00,19.482421875
2019-12-10 16:25:08.400000+01:00,19.482421875
2019-12-10 16:25:08.500000+01:00,19.482421875
2019-12-10 16:25:08.600000+01:00,19.4580078125
2019-12-10 16:25:08.700000+01:00,19.4580078125
2019-12-10 16:25:08.800000+01:00,19.5556640625
2019-12-10 16:25:08.900000+01:00,19.5556640625
2019-12-10 16:25:09+01:00,19.5556640625
2019-12-10 16:25:09.100000+01:00,19.51904296875
2019-12-10 16:25:09.200000+01:00,19.51904296875
2019-12-10 16:25:09.300000+01:00,19.51904296875
2019-12-10 16:25:09.400000+01:00,19.4091796875
2019-12-10 16:25:09.500000+01:00,19.4091796875
2019-12-10 16:25:09.600000+01:00,19.43359375
2019-12-10 16:25:09.700000+01:00,19.43359375
2019-12-10 16:25:09.800000+01:00,19.43359375
2019-12-10 16:25:09.900000+01:00,19.4091796875
2019-12-10 16:25:10+01:00,19.4091796875
2019-12-10 16:25:10.100000+01:00,19.4091796875
2019-12-10 16:25:10.200000+01:00,19.512939453125
2019-12-10 16:25:10.300000+01:00,19.512939453125
2019-12-10 16:25:10.400000+01:00,19.500732421875
2019-12-10 16:25:10.500000+01:00,19.500732421875
2019-12-10 16:25:10.600000+01:00,19.500732421875
2019-12-10 16:25:10.700000+01:00,8.807373046875
2019-12-10 16:25:10.800000+01:00,8.807373046875
2019-12-10 16:25:10.900000+01:00,23.480224609375
2019-12-10 16:25:11+01:00,23.480224609375
2019-12-10 16:25:11.100000+01:00,20.782470703125
2019-12-10 16:25:11.200000+01:00,20.782470703125
2019-12-10 16:25:11.300000+01:00,20.782470703125
2019-12-10 16:25:11.400000+01:00,20.782470703125
2019-12-10 16:25:11.500000+01:00,54.30908203125
2019-12-10 16:25:11.600000+01:00,54.30908203125
2019-12-10 16:25:11.700000+01:00,12.40234375
2019-12-10 16:25:11.800000+01:00,12.40234375
2019-12-10 16:25:11.900000+01:00,12.40234375
2019-12-10 16:25:12+01:00,20.39794921875
2019-12-10 16:25:12.100000+01:00,20.39794921875
2019-12-10 16:25:12.200000+01:00,20.27587890625
2019-12-10 16:25:12.300000+01:00,20.27587890625
2019-12-10 16:25:12.400000+01:00,19.677734375
2019-12-10 16:25:12.500000+01:00,19.677734375
2019-12-10 16:25:12.600000+01:00,19.677734375
2019-12-10 16:25:12.700000+01:00,19.677734375
2019-12-10 16:25:12.800000+01:00,20.196533203125
2019-12-10 16:25:12.900000+01:00,20.196533203125
2019-12-10 16:25:13+01:00,8.770751953125
2019-12-10 16:25:13.100000+01:00,8.770751953125
2019-12-10 16:25:13.200000+01:00,8.770751953125
2019-12-10 16:25:13.300000+01:00,42.34619140625
2019-12-10 16:25:13.400000+01:00,42.34619140625
2019-12-10 16:25:13.500000+01:00,20.556640625
2019-12-10 16:25:13.600000+01:00,20.556640625
2019-12-10 16:25:13.700000+01:00,20.556640625
2019-12-10 16:25:13.800000+01:00,15.814208984375
2019-12-10 16:25:13.900000+01:00,15.814208984375
2019-12-10 16:25:14+01:00,15.814208984375
2019-12-10 16:25:14.100000+01:00,16.10107421875
2019-12-10 16:25:14.200000+01:00,16.10107421875
2019-12-10 16:25:14.300000+01:00,16.046142578125
2019-12-10 16:25:14.400000+01:00,16.046142578125
2019-12-10 16:25:14.500000+01:00,15.61279296875
2019-12-10 16:25:14.600000+01:00,15.61279296875
2019-12-10 16:25:14.700000+01:00,15.61279296875
2019-12-10 16:25:14.800000+01:00,15.802001953125
2019-12-10 16:25:14.900000+01:00,15.802001953125
2019-12-10 16:25:15+01:00,15.802001953125
2019-12-10 16:25:15.100000+01:00,16.339111328125
2019-12-10 16:25:15.200000+01:00,16.339111328125
2019-12-10 16:25:15.300000+01:00,16.339111328125
2019-12-10 16:25:15.400000+01:00,16.278076171875
2019-12-10 16:25:15.500000+01:00,16.278076171875
2019-12-10 16:25:15.600000+01:00,15.88134765625
2019-12-10 16:25:15.700000+01:00,15.88134765625
2019-12-10 16:25:15.800000+01:00,16.14990234375
2019-12-10 16:25:15.900000+01:00,16.14990234375
2019-12-10 16:25:16+01:00,16.14990234375
2019-12-10 16:25:16.100000+01:00,16.14990234375
2019-12-10 16:25:16.200000+01:00,16.11328125
2019-12-10 16:25:16.300000+01:00,16.11328125
2019-12-10 16:25:16.400000+01:00,16.741943359375
2019-12-10 16:25:16.500000+01:00,16.741943359375
2019-12-10 16:25:16.600000+01:00,16.497802734375
2019-12-10 16:25:16.700000+01:00,16.497802734375
2019-12-10 16:25:16.800000+01:00,16.497802734375
2019-12-10 16:25:16.900000+01:00,16.156005859375
2019-12-10 16:25:17+01:00,16.156005859375
2019-12-10 16:25:17.100000+01:00,16.986083984375
2019-12-10 16:25:17.200000+01:00,16.986083984375
2019-12-10 16:25:17.300000+01:00,16.986083984375
2019-12-10 16:25:17.400000+01:00,16.986083984375
2019-12-10 16:25:17.500000+01:00,16.607666015625
2019-12-10 16:25:17.600000+01:00,16.607666015625
2019-12-10 16:25:17.700000+01:00,17.034912109375
2019-12-10 16:25:17.800000+01:00,17.034912109375
2019-12-10 16:25:17.900000+01:00,16.876220703125
2019-12-10 16:25:18+01:00,16.876220703125
2019-12-10 16:25:18.100000+01:00,16.876220703125
2019-12-10 16:25:18.200000+01:00,17.39501953125
2019-12-10 16:25:18.300000+01:00,17.39501953125
2019-12-10 16:25:18.400000+01:00,17.39501953125
2019-12-10 16:25:18.500000+01:00,16.339111328125
2019-12-10 16:25:18.600000+01:00,16.339111328125
2019-12-10 16:25:18.700000+01:00,16.339111328125
2019-12-10 16:25:18.800000+01:00,17.425537109375
2019-12-10 16:25:18.900000+01:00,17.425537109375
2019-12-10 16:25:19+01:00,17.81005859375
2019-12-10 16:25:19.100000+01:00,17.81005859375
2019-12-10 16:25:19.200000+01:00,16.44287109375
2019-12-10 16:25:19.300000+01:00,16.44287109375
2019-12-10 16:25:19.400000+01:00,16.44287109375
2019-12-10 16:25:19.500000+01:00,17.852783203125
2019-12-10 16:25:19.600000+01:00,17.852783203125
2019-12-10 16:25:19.700000+01:00,17.852783203125
2019-12-10 16:25:19.800000+01:00,16.07666015625
2019-12-10 16:25:19.900000+01:00,16.07666015625
2019-12-10 16:25:20+01:00,15.93017578125
2019-12-10 16:25:20.100000+01:00,15.93017578125
2019-12-10 16:25:20.200000+01:00,15.93017578125
2019-12-10 16:25:20.300000+01:00,32.818603515625
2019-12-10 16:25:20.400000+01:00,32.818603515625
2019-12-10 16:25:20.500000+01:00,21.7529296875
2019-12-10 16:25:20.600000+01:00,21.7529296875
2019-12-10 16:25:20.700000+01:00,21.7529296875
2019-12-10 16:25:20.800000+01:00,21.7529296875
2019-12-10 16:25:20.900000+01:00,16.76025390625
2019-12-10 16:25:21+01:00,16.76025390625
2019-12-10 16:25:21.100000+01:00,21.124267578125
2019-12-10 16:25:21.200000+01:00,21.124267578125
2019-12-10 16:25:21.300000+01:00,20.648193359375
2019-12-10 16:25:21.400000+01:00,20.648193359375
2019-12-10 16:25:21.500000+01:00,20.648193359375
2019-12-10 16:25:21.600000+01:00,20.709228515625
2019-12-10 16:25:21.700000+01:00,20.709228515625
2019-12-10 16:25:21.800000+01:00,20.66650390625
2019-12-10 16:25:21.900000+01:00,20.66650390625
2019-12-10 16:25:22+01:00,20.66650390625
2019-12-10 16:25:22.100000+01:00,20.66650390625
2019-12-10 16:25:22.200000+01:00,20.66650390625
2019-12-10 16:25:22.300000+01:00,20.66650390625
2019-12-10 16:25:22.400000+01:00,20.672607421875
2019-12-10 16:25:22.500000+01:00,20.672607421875
2019-12-10 16:25:22.600000+01:00,17.822265625
2019-12-10 16:25:22.700000+01:00,17.822265625
2019-12-10 16:25:22.800000+01:00,17.822265625
2019-12-10 16:25:22.900000+01:00,16.302490234375
2019-12-10 16:25:23+01:00,16.302490234375
2019-12-10 16:25:23.100000+01:00,16.32080078125
2019-12-10 16:25:23.200000+01:00,16.32080078125
2019-12-10 16:25:23.300000+01:00,16.32080078125
2019-12-10 16:25:23.400000+01:00,16.961669921875
2019-12-10 16:25:23.500000+01:00,16.961669921875
2019-12-10 16:25:23.600000+01:00,16.961669921875
2019-12-10 16:25:23.700000+01:00,17.767333984375
2019-12-10 16:25:23.800000+01:00,17.767333984375
2019-12-10 16:25:23.900000+01:00,17.78564453125
2019-12-10 16:25:24+01:00,17.78564453125
2019-12-10 16:25:24.100000+01:00,17.78564453125
2019-12-10 16:25:24.200000+01:00,23.3154296875
2019-12-10 16:25:24.300000+01:00,23.3154296875
2019-12-10 16:25:24.400000+01:00,23.3154296875
2019-12-10 16:25:24.500000+01:00,23.590087890625
2019-12-10 16:25:24.600000+01:00,23.590087890625
2019-12-10 16:25:24.700000+01:00,24.163818359375
2019-12-10 16:25:24.800000+01:00,24.163818359375
2019-12-10 16:25:24.900000+01:00,24.163818359375
2019-12-10 16:25:25+01:00,24.1943359375
2019-12-10 16:25:25.100000+01:00,24.1943359375
2019-12-10 16:25:25.200000+01:00,23.370361328125
2019-12-10 16:25:25.300000+01:00,23.370361328125
2019-12-10 16:25:25.400000+01:00,22.1435546875
2019-12-10 16:25:25.500000+01:00,22.1435546875
2019-12-10 16:25:25.600000+01:00,22.1435546875
2019-12-10 16:25:25.700000+01:00,22.1435546875
2019-12-10 16:25:25.800000+01:00,21.61865234375
2019-12-10 16:25:25.900000+01:00,21.61865234375
2019-12-10 16:25:26+01:00,21.54541015625
2019-12-10 16:25:26.100000+01:00,21.54541015625
2019-12-10 16:25:26.200000+01:00,21.54541015625
2019-12-10 16:25:26.300000+01:00,21.502685546875
2019-12-10 16:25:26.400000+01:00,21.502685546875
2019-12-10 16:25:26.500000+01:00,21.478271484375
2019-12-10 16:25:26.600000+01:00,21.478271484375
2019-12-10 16:25:26.700000+01:00,21.478271484375
2019-12-10 16:25:26.800000+01:00,21.4599609375
2019-12-10 16:25:26.900000+01:00,21.4599609375
2019-12-10 16:25:27+01:00,21.4599609375
2019-12-10 16:25:27.100000+01:00,21.441650390625
2019-12-10 16:25:27.200000+01:00,21.441650390625
2019-12-10 16:25:27.300000+01:00,21.429443359375
2019-12-10 16:25:27.400000+01:00,21.429443359375
2019-12-10 16:25:27.500000+01:00,21.4111328125
2019-12-10 16:25:27.600000+01:00,21.4111328125
2019-12-10 16:25:27.700000+01:00,21.4111328125
2019-12-10 16:25:27.800000+01:00,21.39892578125
2019-12-10 16:25:27.900000+01:00,21.39892578125
2019-12-10 16:25:28+01:00,21.39892578125
2019-12-10 16:25:28.100000+01:00,21.380615234375
2019-12-10 16:25:28.200000+01:00,21.380615234375
2019-12-10 16:25:28.300000+01:00,21.380615234375
2019-12-10 16:25:28.400000+01:00,21.380615234375
2019-12-10 16:25:28.500000+01:00,21.380615234375
2019-12-10 16:25:28.600000+01:00,21.37451171875
2019-12-10 16:25:28.700000+01:00,21.37451171875
2019-12-10 16:25:28.800000+01:00,21.3623046875
2019-12-10 16:25:28.900000+01:00,21.3623046875
2019-12-10 16:25:29+01:00,21.3623046875
2019-12-10 16:25:29.100000+01:00,21.3623046875
2019-12-10 16:25:29.200000+01:00,21.3623046875
2019-12-10 16:25:29.300000+01:00,21.3623046875
2019-12-10 16:25:29.400000+01:00,21.3623046875
2019-12-10 16:25:29.500000+01:00,21.3623046875
2019-12-10 16:25:29.600000+01:00,21.3623046875
2019-12-10 16:25:29.700000+01:00,21.35009765625
2019-12-10 16:25:29.800000+01:00,21.35009765625
2019-12-10 16:25:29.900000+01:00,21.343994140625
2019-12-10 16:25:30+01:00,21.343994140625
2019-12-10 16:25:30.100000+01:00,21.331787109375
2019-12-10 16:25:30.200000+01:00,21.331787109375
2019-12-10 16:25:30.300000+01:00,21.331787109375
2019-12-10 16:25:30.400000+01:00,21.331787109375
2019-12-10 16:25:30.500000+01:00,12.4267578125
2019-12-10 16:25:30.600000+01:00,12.4267578125
2019-12-10 16:25:30.700000+01:00,20.672607421875
2019-12-10 16:25:30.800000+01:00,20.672607421875
2019-12-10 16:25:30.900000+01:00,29.071044921875
2019-12-10 16:25:31+01:00,29.071044921875
2019-12-10 16:25:31.100000+01:00,29.071044921875
2019-12-10 16:25:31.200000+01:00,16.754150390625
2019-12-10 16:25:31.300000+01:00,16.754150390625
2019-12-10 16:25:31.400000+01:00,16.265869140625
2019-12-10 16:25:31.500000+01:00,16.265869140625
2019-12-10 16:25:31.600000+01:00,16.265869140625
2019-12-10 16:25:31.700000+01:00,16.265869140625
2019-12-10 16:25:31.800000+01:00,16.11328125
2019-12-10 16:25:31.900000+01:00,16.11328125
2019-12-10 16:25:32+01:00,15.692138671875
2019-12-10 16:25:32.100000+01:00,15.692138671875
2019-12-10 16:25:32.200000+01:00,16.19873046875
2019-12-10 16:25:32.300000+01:00,16.19873046875
2019-12-10 16:25:32.400000+01:00,16.19873046875
2019-12-10 16:25:32.500000+01:00,16.3818359375
2019-12-10 16:25:32.600000+01:00,16.3818359375
2019-12-10 16:25:32.700000+01:00,16.3818359375
2019-12-10 16:25:32.800000+01:00,16.192626953125
2019-12-10 16:25:32.900000+01:00,16.192626953125
2019-12-10 16:25:33+01:00,16.56494140625
2019-12-10 16:25:33.100000+01:00,16.56494140625
2019-12-10 16:25:33.200000+01:00,16.56494140625
2019-12-10 16:25:33.300000+01:00,16.015625
2019-12-10 16:25:33.400000+01:00,16.015625
2019-12-10 16:25:33.500000+01:00,15.9912109375
2019-12-10 16:25:33.600000+01:00,15.9912109375
2019-12-10 16:25:33.700000+01:00,15.9912109375
2019-12-10 16:25:33.800000+01:00,15.9912109375
2019-12-10 16:25:33.900000+01:00,16.802978515625
2019-12-10 16:25:34+01:00,16.802978515625
2019-12-10 16:25:34.100000+01:00,16.290283203125
2019-12-10 16:25:34.200000+01:00,16.290283203125
2019-12-10 16:25:34.300000+01:00,15.899658203125
2019-12-10 16:25:34.400000+01:00,15.899658203125
2019-12-10 16:25:34.500000+01:00,15.899658203125
2019-12-10 16:25:34.600000+01:00,16.85791015625
2019-12-10 16:25:34.700000+01:00,16.85791015625
2019-12-10 16:25:34.800000+01:00,16.357421875
2019-12-10 16:25:34.900000+01:00,16.357421875
2019-12-10 16:25:35+01:00,16.357421875
2019-12-10 16:25:35.100000+01:00,16.357421875
2019-12-10 16:25:35.200000+01:00,16.949462890625
2019-12-10 16:25:35.300000+01:00,16.949462890625
2019-12-10 16:25:35.400000+01:00,16.748046875
2019-12-10 16:25:35.500000+01:00,16.748046875
2019-12-10 16:25:35.600000+01:00,16.78466796875
2019-12-10 16:25:35.700000+01:00,16.78466796875
2019-12-10 16:25:35.800000+01:00,16.78466796875
2019-12-10 16:25:35.900000+01:00,16.534423828125
2019-12-10 16:25:36+01:00,16.534423828125
2019-12-10 16:25:36.100000+01:00,16.73583984375
2019-12-10 16:25:36.200000+01:00,16.73583984375
2019-12-10 16:25:36.300000+01:00,16.73583984375
2019-12-10 16:25:36.400000+01:00,17.3828125
2019-12-10 16:25:36.500000+01:00,17.3828125
2019-12-10 16:25:36.600000+01:00,17.3828125
2019-12-10 16:25:36.700000+01:00,16.522216796875
2019-12-10 16:25:36.800000+01:00,16.522216796875
2019-12-10 16:25:36.900000+01:00,17.041015625
2019-12-10 16:25:37+01:00,17.041015625
2019-12-10 16:25:37.100000+01:00,17.041015625
2019-12-10 16:25:37.200000+01:00,15.8203125
2019-12-10 16:25:37.300000+01:00,15.8203125
2019-12-10 16:25:37.400000+01:00,15.8203125
2019-12-10 16:25:37.500000+01:00,15.71044921875
2019-12-10 16:25:37.600000+01:00,15.71044921875
2019-12-10 16:25:37.700000+01:00,21.5087890625
2019-12-10 16:25:37.800000+01:00,21.5087890625
2019-12-10 16:25:37.900000+01:00,21.5087890625
2019-12-10 16:25:38+01:00,21.417236328125
2019-12-10 16:25:38.100000+01:00,21.417236328125
2019-12-10 16:25:38.200000+01:00,29.022216796875
2019-12-10 16:25:38.300000+01:00,29.022216796875
2019-12-10 16:25:38.400000+01:00,13.177490234375
2019-12-10 16:25:38.500000+01:00,13.177490234375
2019-12-10 16:25:38.600000+01:00,13.177490234375
2019-12-10 16:25:38.700000+01:00,13.177490234375
2019-12-10 16:25:38.800000+01:00,20.3857421875
2019-12-10 16:25:38.900000+01:00,20.3857421875
2019-12-10 16:25:39+01:00,20.2880859375
2019-12-10 16:25:39.100000+01:00,20.2880859375
2019-12-10 16:25:39.200000+01:00,20.2880859375
2019-12-10 16:25:39.300000+01:00,21.490478515625
2019-12-10 16:25:39.400000+01:00,21.490478515625
2019-12-10 16:25:39.500000+01:00,20.513916015625
2019-12-10 16:25:39.600000+01:00,20.513916015625
2019-12-10 16:25:39.700000+01:00,20.513916015625
2019-12-10 16:25:39.800000+01:00,7.2998046875
2019-12-10 16:25:39.900000+01:00,7.2998046875
2019-12-10 16:25:40+01:00,7.2998046875
2019-12-10 16:25:40.100000+01:00,14.483642578125
2019-12-10 16:25:40.200000+01:00,14.483642578125
2019-12-10 16:25:40.300000+01:00,21.38671875
2019-12-10 16:25:40.400000+01:00,21.38671875
2019-12-10 16:25:40.500000+01:00,18.29833984375
2019-12-10 16:25:40.600000+01:00,18.29833984375
2019-12-10 16:25:40.700000+01:00,18.29833984375
2019-12-10 16:25:40.800000+01:00,17.193603515625
2019-12-10 16:25:40.900000+01:00,17.193603515625
2019-12-10 16:25:41+01:00,17.193603515625
2019-12-10 16:25:41.100000+01:00,16.241455078125
2019-12-10 16:25:41.200000+01:00,16.241455078125
2019-12-10 16:25:41.300000+01:00,16.241455078125
2019-12-10 16:25:41.400000+01:00,16.009521484375
2019-12-10 16:25:41.500000+01:00,16.009521484375
2019-12-10 16:25:41.600000+01:00,16.729736328125
2019-12-10 16:25:41.700000+01:00,16.729736328125
2019-12-10 16:25:41.800000+01:00,17.059326171875
2019-12-10 16:25:41.900000+01:00,17.059326171875
2019-12-10 16:25:42+01:00,17.059326171875
2019-12-10 16:25:42.100000+01:00,16.845703125
2019-12-10 16:25:42.200000+01:00,16.845703125
2019-12-10 16:25:42.300000+01:00,16.845703125
2019-12-10 16:25:42.400000+01:00,16.9677734375
2019-12-10 16:25:42.500000+01:00,16.9677734375
2019-12-10 16:25:42.600000+01:00,16.9677734375
2019-12-10 16:25:42.700000+01:00,16.119384765625
2019-12-10 16:25:42.800000+01:00,16.119384765625
2019-12-10 16:25:42.900000+01:00,13.873291015625
2019-12-10 16:25:43+01:00,13.873291015625
2019-12-10 16:25:43.100000+01:00,14.5263671875
2019-12-10 16:25:43.200000+01:00,14.5263671875
2019-12-10 16:25:43.300000+01:00,14.5263671875
2019-12-10 16:25:43.400000+01:00,14.5263671875
2019-12-10 16:25:43.500000+01:00,14.013671875
2019-12-10 16:25:43.600000+01:00,14.013671875
2019-12-10 16:25:43.700000+01:00,13.68408203125
2019-12-10 16:25:43.800000+01:00,13.68408203125
2019-12-10 16:25:43.900000+01:00,13.531494140625
2019-12-10 16:25:44+01:00,13.531494140625
2019-12-10 16:25:44.100000+01:00,13.531494140625
2019-12-10 16:25:44.200000+01:00,13.177490234375
2019-12-10 16:25:44.300000+01:00,13.177490234375
2019-12-10 16:25:44.400000+01:00,14.12353515625
2019-12-10 16:25:44.500000+01:00,14.12353515625
2019-12-10 16:25:44.600000+01:00,14.12353515625
2019-12-10 16:25:44.700000+01:00,14.12353515625
2019-12-10 16:25:44.800000+01:00,14.459228515625
2019-12-10 16:25:44.900000+01:00,14.459228515625
2019-12-10 16:25:45+01:00,13.751220703125
2019-12-10 16:25:45.100000+01:00,13.751220703125
2019-12-10 16:25:45.200000+01:00,13.623046875
2019-12-10 16:25:45.300000+01:00,13.623046875
2019-12-10 16:25:45.400000+01:00,13.623046875
2019-12-10 16:25:45.500000+01:00,13.482666015625
2019-12-10 16:25:45.600000+01:00,13.482666015625
2019-12-10 16:25:45.700000+01:00,13.482666015625
2019-12-10 16:25:45.800000+01:00,37.40234375
2019-12-10 16:25:45.900000+01:00,37.40234375
2019-12-10 16:25:46+01:00,18.505859375
2019-12-10 16:25:46.100000+01:00,18.505859375
2019-12-10 16:25:46.200000+01:00,18.505859375
2019-12-10 16:25:46.300000+01:00,17.19970703125
2019-12-10 16:25:46.400000+01:00,17.19970703125
2019-12-10 16:25:46.500000+01:00,16.522216796875
2019-12-10 16:25:46.600000+01:00,16.522216796875
2019-12-10 16:25:46.700000+01:00,16.522216796875
2019-12-10 16:25:46.800000+01:00,16.1865234375
2019-12-10 16:25:46.900000+01:00,16.1865234375
2019-12-10 16:25:47+01:00,16.1865234375
2019-12-10 16:25:47.100000+01:00,17.083740234375
2019-12-10 16:25:47.200000+01:00,17.083740234375
2019-12-10 16:25:47.300000+01:00,17.22412109375
2019-12-10 16:25:47.400000+01:00,17.22412109375
2019-12-10 16:25:47.500000+01:00,17.22412109375
2019-12-10 16:25:47.600000+01:00,17.00439453125
2019-12-10 16:25:47.700000+01:00,17.00439453125
2019-12-10 16:25:47.800000+01:00,17.047119140625
2019-12-10 16:25:47.900000+01:00,17.047119140625
2019-12-10 16:25:48+01:00,17.047119140625
2019-12-10 16:25:48.100000+01:00,17.047119140625
2019-12-10 16:25:48.200000+01:00,16.4794921875
2019-12-10 16:25:48.300000+01:00,16.4794921875
2019-12-10 16:25:48.400000+01:00,16.412353515625
2019-12-10 16:25:48.500000+01:00,16.412353515625
2019-12-10 16:25:48.600000+01:00,16.9189453125
2019-12-10 16:25:48.700000+01:00,16.9189453125
2019-12-10 16:25:48.800000+01:00,16.9189453125
2019-12-10 16:25:48.900000+01:00,16.888427734375
2019-12-10 16:25:49+01:00,16.888427734375
2019-12-10 16:25:49.100000+01:00,16.39404296875
2019-12-10 16:25:49.200000+01:00,16.39404296875
2019-12-10 16:25:49.300000+01:00,16.39404296875
2019-12-10 16:25:49.400000+01:00,16.302490234375
2019-12-10 16:25:49.500000+01:00,16.302490234375
2019-12-10 16:25:49.600000+01:00,16.302490234375
2019-12-10 16:25:49.700000+01:00,15.7958984375
2019-12-10 16:25:49.800000+01:00,15.7958984375
2019-12-10 16:25:49.900000+01:00,16.778564453125
2019-12-10 16:25:50+01:00,16.778564453125
2019-12-10 16:25:50.100000+01:00,16.778564453125
2019-12-10 16:25:50.200000+01:00,17.12646484375
2019-12-10 16:25:50.300000+01:00,17.12646484375
2019-12-10 16:25:50.400000+01:00,16.650390625
2019-12-10 16:25:50.500000+01:00,16.650390625
2019-12-10 16:25:50.600000+01:00,16.650390625
2019-12-10 16:25:50.700000+01:00,16.632080078125
2019-12-10 16:25:50.800000+01:00,16.632080078125
2019-12-10 16:25:50.900000+01:00,16.632080078125
2019-12-10 16:25:51+01:00,16.02783203125
2019-12-10 16:25:51.100000+01:00,16.02783203125
2019-12-10 16:25:51.200000+01:00,14.190673828125
2019-12-10 16:25:51.300000+01:00,14.190673828125
2019-12-10 16:25:51.400000+01:00,14.208984375
2019-12-10 16:25:51.500000+01:00,14.208984375
2019-12-10 16:25:51.600000+01:00,14.208984375
2019-12-10 16:25:51.700000+01:00,14.208984375
2019-12-10 16:25:51.800000+01:00,13.580322265625
2019-12-10 16:25:51.900000+01:00,13.580322265625
2019-12-10 16:25:52+01:00,13.458251953125
2019-12-10 16:25:52.100000+01:00,13.458251953125
2019-12-10 16:25:52.200000+01:00,13.458251953125
2019-12-10 16:25:52.300000+01:00,13.116455078125
2019-12-10 16:25:52.400000+01:00,13.116455078125
2019-12-10 16:25:52.500000+01:00,13.397216796875
2019-12-10 16:25:52.600000+01:00,13.397216796875
2019-12-10 16:25:52.700000+01:00,13.87939453125
2019-12-10 16:25:52.800000+01:00,13.87939453125
2019-12-10 16:25:52.900000+01:00,13.87939453125
2019-12-10 16:25:53+01:00,13.87939453125
2019-12-10 16:25:53.100000+01:00,13.482666015625
2019-12-10 16:25:53.200000+01:00,13.482666015625
2019-12-10 16:25:53.300000+01:00,13.73291015625
2019-12-10 16:25:53.400000+01:00,13.73291015625
2019-12-10 16:25:53.500000+01:00,13.73291015625
2019-12-10 16:25:53.600000+01:00,14.068603515625
2019-12-10 16:25:53.700000+01:00,14.068603515625
2019-12-10 16:25:53.800000+01:00,13.946533203125
2019-12-10 16:25:53.900000+01:00,13.946533203125
2019-12-10 16:25:54+01:00,13.946533203125
2019-12-10 16:25:54.100000+01:00,13.90380859375
2019-12-10 16:25:54.200000+01:00,13.90380859375
2019-12-10 16:25:54.300000+01:00,13.90380859375
2019-12-10 16:25:54.400000+01:00,15.838623046875
2019-12-10 16:25:54.500000+01:00,15.838623046875
2019-12-10 16:25:54.600000+01:00,19.71435546875
2019-12-10 16:25:54.700000+01:00,19.71435546875
2019-12-10 16:25:54.800000+01:00,17.22412109375
2019-12-10 16:25:54.900000+01:00,17.22412109375
2019-12-10 16:25:55+01:00,17.22412109375
2019-12-10 16:25:55.100000+01:00,16.717529296875
2019-12-10 16:25:55.200000+01:00,16.717529296875
2019-12-10 16:25:55.300000+01:00,16.717529296875
2019-12-10 16:25:55.400000+01:00,17.413330078125
2019-12-10 16:25:55.500000+01:00,17.413330078125
2019-12-10 16:25:55.600000+01:00,17.413330078125
2019-12-10 16:25:55.700000+01:00,17.266845703125
2019-12-10 16:25:55.800000+01:00,17.266845703125
2019-12-10 16:25:55.900000+01:00,16.900634765625
2019-12-10 16:25:56+01:00,16.900634765625
2019-12-10 16:25:56.100000+01:00,16.754150390625
2019-12-10 16:25:56.200000+01:00,16.754150390625
2019-12-10 16:25:56.300000+01:00,16.754150390625
2019-12-10 16:25:56.400000+01:00,16.754150390625
2019-12-10 16:25:56.500000+01:00,16.2841796875
2019-12-10 16:25:56.600000+01:00,16.2841796875
2019-12-10 16:25:56.700000+01:00,16.8701171875
2019-12-10 16:25:56.800000+01:00,16.8701171875
2019-12-10 16:25:56.900000+01:00,16.85791015625
2019-12-10 16:25:57+01:00,16.85791015625
2019-12-10 16:25:57.100000+01:00,16.85791015625
2019-12-10 16:25:57.200000+01:00,16.4794921875
2019-12-10 16:25:57.300000+01:00,16.4794921875
2019-12-10 16:25:57.400000+01:00,16.278076171875
2019-12-10 16:25:57.500000+01:00,16.278076171875
2019-12-10 16:25:57.600000+01:00,16.278076171875
2019-12-10 16:25:57.700000+01:00,16.278076171875
2019-12-10 16:25:57.800000+01:00,15.863037109375
2019-12-10 16:25:57.900000+01:00,15.863037109375
2019-12-10 16:25:58+01:00,16.448974609375
2019-12-10 16:25:58.100000+01:00,16.448974609375
2019-12-10 16:25:58.200000+01:00,16.73583984375
2019-12-10 16:25:58.300000+01:00,16.73583984375
2019-12-10 16:25:58.400000+01:00,16.73583984375
2019-12-10 16:25:58.500000+01:00,16.583251953125
2019-12-10 16:25:58.600000+01:00,16.583251953125
2019-12-10 16:25:58.700000+01:00,16.748046875
2019-12-10 16:25:58.800000+01:00,16.748046875
2019-12-10 16:25:58.900000+01:00,16.748046875
2019-12-10 16:25:59+01:00,16.748046875
2019-12-10 16:25:59.100000+01:00,16.302490234375
2019-12-10 16:25:59.200000+01:00,16.302490234375
2019-12-10 16:25:59.300000+01:00,16.680908203125
2019-12-10 16:25:59.400000+01:00,16.680908203125
2019-12-10 16:25:59.500000+01:00,16.595458984375
2019-12-10 16:25:59.600000+01:00,16.595458984375
2019-12-10 16:25:59.700000+01:00,16.595458984375
2019-12-10 16:25:59.800000+01:00,17.999267578125
2019-12-10 16:25:59.900000+01:00,17.999267578125
2019-12-10 16:26:00+01:00,17.999267578125
2019-12-10 16:26:00.100000+01:00,19.354248046875
2019-12-10 16:26:00.200000+01:00,19.354248046875
2019-12-10 16:26:00.300000+01:00,17.0166015625
2019-12-10 16:26:00.400000+01:00,17.0166015625
2019-12-10 16:26:00.500000+01:00,17.0166015625
2019-12-10 16:26:00.600000+01:00,16.34521484375
2019-12-10 16:26:00.700000+01:00,16.34521484375
2019-12-10 16:26:00.800000+01:00,17.1630859375
2019-12-10 16:26:00.900000+01:00,17.1630859375
2019-12-10 16:26:01+01:00,17.1630859375
2019-12-10 16:26:01.100000+01:00,17.1630859375
2019-12-10 16:26:01.200000+01:00,17.4072265625
2019-12-10 16:26:01.300000+01:00,17.4072265625
2019-12-10 16:26:01.400000+01:00,17.071533203125
2019-12-10 16:26:01.500000+01:00,17.071533203125
2019-12-10 16:26:01.600000+01:00,19.171142578125
2019-12-10 16:26:01.700000+01:00,19.171142578125
2019-12-10 16:26:01.800000+01:00,19.171142578125
2019-12-10 16:26:01.900000+01:00,17.645263671875
2019-12-10 16:26:02+01:00,17.645263671875
2019-12-10 16:26:02.100000+01:00,17.279052734375
2019-12-10 16:26:02.200000+01:00,17.279052734375
2019-12-10 16:26:02.300000+01:00,17.279052734375
2019-12-10 16:26:02.400000+01:00,16.973876953125
2019-12-10 16:26:02.500000+01:00,16.973876953125
2019-12-10 16:26:02.600000+01:00,16.973876953125
2019-12-10 16:26:02.700000+01:00,16.351318359375
2019-12-10 16:26:02.800000+01:00,16.351318359375
2019-12-10 16:26:02.900000+01:00,16.1865234375
2019-12-10 16:26:03+01:00,16.1865234375
2019-12-10 16:26:03.100000+01:00,16.1865234375
2019-12-10 16:26:03.200000+01:00,16.85791015625
2019-12-10 16:26:03.300000+01:00,16.85791015625
2019-12-10 16:26:03.400000+01:00,17.144775390625
2019-12-10 16:26:03.500000+01:00,17.144775390625
2019-12-10 16:26:03.600000+01:00,17.144775390625
2019-12-10 16:26:03.700000+01:00,16.76025390625
2019-12-10 16:26:03.800000+01:00,16.76025390625
2019-12-10 16:26:03.900000+01:00,16.76025390625
2019-12-10 16:26:04+01:00,20.672607421875
2019-12-10 16:26:04.100000+01:00,20.672607421875
2019-12-10 16:26:04.200000+01:00,17.572021484375
2019-12-10 16:26:04.300000+01:00,17.572021484375
2019-12-10 16:26:04.400000+01:00,17.572021484375
2019-12-10 16:26:04.500000+01:00,16.473388671875
2019-12-10 16:26:04.600000+01:00,16.473388671875
2019-12-10 16:26:04.700000+01:00,16.473388671875
2019-12-10 16:26:04.800000+01:00,17.181396484375
2019-12-10 16:26:04.900000+01:00,17.181396484375
2019-12-10 16:26:05+01:00,17.333984375
2019-12-10 16:26:05.100000+01:00,17.333984375
2019-12-10 16:26:05.200000+01:00,17.333984375
2019-12-10 16:26:05.300000+01:00,17.0654296875
2019-12-10 16:26:05.400000+01:00,17.0654296875
2019-12-10 16:26:05.500000+01:00,17.22412109375
2019-12-10 16:26:05.600000+01:00,17.22412109375
2019-12-10 16:26:05.700000+01:00,17.596435546875
2019-12-10 16:26:05.800000+01:00,17.596435546875
2019-12-10 16:26:05.900000+01:00,17.596435546875
2019-12-10 16:26:06+01:00,17.596435546875
2019-12-10 16:26:06.100000+01:00,17.22412109375
2019-12-10 16:26:06.200000+01:00,17.22412109375
2019-12-10 16:26:06.300000+01:00,16.973876953125
2019-12-10 16:26:06.400000+01:00,16.973876953125
2019-12-10 16:26:06.500000+01:00,16.973876953125
2019-12-10 16:26:06.600000+01:00,16.339111328125
2019-12-10 16:26:06.700000+01:00,16.339111328125
2019-12-10 16:26:06.800000+01:00,16.302490234375
2019-12-10 16:26:06.900000+01:00,16.302490234375
2019-12-10 16:26:07+01:00,16.302490234375
2019-12-10 16:26:07.100000+01:00,16.766357421875
2019-12-10 16:26:07.200000+01:00,16.766357421875
2019-12-10 16:26:07.300000+01:00,16.766357421875
2019-12-10 16:26:07.400000+01:00,17.047119140625
2019-12-10 16:26:07.500000+01:00,17.047119140625
2019-12-10 16:26:07.600000+01:00,16.656494140625
2019-12-10 16:26:07.700000+01:00,16.656494140625
2019-12-10 16:26:07.800000+01:00,20.025634765625
2019-12-10 16:26:07.900000+01:00,20.025634765625
2019-12-10 16:26:08+01:00,20.025634765625
2019-12-10 16:26:08.100000+01:00,17.413330078125
2019-12-10 16:26:08.200000+01:00,17.413330078125
2019-12-10 16:26:08.300000+01:00,17.413330078125
2019-12-10 16:26:08.400000+01:00,16.424560546875
2019-12-10 16:26:08.500000+01:00,16.424560546875
2019-12-10 16:26:08.600000+01:00,16.424560546875
2019-12-10 16:26:08.700000+01:00,17.28515625
2019-12-10 16:26:08.800000+01:00,17.28515625
2019-12-10 16:26:08.900000+01:00,17.39501953125
2019-12-10 16:26:09+01:00,17.39501953125
2019-12-10 16:26:09.100000+01:00,17.120361328125
2019-12-10 16:26:09.200000+01:00,17.120361328125
2019-12-10 16:26:09.300000+01:00,17.120361328125
2019-12-10 16:26:09.400000+01:00,17.120361328125
2019-12-10 16:26:09.500000+01:00,17.169189453125
2019-12-10 16:26:09.600000+01:00,17.169189453125
2019-12-10 16:26:09.700000+01:00,16.455078125
2019-12-10 16:26:09.800000+01:00,16.455078125
2019-12-10 16:26:09.900000+01:00,16.455078125
2019-12-10 16:26:10+01:00,16.6748046875
2019-12-10 16:26:10.100000+01:00,16.6748046875
2019-12-10 16:26:10.200000+01:00,16.32080078125
2019-12-10 16:26:10.300000+01:00,16.32080078125
2019-12-10 16:26:10.400000+01:00,16.19873046875
2019-12-10 16:26:10.500000+01:00,16.19873046875
2019-12-10 16:26:10.600000+01:00,16.19873046875
2019-12-10 16:26:10.700000+01:00,16.19873046875
2019-12-10 16:26:10.800000+01:00,16.595458984375
2019-12-10 16:26:10.900000+01:00,16.595458984375
2019-12-10 16:26:11+01:00,16.9921875
2019-12-10 16:26:11.100000+01:00,16.9921875
2019-12-10 16:26:11.200000+01:00,16.8701171875
2019-12-10 16:26:11.300000+01:00,16.8701171875
2019-12-10 16:26:11.400000+01:00,16.8701171875
2019-12-10 16:26:11.500000+01:00,16.546630859375
2019-12-10 16:26:11.600000+01:00,16.546630859375
2019-12-10 16:26:11.700000+01:00,16.326904296875
2019-12-10 16:26:11.800000+01:00,16.326904296875
2019-12-10 16:26:11.900000+01:00,16.326904296875
2019-12-10 16:26:12+01:00,16.326904296875
2019-12-10 16:26:12.100000+01:00,15.78369140625
2019-12-10 16:26:12.200000+01:00,15.78369140625
2019-12-10 16:26:12.300000+01:00,16.229248046875
2019-12-10 16:26:12.400000+01:00,16.229248046875
2019-12-10 16:26:12.500000+01:00,17.10205078125
2019-12-10 16:26:12.600000+01:00,17.10205078125
2019-12-10 16:26:12.700000+01:00,17.10205078125
2019-12-10 16:26:12.800000+01:00,16.876220703125
2019-12-10 16:26:12.900000+01:00,16.876220703125
2019-12-10 16:26:13+01:00,16.876220703125
2019-12-10 16:26:13.100000+01:00,16.693115234375
2019-12-10 16:26:13.200000+01:00,16.693115234375
2019-12-10 16:26:13.300000+01:00,16.4306640625
2019-12-10 16:26:13.400000+01:00,16.4306640625
2019-12-10 16:26:13.500000+01:00,16.4306640625
2019-12-10 16:26:13.600000+01:00,16.241455078125
2019-12-10 16:26:13.700000+01:00,16.241455078125
2019-12-10 16:26:13.800000+01:00,16.961669921875
2019-12-10 16:26:13.900000+01:00,16.961669921875
2019-12-10 16:26:14+01:00,16.961669921875
2019-12-10 16:26:14.100000+01:00,16.650390625
2019-12-10 16:26:14.200000+01:00,16.650390625
2019-12-10 16:26:14.300000+01:00,16.650390625
2019-12-10 16:26:14.400000+01:00,16.229248046875
2019-12-10 16:26:14.500000+01:00,16.229248046875
2019-12-10 16:26:14.600000+01:00,16.058349609375
2019-12-10 16:26:14.700000+01:00,16.058349609375
2019-12-10 16:26:14.800000+01:00,16.058349609375
2019-12-10 16:26:14.900000+01:00,15.966796875
2019-12-10 16:26:15+01:00,15.966796875
2019-12-10 16:26:15.100000+01:00,16.693115234375
2019-12-10 16:26:15.200000+01:00,16.693115234375
2019-12-10 16:26:15.300000+01:00,16.705322265625
2019-12-10 16:26:15.400000+01:00,16.705322265625
2019-12-10 16:26:15.500000+01:00,16.705322265625
2019-12-10 16:26:15.600000+01:00,16.705322265625
2019-12-10 16:26:15.700000+01:00,16.766357421875
2019-12-10 16:26:15.800000+01:00,16.766357421875
2019-12-10 16:26:15.900000+01:00,16.650390625
2019-12-10 16:26:16+01:00,16.650390625
2019-12-10 16:26:16.100000+01:00,16.650390625
2019-12-10 16:26:16.200000+01:00,16.259765625
2019-12-10 16:26:16.300000+01:00,16.259765625
2019-12-10 16:26:16.400000+01:00,16.90673828125
2019-12-10 16:26:16.500000+01:00,16.90673828125
2019-12-10 16:26:16.600000+01:00,16.90673828125
2019-12-10 16:26:16.700000+01:00,16.558837890625
2019-12-10 16:26:16.800000+01:00,16.558837890625
2019-12-10 16:26:16.900000+01:00,16.558837890625
2019-12-10 16:26:17+01:00,14.312744140625
2019-12-10 16:26:17.100000+01:00,14.312744140625
2019-12-10 16:26:17.200000+01:00,17.254638671875
2019-12-10 16:26:17.300000+01:00,17.254638671875
2019-12-10 16:26:17.400000+01:00,17.254638671875
2019-12-10 16:26:17.500000+01:00,18.1640625
2019-12-10 16:26:17.600000+01:00,18.1640625
2019-12-10 16:26:17.700000+01:00,18.1640625
2019-12-10 16:26:17.800000+01:00,16.51611328125
2019-12-10 16:26:17.900000+01:00,16.51611328125
2019-12-10 16:26:18+01:00,16.6015625
2019-12-10 16:26:18.100000+01:00,16.6015625
2019-12-10 16:26:18.200000+01:00,16.6015625
2019-12-10 16:26:18.300000+01:00,17.39501953125
2019-12-10 16:26:18.400000+01:00,17.39501953125
2019-12-10 16:26:18.500000+01:00,17.3095703125
2019-12-10 16:26:18.600000+01:00,17.3095703125
2019-12-10 16:26:18.700000+01:00,17.1875
2019-12-10 16:26:18.800000+01:00,17.1875
2019-12-10 16:26:18.900000+01:00,17.1875
2019-12-10 16:26:19+01:00,17.1875
2019-12-10 16:26:19.100000+01:00,16.93115234375
2019-12-10 16:26:19.200000+01:00,16.93115234375
2019-12-10 16:26:19.300000+01:00,17.462158203125
2019-12-10 16:26:19.400000+01:00,17.462158203125
2019-12-10 16:26:19.500000+01:00,17.462158203125
2019-12-10 16:26:19.600000+01:00,16.6259765625
2019-12-10 16:26:19.700000+01:00,16.6259765625
2019-12-10 16:26:19.800000+01:00,16.339111328125
2019-12-10 16:26:19.900000+01:00,16.339111328125
2019-12-10 16:26:20+01:00,16.3818359375
2019-12-10 16:26:20.100000+01:00,16.3818359375
2019-12-10 16:26:20.200000+01:00,16.3818359375
2019-12-10 16:26:20.300000+01:00,16.3818359375
2019-12-10 16:26:20.400000+01:00,16.839599609375
2019-12-10 16:26:20.500000+01:00,16.839599609375
2019-12-10 16:26:20.600000+01:00,17.169189453125
2019-12-10 16:26:20.700000+01:00,17.169189453125
2019-12-10 16:26:20.800000+01:00,16.778564453125
2019-12-10 16:26:20.900000+01:00,16.778564453125
2019-12-10 16:26:21+01:00,16.778564453125
2019-12-10 16:26:21.100000+01:00,16.50390625
2019-12-10 16:26:21.200000+01:00,16.50390625
2019-12-10 16:26:21.300000+01:00,16.50390625
2019-12-10 16:26:21.400000+01:00,16.2353515625
2019-12-10 16:26:21.500000+01:00,16.2353515625
2019-12-10 16:26:21.600000+01:00,16.2353515625
2019-12-10 16:26:21.700000+01:00,15.899658203125
2019-12-10 16:26:21.800000+01:00,15.899658203125
2019-12-10 16:26:21.900000+01:00,16.66259765625
2019-12-10 16:26:22+01:00,16.66259765625
2019-12-10 16:26:22.100000+01:00,17.059326171875
2019-12-10 16:26:22.200000+01:00,17.059326171875
2019-12-10 16:26:22.300000+01:00,17.059326171875
2019-12-10 16:26:22.400000+01:00,16.680908203125
2019-12-10 16:26:22.500000+01:00,16.680908203125
2019-12-10 16:26:22.600000+01:00,16.680908203125
2019-12-10 16:26:22.700000+01:00,16.778564453125
2019-12-10 16:26:22.800000+01:00,16.778564453125
2019-12-10 16:26:22.900000+01:00,16.778564453125
2019-12-10 16:26:23+01:00,16.12548828125
2019-12-10 16:26:23.100000+01:00,16.12548828125
2019-12-10 16:26:23.200000+01:00,16.49169921875
2019-12-10 16:26:23.300000+01:00,16.49169921875
2019-12-10 16:26:23.400000+01:00,17.00439453125
2019-12-10 16:26:23.500000+01:00,17.00439453125
2019-12-10 16:26:23.600000+01:00,17.00439453125
2019-12-10 16:26:23.700000+01:00,17.00439453125
2019-12-10 16:26:23.800000+01:00,16.424560546875
2019-12-10 16:26:23.900000+01:00,16.424560546875
2019-12-10 16:26:24+01:00,16.192626953125
2019-12-10 16:26:24.100000+01:00,16.192626953125
2019-12-10 16:26:24.200000+01:00,15.826416015625
2019-12-10 16:26:24.300000+01:00,15.826416015625
2019-12-10 16:26:24.400000+01:00,15.826416015625
2019-12-10 16:26:24.500000+01:00,16.094970703125
2019-12-10 16:26:24.600000+01:00,16.094970703125
2019-12-10 16:26:24.700000+01:00,16.729736328125
2019-12-10 16:26:24.800000+01:00,16.729736328125
2019-12-10 16:26:24.900000+01:00,16.729736328125
2019-12-10 16:26:25+01:00,16.729736328125
2019-12-10 16:26:25.100000+01:00,16.56494140625
2019-12-10 16:26:25.200000+01:00,16.56494140625
2019-12-10 16:26:25.300000+01:00,16.864013671875
2019-12-10 16:26:25.400000+01:00,16.864013671875
2019-12-10 16:26:25.500000+01:00,16.1865234375
2019-12-10 16:26:25.600000+01:00,16.1865234375
2019-12-10 16:26:25.700000+01:00,16.1865234375
2019-12-10 16:26:25.800000+01:00,16.3818359375
2019-12-10 16:26:25.900000+01:00,16.3818359375
2019-12-10 16:26:26+01:00,16.3818359375
2019-12-10 16:26:26.100000+01:00,16.83349609375
2019-12-10 16:26:26.200000+01:00,16.83349609375
2019-12-10 16:26:26.300000+01:00,16.497802734375
2019-12-10 16:26:26.400000+01:00,16.497802734375
2019-12-10 16:26:26.500000+01:00,16.497802734375
2019-12-10 16:26:26.600000+01:00,16.571044921875
2019-12-10 16:26:26.700000+01:00,16.571044921875
2019-12-10 16:26:26.800000+01:00,19.525146484375
2019-12-10 16:26:26.900000+01:00,19.525146484375
2019-12-10 16:26:27+01:00,19.525146484375
2019-12-10 16:26:27.100000+01:00,20.587158203125
2019-12-10 16:26:27.200000+01:00,20.587158203125
2019-12-10 16:26:27.300000+01:00,20.587158203125
2019-12-10 16:26:27.400000+01:00,29.1259765625
2019-12-10 16:26:27.500000+01:00,29.1259765625
2019-12-10 16:26:27.600000+01:00,8.88671875
2019-12-10 16:26:27.700000+01:00,8.88671875
2019-12-10 16:26:27.800000+01:00,8.88671875
2019-12-10 16:26:27.900000+01:00,20.458984375
2019-12-10 16:26:28+01:00,20.458984375
2019-12-10 16:26:28.100000+01:00,20.86181640625
2019-12-10 16:26:28.200000+01:00,20.86181640625
2019-12-10 16:26:28.300000+01:00,20.86181640625
2019-12-10 16:26:28.400000+01:00,20.9716796875
2019-12-10 16:26:28.500000+01:00,20.9716796875
2019-12-10 16:26:28.600000+01:00,20.9716796875
2019-12-10 16:26:28.700000+01:00,18.865966796875
2019-12-10 16:26:28.800000+01:00,18.865966796875
2019-12-10 16:26:28.900000+01:00,18.865966796875
2019-12-10 16:26:29+01:00,14.520263671875
2019-12-10 16:26:29.100000+01:00,14.520263671875
2019-12-10 16:26:29.200000+01:00,21.38671875
2019-12-10 16:26:29.300000+01:00,21.38671875
2019-12-10 16:26:29.400000+01:00,16.912841796875
2019-12-10 16:26:29.500000+01:00,16.912841796875
2019-12-10 16:26:29.600000+01:00,16.912841796875
2019-12-10 16:26:29.700000+01:00,16.912841796875
2019-12-10 16:26:29.800000+01:00,16.12548828125
2019-12-10 16:26:29.900000+01:00,16.12548828125
2019-12-10 16:26:30+01:00,16.729736328125
2019-12-10 16:26:30.100000+01:00,16.729736328125
2019-12-10 16:26:30.200000+01:00,16.3330078125
2019-12-10 16:26:30.300000+01:00,16.3330078125
2019-12-10 16:26:30.400000+01:00,16.3330078125
2019-12-10 16:26:30.500000+01:00,15.899658203125
2019-12-10 16:26:30.600000+01:00,15.899658203125
2019-12-10 16:26:30.700000+01:00,15.850830078125
2019-12-10 16:26:30.800000+01:00,15.850830078125
2019-12-10 16:26:30.900000+01:00,15.850830078125
2019-12-10 16:26:31+01:00,15.850830078125
2019-12-10 16:26:31.100000+01:00,16.864013671875
2019-12-10 16:26:31.200000+01:00,16.864013671875
2019-12-10 16:26:31.300000+01:00,16.58935546875
2019-12-10 16:26:31.400000+01:00,16.58935546875
2019-12-10 16:26:31.500000+01:00,12.652587890625
2019-12-10 16:26:31.600000+01:00,12.652587890625
2019-12-10 16:26:31.700000+01:00,12.652587890625
2019-12-10 16:26:31.800000+01:00,10.9619140625
2019-12-10 16:26:31.900000+01:00,10.9619140625
2019-12-10 16:26:32+01:00,10.9619140625
2019-12-10 16:26:32.100000+01:00,9.814453125
2019-12-10 16:26:32.200000+01:00,9.814453125
2019-12-10 16:26:32.300000+01:00,8.4716796875
2019-12-10 16:26:32.400000+01:00,8.4716796875
2019-12-10 16:26:32.500000+01:00,8.4716796875
2019-12-10 16:26:32.600000+01:00,8.0810546875
2019-12-10 16:26:32.700000+01:00,8.0810546875
2019-12-10 16:26:32.800000+01:00,8.184814453125
2019-12-10 16:26:32.900000+01:00,8.184814453125
2019-12-10 16:26:33+01:00,8.184814453125
2019-12-10 16:26:33.100000+01:00,8.7646484375
2019-12-10 16:26:33.200000+01:00,8.7646484375
2019-12-10 16:26:33.300000+01:00,8.7646484375
2019-12-10 16:26:33.400000+01:00,8.11767578125
2019-12-10 16:26:33.500000+01:00,8.11767578125
2019-12-10 16:26:33.600000+01:00,8.502197265625
2019-12-10 16:26:33.700000+01:00,8.502197265625
2019-12-10 16:26:33.800000+01:00,8.502197265625
2019-12-10 16:26:33.900000+01:00,8.60595703125
2019-12-10 16:26:34+01:00,8.60595703125
2019-12-10 16:26:34.100000+01:00,8.526611328125
2019-12-10 16:26:34.200000+01:00,8.526611328125
2019-12-10 16:26:34.300000+01:00,8.526611328125
2019-12-10 16:26:34.400000+01:00,8.526611328125
2019-12-10 16:26:34.500000+01:00,8.258056640625
2019-12-10 16:26:34.600000+01:00,8.258056640625
2019-12-10 16:26:34.700000+01:00,8.319091796875
2019-12-10 16:26:34.800000+01:00,8.319091796875
2019-12-10 16:26:34.900000+01:00,8.8134765625
2019-12-10 16:26:35+01:00,8.8134765625
2019-12-10 16:26:35.100000+01:00,8.8134765625
2019-12-10 16:26:35.200000+01:00,8.587646484375
2019-12-10 16:26:35.300000+01:00,8.587646484375
2019-12-10 16:26:35.400000+01:00,8.740234375
2019-12-10 16:26:35.500000+01:00,8.740234375
2019-12-10 16:26:35.600000+01:00,8.740234375
2019-12-10 16:26:35.700000+01:00,8.831787109375
2019-12-10 16:26:35.800000+01:00,8.831787109375
2019-12-10 16:26:35.900000+01:00,8.831787109375
2019-12-10 16:26:36+01:00,8.306884765625
2019-12-10 16:26:36.100000+01:00,8.306884765625
2019-12-10 16:26:36.200000+01:00,8.3740234375
2019-12-10 16:26:36.300000+01:00,8.3740234375
2019-12-10 16:26:36.400000+01:00,8.3740234375
2019-12-10 16:26:36.500000+01:00,9.100341796875
2019-12-10 16:26:36.600000+01:00,9.100341796875
2019-12-10 16:26:36.700000+01:00,9.100341796875
2019-12-10 16:26:36.800000+01:00,8.624267578125
2019-12-10 16:26:36.900000+01:00,8.624267578125
2019-12-10 16:26:37+01:00,8.65478515625
2019-12-10 16:26:37.100000+01:00,8.65478515625
2019-12-10 16:26:37.200000+01:00,8.65478515625
2019-12-10 16:26:37.300000+01:00,8.819580078125
2019-12-10 16:26:37.400000+01:00,8.819580078125
2019-12-10 16:26:37.500000+01:00,8.355712890625
2019-12-10 16:26:37.600000+01:00,8.355712890625
2019-12-10 16:26:37.700000+01:00,8.636474609375
2019-12-10 16:26:37.800000+01:00,8.636474609375
2019-12-10 16:26:37.900000+01:00,8.636474609375
2019-12-10 16:26:38+01:00,8.636474609375
2019-12-10 16:26:38.100000+01:00,8.80126953125
2019-12-10 16:26:38.200000+01:00,8.80126953125
2019-12-10 16:26:38.300000+01:00,8.868408203125
2019-12-10 16:26:38.400000+01:00,8.868408203125
2019-12-10 16:26:38.500000+01:00,8.868408203125
2019-12-10 16:26:38.600000+01:00,8.978271484375
2019-12-10 16:26:38.700000+01:00,8.978271484375
2019-12-10 16:26:38.800000+01:00,8.69140625
2019-12-10 16:26:38.900000+01:00,8.69140625
2019-12-10 16:26:39+01:00,8.43505859375
2019-12-10 16:26:39.100000+01:00,8.43505859375
2019-12-10 16:26:39.200000+01:00,8.43505859375
2019-12-10 16:26:39.300000+01:00,8.43505859375
2019-12-10 16:26:39.400000+01:00,9.08203125
2019-12-10 16:26:39.500000+01:00,9.08203125
2019-12-10 16:26:39.600000+01:00,9.08203125
2019-12-10 16:26:39.700000+01:00,9.08203125
2019-12-10 16:26:39.800000+01:00,9.08203125
2019-12-10 16:26:39.900000+01:00,9.3505859375
2019-12-10 16:26:40+01:00,9.3505859375
2019-12-10 16:26:40.100000+01:00,9.088134765625
2019-12-10 16:26:40.200000+01:00,9.088134765625
2019-12-10 16:26:40.300000+01:00,9.088134765625
2019-12-10 16:26:40.400000+01:00,9.85107421875
2019-12-10 16:26:40.500000+01:00,9.85107421875
2019-12-10 16:26:40.600000+01:00,9.85107421875
2019-12-10 16:26:40.700000+01:00,9.002685546875
2019-12-10 16:26:40.800000+01:00,9.002685546875
2019-12-10 16:26:40.900000+01:00,9.4482421875
2019-12-10 16:26:41+01:00,9.4482421875
2019-12-10 16:26:41.100000+01:00,9.112548828125
2019-12-10 16:26:41.200000+01:00,9.112548828125
2019-12-10 16:26:41.300000+01:00,9.112548828125
2019-12-10 16:26:41.400000+01:00,9.112548828125
2019-12-10 16:26:41.500000+01:00,9.521484375
2019-12-10 16:26:41.600000+01:00,9.521484375
2019-12-10 16:26:41.700000+01:00,10.26611328125
2019-12-10 16:26:41.800000+01:00,10.26611328125
2019-12-10 16:26:41.900000+01:00,10.26611328125
2019-12-10 16:26:42+01:00,9.82666015625
2019-12-10 16:26:42.100000+01:00,9.82666015625
2019-12-10 16:26:42.200000+01:00,15.118408203125
2019-12-10 16:26:42.300000+01:00,15.118408203125
2019-12-10 16:26:42.400000+01:00,36.328125
2019-12-10 16:26:42.500000+01:00,36.328125
2019-12-10 16:26:42.600000+01:00,36.328125
2019-12-10 16:26:42.700000+01:00,36.328125
2019-12-10 16:26:42.800000+01:00,20.550537109375
2019-12-10 16:26:42.900000+01:00,20.550537109375
2019-12-10 16:26:43+01:00,50.9033203125
2019-12-10 16:26:43.100000+01:00,50.9033203125
2019-12-10 16:26:43.200000+01:00,28.564453125
2019-12-10 16:26:43.300000+01:00,28.564453125
2019-12-10 16:26:43.400000+01:00,28.564453125
2019-12-10 16:26:43.500000+01:00,20.098876953125
2019-12-10 16:26:43.600000+01:00,20.098876953125
2019-12-10 16:26:43.700000+01:00,20.1171875
2019-12-10 16:26:43.800000+01:00,20.1171875
2019-12-10 16:26:43.900000+01:00,20.1171875
2019-12-10 16:26:44+01:00,20.1171875
2019-12-10 16:26:44.100000+01:00,20.013427734375
2019-12-10 16:26:44.200000+01:00,20.013427734375
2019-12-10 16:26:44.300000+01:00,20.56884765625
2019-12-10 16:26:44.400000+01:00,20.56884765625
2019-12-10 16:26:44.500000+01:00,15.924072265625
2019-12-10 16:26:44.600000+01:00,15.924072265625
2019-12-10 16:26:44.700000+01:00,15.924072265625
2019-12-10 16:26:44.800000+01:00,13.555908203125
2019-12-10 16:26:44.900000+01:00,13.555908203125
2019-12-10 16:26:45+01:00,13.555908203125
2019-12-10 16:26:45.100000+01:00,22.198486328125
2019-12-10 16:26:45.200000+01:00,22.198486328125
2019-12-10 16:26:45.300000+01:00,17.510986328125
2019-12-10 16:26:45.400000+01:00,17.510986328125
2019-12-10 16:26:45.500000+01:00,17.510986328125
2019-12-10 16:26:45.600000+01:00,16.497802734375
2019-12-10 16:26:45.700000+01:00,16.497802734375
2019-12-10 16:26:45.800000+01:00,16.986083984375
2019-12-10 16:26:45.900000+01:00,16.986083984375
2019-12-10 16:26:46+01:00,16.986083984375
2019-12-10 16:26:46.100000+01:00,16.5771484375
2019-12-10 16:26:46.200000+01:00,16.5771484375
2019-12-10 16:26:46.300000+01:00,16.5771484375
2019-12-10 16:26:46.400000+01:00,15.924072265625
2019-12-10 16:26:46.500000+01:00,15.924072265625
2019-12-10 16:26:46.600000+01:00,17.00439453125
2019-12-10 16:26:46.700000+01:00,17.00439453125
2019-12-10 16:26:46.800000+01:00,17.00439453125
2019-12-10 16:26:46.900000+01:00,15.985107421875
2019-12-10 16:26:47+01:00,15.985107421875
2019-12-10 16:26:47.100000+01:00,16.4306640625
2019-12-10 16:26:47.200000+01:00,16.4306640625
2019-12-10 16:26:47.300000+01:00,16.4306640625
2019-12-10 16:26:47.400000+01:00,16.4306640625
2019-12-10 16:26:47.500000+01:00,15.875244140625
2019-12-10 16:26:47.600000+01:00,15.875244140625
2019-12-10 16:26:47.700000+01:00,16.571044921875
2019-12-10 16:26:47.800000+01:00,16.571044921875
2019-12-10 16:26:47.900000+01:00,16.5771484375
2019-12-10 16:26:48+01:00,16.5771484375
2019-12-10 16:26:48.100000+01:00,16.5771484375
2019-12-10 16:26:48.200000+01:00,16.815185546875
2019-12-10 16:26:48.300000+01:00,16.815185546875
2019-12-10 16:26:48.400000+01:00,15.625
2019-12-10 16:26:48.500000+01:00,15.625
2019-12-10 16:26:48.600000+01:00,15.625
2019-12-10 16:26:48.700000+01:00,16.78466796875
2019-12-10 16:26:48.800000+01:00,16.78466796875
2019-12-10 16:26:48.900000+01:00,16.78466796875
2019-12-10 16:26:49+01:00,15.960693359375
2019-12-10 16:26:49.100000+01:00,15.960693359375
2019-12-10 16:26:49.200000+01:00,16.2841796875
2019-12-10 16:26:49.300000+01:00,16.2841796875
2019-12-10 16:26:49.400000+01:00,16.2841796875
2019-12-10 16:26:49.500000+01:00,16.058349609375
2019-12-10 16:26:49.600000+01:00,16.058349609375
2019-12-10 16:26:49.700000+01:00,15.6982421875
2019-12-10 16:26:49.800000+01:00,15.6982421875
2019-12-10 16:26:49.900000+01:00,15.6982421875
2019-12-10 16:26:50+01:00,16.34521484375
2019-12-10 16:26:50.100000+01:00,16.34521484375
2019-12-10 16:26:50.200000+01:00,16.34521484375
2019-12-10 16:26:50.300000+01:00,15.667724609375
2019-12-10 16:26:50.400000+01:00,15.667724609375
2019-12-10 16:26:50.500000+01:00,15.765380859375
2019-12-10 16:26:50.600000+01:00,15.765380859375
2019-12-10 16:26:50.700000+01:00,15.6005859375
2019-12-10 16:26:50.800000+01:00,15.6005859375
2019-12-10 16:26:50.900000+01:00,15.6005859375
2019-12-10 16:26:51+01:00,15.6005859375
2019-12-10 16:26:51.100000+01:00,16.24755859375
2019-12-10 16:26:51.200000+01:00,16.24755859375
2019-12-10 16:26:51.300000+01:00,15.533447265625
2019-12-10 16:26:51.400000+01:00,15.533447265625
2019-12-10 16:26:51.500000+01:00,15.533447265625
2019-12-10 16:26:51.600000+01:00,16.1376953125
2019-12-10 16:26:51.700000+01:00,16.1376953125
2019-12-10 16:26:51.800000+01:00,16.168212890625
2019-12-10 16:26:51.900000+01:00,16.168212890625
2019-12-10 16:26:52+01:00,15.24658203125
2019-12-10 16:26:52.100000+01:00,15.24658203125
2019-12-10 16:26:52.200000+01:00,15.24658203125
2019-12-10 16:26:52.300000+01:00,15.24658203125
2019-12-10 16:26:52.400000+01:00,20.5322265625
2019-12-10 16:26:52.500000+01:00,20.5322265625
2019-12-10 16:26:52.600000+01:00,51.2939453125
2019-12-10 16:26:52.700000+01:00,51.2939453125
2019-12-10 16:26:52.800000+01:00,51.2939453125
2019-12-10 16:26:52.900000+01:00,28.61328125
2019-12-10 16:26:53+01:00,28.61328125
2019-12-10 16:26:53.100000+01:00,28.21044921875
2019-12-10 16:26:53.200000+01:00,28.21044921875
2019-12-10 16:26:53.300000+01:00,28.21044921875
2019-12-10 16:26:53.400000+01:00,20.3857421875
2019-12-10 16:26:53.500000+01:00,20.3857421875
2019-12-10 16:26:53.600000+01:00,20.3857421875
2019-12-10 16:26:53.700000+01:00,20.4345703125
2019-12-10 16:26:53.800000+01:00,20.4345703125
2019-12-10 16:26:53.900000+01:00,19.44580078125
2019-12-10 16:26:54+01:00,19.44580078125
2019-12-10 16:26:54.100000+01:00,20.245361328125
2019-12-10 16:26:54.200000+01:00,20.245361328125
2019-12-10 16:26:54.300000+01:00,20.245361328125
2019-12-10 16:26:54.400000+01:00,20.245361328125
2019-12-10 16:26:54.500000+01:00,4.1015625
2019-12-10 16:26:54.600000+01:00,4.1015625
2019-12-10 16:26:54.700000+01:00,26.959228515625
2019-12-10 16:26:54.800000+01:00,26.959228515625
2019-12-10 16:26:54.900000+01:00,26.959228515625
2019-12-10 16:26:55+01:00,27.154541015625
2019-12-10 16:26:55.100000+01:00,27.154541015625
2019-12-10 16:26:55.200000+01:00,16.30859375
2019-12-10 16:26:55.300000+01:00,16.30859375
2019-12-10 16:26:55.400000+01:00,16.95556640625
2019-12-10 16:26:55.500000+01:00,16.95556640625
2019-12-10 16:26:55.600000+01:00,16.95556640625
2019-12-10 16:26:55.700000+01:00,16.95556640625
2019-12-10 16:26:55.800000+01:00,16.278076171875
2019-12-10 16:26:55.900000+01:00,16.278076171875
2019-12-10 16:26:56+01:00,15.789794921875
2019-12-10 16:26:56.100000+01:00,15.789794921875
2019-12-10 16:26:56.200000+01:00,16.168212890625
2019-12-10 16:26:56.300000+01:00,16.168212890625
2019-12-10 16:26:56.400000+01:00,16.168212890625
2019-12-10 16:26:56.500000+01:00,16.29638671875
2019-12-10 16:26:56.600000+01:00,16.29638671875
2019-12-10 16:26:56.700000+01:00,12.24365234375
2019-12-10 16:26:56.800000+01:00,12.24365234375
2019-12-10 16:26:56.900000+01:00,12.24365234375
2019-12-10 16:26:57+01:00,12.24365234375
2019-12-10 16:26:57.100000+01:00,11.7919921875
2019-12-10 16:26:57.200000+01:00,11.7919921875
2019-12-10 16:26:57.300000+01:00,10.55908203125
2019-12-10 16:26:57.400000+01:00,10.55908203125
2019-12-10 16:26:57.500000+01:00,10.4736328125
2019-12-10 16:26:57.600000+01:00,10.4736328125
2019-12-10 16:26:57.700000+01:00,10.4736328125
2019-12-10 16:26:57.800000+01:00,11.083984375
2019-12-10 16:26:57.900000+01:00,11.083984375
2019-12-10 16:26:58+01:00,10.711669921875
2019-12-10 16:26:58.100000+01:00,10.711669921875
2019-12-10 16:26:58.200000+01:00,10.711669921875
2019-12-10 16:26:58.300000+01:00,10.711669921875
2019-12-10 16:26:58.400000+01:00,10.467529296875
2019-12-10 16:26:58.500000+01:00,10.467529296875
2019-12-10 16:26:58.600000+01:00,10.382080078125
2019-12-10 16:26:58.700000+01:00,10.382080078125
2019-12-10 16:26:58.800000+01:00,10.07080078125
2019-12-10 16:26:58.900000+01:00,10.07080078125
2019-12-10 16:26:59+01:00,10.07080078125
2019-12-10 16:26:59.100000+01:00,10.784912109375
2019-12-10 16:26:59.200000+01:00,10.784912109375
2019-12-10 16:26:59.300000+01:00,10.784912109375
2019-12-10 16:26:59.400000+01:00,10.7421875
2019-12-10 16:26:59.500000+01:00,10.7421875
2019-12-10 16:26:59.600000+01:00,10.51025390625
2019-12-10 16:26:59.700000+01:00,10.51025390625
2019-12-10 16:26:59.800000+01:00,10.51025390625
2019-12-10 16:26:59.900000+01:00,10.595703125
2019-12-10 16:27:00+01:00,10.595703125
2019-12-10 16:27:00.100000+01:00,10.2783203125
2019-12-10 16:27:00.200000+01:00,10.2783203125
2019-12-10 16:27:00.300000+01:00,10.2783203125
2019-12-10 16:27:00.400000+01:00,10.2783203125
2019-12-10 16:27:00.500000+01:00,11.114501953125
2019-12-10 16:27:00.600000+01:00,11.114501953125
2019-12-10 16:27:00.700000+01:00,10.736083984375
2019-12-10 16:27:00.800000+01:00,10.736083984375
2019-12-10 16:27:00.900000+01:00,10.77880859375
2019-12-10 16:27:01+01:00,10.77880859375
2019-12-10 16:27:01.100000+01:00,10.77880859375
2019-12-10 16:27:01.200000+01:00,10.53466796875
2019-12-10 16:27:01.300000+01:00,10.53466796875
2019-12-10 16:27:01.400000+01:00,11.102294921875
2019-12-10 16:27:01.500000+01:00,11.102294921875
2019-12-10 16:27:01.600000+01:00,11.1328125
2019-12-10 16:27:01.700000+01:00,11.1328125
2019-12-10 16:27:01.800000+01:00,11.1328125
2019-12-10 16:27:01.900000+01:00,11.1328125
2019-12-10 16:27:02+01:00,11.376953125
2019-12-10 16:27:02.100000+01:00,11.376953125
2019-12-10 16:27:02.200000+01:00,10.82763671875
2019-12-10 16:27:02.300000+01:00,10.82763671875
2019-12-10 16:27:02.400000+01:00,10.82763671875
2019-12-10 16:27:02.500000+01:00,11.4013671875
2019-12-10 16:27:02.600000+01:00,11.4013671875
2019-12-10 16:27:02.700000+01:00,11.29150390625
2019-12-10 16:27:02.800000+01:00,11.29150390625
2019-12-10 16:27:02.900000+01:00,11.29150390625
2019-12-10 16:27:03+01:00,11.114501953125
2019-12-10 16:27:03.100000+01:00,11.114501953125
2019-12-10 16:27:03.200000+01:00,11.114501953125
2019-12-10 16:27:03.300000+01:00,11.9140625
2019-12-10 16:27:03.400000+01:00,11.9140625
2019-12-10 16:27:03.500000+01:00,11.248779296875
2019-12-10 16:27:03.600000+01:00,11.248779296875
2019-12-10 16:27:03.700000+01:00,11.248779296875
2019-12-10 16:27:03.800000+01:00,11.04736328125
2019-12-10 16:27:03.900000+01:00,11.04736328125
2019-12-10 16:27:04+01:00,11.04736328125
2019-12-10 16:27:04.100000+01:00,11.834716796875
2019-12-10 16:27:04.200000+01:00,11.834716796875
2019-12-10 16:27:04.300000+01:00,11.99951171875
2019-12-10 16:27:04.400000+01:00,11.99951171875
2019-12-10 16:27:04.500000+01:00,11.99951171875
2019-12-10 16:27:04.600000+01:00,16.8701171875
2019-12-10 16:27:04.700000+01:00,16.8701171875
2019-12-10 16:27:04.800000+01:00,15.7470703125
2019-12-10 16:27:04.900000+01:00,15.7470703125
2019-12-10 16:27:05+01:00,20.654296875
2019-12-10 16:27:05.100000+01:00,20.654296875
2019-12-10 16:27:05.200000+01:00,20.654296875
2019-12-10 16:27:05.300000+01:00,20.654296875
2019-12-10 16:27:05.400000+01:00,20.42236328125
2019-12-10 16:27:05.500000+01:00,20.42236328125
2019-12-10 16:27:05.600000+01:00,27.89306640625
2019-12-10 16:27:05.700000+01:00,27.89306640625
2019-12-10 16:27:05.800000+01:00,27.89306640625
2019-12-10 16:27:05.900000+01:00,16.357421875
2019-12-10 16:27:06+01:00,16.357421875
2019-12-10 16:27:06.100000+01:00,16.90673828125
2019-12-10 16:27:06.200000+01:00,16.90673828125
2019-12-10 16:27:06.300000+01:00,16.119384765625
2019-12-10 16:27:06.400000+01:00,16.119384765625
2019-12-10 16:27:06.500000+01:00,16.119384765625
2019-12-10 16:27:06.600000+01:00,16.119384765625
2019-12-10 16:27:06.700000+01:00,15.997314453125
2019-12-10 16:27:06.800000+01:00,15.997314453125
2019-12-10 16:27:06.900000+01:00,16.9677734375
2019-12-10 16:27:07+01:00,16.9677734375
2019-12-10 16:27:07.100000+01:00,15.19775390625
2019-12-10 16:27:07.200000+01:00,15.19775390625
2019-12-10 16:27:07.300000+01:00,15.19775390625
2019-12-10 16:27:07.400000+01:00,12.79296875
2019-12-10 16:27:07.500000+01:00,12.79296875
2019-12-10 16:27:07.600000+01:00,12.79296875
2019-12-10 16:27:07.700000+01:00,13.079833984375
2019-12-10 16:27:07.800000+01:00,13.079833984375
2019-12-10 16:27:07.900000+01:00,13.079833984375
2019-12-10 16:27:08+01:00,11.968994140625
2019-12-10 16:27:08.100000+01:00,11.968994140625
2019-12-10 16:27:08.200000+01:00,12.2802734375
2019-12-10 16:27:08.300000+01:00,12.2802734375
2019-12-10 16:27:08.400000+01:00,12.457275390625
2019-12-10 16:27:08.500000+01:00,12.457275390625
2019-12-10 16:27:08.600000+01:00,12.457275390625
2019-12-10 16:27:08.700000+01:00,12.457275390625
2019-12-10 16:27:08.800000+01:00,12.60986328125
2019-12-10 16:27:08.900000+01:00,12.60986328125
2019-12-10 16:27:09+01:00,12.6708984375
2019-12-10 16:27:09.100000+01:00,12.6708984375
2019-12-10 16:27:09.200000+01:00,12.6708984375
2019-12-10 16:27:09.300000+01:00,12.274169921875
2019-12-10 16:27:09.400000+01:00,12.274169921875
2019-12-10 16:27:09.500000+01:00,11.859130859375
2019-12-10 16:27:09.600000+01:00,11.859130859375
2019-12-10 16:27:09.700000+01:00,12.237548828125
2019-12-10 16:27:09.800000+01:00,12.237548828125
2019-12-10 16:27:09.900000+01:00,12.237548828125
2019-12-10 16:27:10+01:00,12.237548828125
2019-12-10 16:27:10.100000+01:00,12.02392578125
2019-12-10 16:27:10.200000+01:00,12.02392578125
2019-12-10 16:27:10.300000+01:00,12.0361328125
2019-12-10 16:27:10.400000+01:00,12.0361328125
2019-12-10 16:27:10.500000+01:00,11.383056640625
2019-12-10 16:27:10.600000+01:00,11.383056640625
2019-12-10 16:27:10.700000+01:00,11.383056640625
2019-12-10 16:27:10.800000+01:00,11.187744140625
2019-12-10 16:27:10.900000+01:00,11.187744140625
2019-12-10 16:27:11+01:00,11.46240234375
2019-12-10 16:27:11.100000+01:00,11.46240234375
2019-12-10 16:27:11.200000+01:00,11.46240234375
2019-12-10 16:27:11.300000+01:00,11.46240234375
2019-12-10 16:27:11.400000+01:00,10.986328125
2019-12-10 16:27:11.500000+01:00,10.986328125
2019-12-10 16:27:11.600000+01:00,11.260986328125
2019-12-10 16:27:11.700000+01:00,11.260986328125
2019-12-10 16:27:11.800000+01:00,10.821533203125
2019-12-10 16:27:11.900000+01:00,10.821533203125
2019-12-10 16:27:12+01:00,10.821533203125
2019-12-10 16:27:12.100000+01:00,10.9375
2019-12-10 16:27:12.200000+01:00,10.9375
2019-12-10 16:27:12.300000+01:00,10.9375
2019-12-10 16:27:12.400000+01:00,10.693359375
2019-12-10 16:27:12.500000+01:00,10.693359375
2019-12-10 16:27:12.600000+01:00,10.980224609375
2019-12-10 16:27:12.700000+01:00,10.980224609375
2019-12-10 16:27:12.800000+01:00,10.980224609375
2019-12-10 16:27:12.900000+01:00,10.05859375
2019-12-10 16:27:13+01:00,10.05859375
2019-12-10 16:27:13.100000+01:00,11.0107421875
2019-12-10 16:27:13.200000+01:00,11.0107421875
2019-12-10 16:27:13.300000+01:00,11.0107421875
2019-12-10 16:27:13.400000+01:00,10.809326171875
2019-12-10 16:27:13.500000+01:00,10.809326171875
2019-12-10 16:27:13.600000+01:00,10.809326171875
2019-12-10 16:27:13.700000+01:00,10.540771484375
2019-12-10 16:27:13.800000+01:00,10.540771484375
2019-12-10 16:27:13.900000+01:00,11.26708984375
2019-12-10 16:27:14+01:00,11.26708984375
2019-12-10 16:27:14.100000+01:00,11.26708984375
2019-12-10 16:27:14.200000+01:00,11.187744140625
2019-12-10 16:27:14.300000+01:00,11.187744140625
2019-12-10 16:27:14.400000+01:00,11.0107421875
2019-12-10 16:27:14.500000+01:00,11.0107421875
2019-12-10 16:27:14.600000+01:00,11.260986328125
2019-12-10 16:27:14.700000+01:00,11.260986328125
2019-12-10 16:27:14.800000+01:00,11.260986328125
2019-12-10 16:27:14.900000+01:00,11.260986328125
2019-12-10 16:27:15+01:00,10.858154296875
2019-12-10 16:27:15.100000+01:00,10.858154296875
2019-12-10 16:27:15.200000+01:00,16.241455078125
2019-12-10 16:27:15.300000+01:00,16.241455078125
2019-12-10 16:27:15.400000+01:00,16.241455078125
2019-12-10 16:27:15.500000+01:00,43.341064453125
2019-12-10 16:27:15.600000+01:00,43.341064453125
2019-12-10 16:27:15.700000+01:00,20.513916015625
2019-12-10 16:27:15.800000+01:00,20.513916015625
2019-12-10 16:27:15.900000+01:00,20.513916015625
2019-12-10 16:27:16+01:00,20.3857421875
2019-12-10 16:27:16.100000+01:00,20.3857421875
2019-12-10 16:27:16.200000+01:00,20.3857421875
2019-12-10 16:27:16.300000+01:00,17.333984375
2019-12-10 16:27:16.400000+01:00,17.333984375
2019-12-10 16:27:16.500000+01:00,16.400146484375
2019-12-10 16:27:16.600000+01:00,16.400146484375
2019-12-10 16:27:16.700000+01:00,16.400146484375
2019-12-10 16:27:16.800000+01:00,17.27294921875
2019-12-10 16:27:16.900000+01:00,17.27294921875
2019-12-10 16:27:17+01:00,16.1376953125
2019-12-10 16:27:17.100000+01:00,16.1376953125
2019-12-10 16:27:17.200000+01:00,16.1376953125
2019-12-10 16:27:17.300000+01:00,15.960693359375
2019-12-10 16:27:17.400000+01:00,15.960693359375
2019-12-10 16:27:17.500000+01:00,15.960693359375
2019-12-10 16:27:17.600000+01:00,16.943359375
2019-12-10 16:27:17.700000+01:00,16.943359375
2019-12-10 16:27:17.800000+01:00,15.34423828125
2019-12-10 16:27:17.900000+01:00,15.34423828125
2019-12-10 16:27:18+01:00,12.335205078125
2019-12-10 16:27:18.100000+01:00,12.335205078125
2019-12-10 16:27:18.200000+01:00,12.335205078125
2019-12-10 16:27:18.300000+01:00,12.335205078125
2019-12-10 16:27:18.400000+01:00,11.97509765625
2019-12-10 16:27:18.500000+01:00,11.97509765625
2019-12-10 16:27:18.600000+01:00,11.627197265625
2019-12-10 16:27:18.700000+01:00,11.627197265625
2019-12-10 16:27:18.800000+01:00,11.627197265625
2019-12-10 16:27:18.900000+01:00,12.103271484375
2019-12-10 16:27:19+01:00,12.103271484375
2019-12-10 16:27:19.100000+01:00,12.04833984375
2019-12-10 16:27:19.200000+01:00,12.04833984375
2019-12-10 16:27:19.300000+01:00,12.255859375
2019-12-10 16:27:19.400000+01:00,12.255859375
2019-12-10 16:27:19.500000+01:00,12.255859375
2019-12-10 16:27:19.600000+01:00,12.255859375
2019-12-10 16:27:19.700000+01:00,12.2802734375
2019-12-10 16:27:19.800000+01:00,12.2802734375
2019-12-10 16:27:19.900000+01:00,11.700439453125
2019-12-10 16:27:20+01:00,11.700439453125
2019-12-10 16:27:20.100000+01:00,11.663818359375
2019-12-10 16:27:20.200000+01:00,11.663818359375
2019-12-10 16:27:20.300000+01:00,11.663818359375
2019-12-10 16:27:20.400000+01:00,12.158203125
2019-12-10 16:27:20.500000+01:00,12.158203125
2019-12-10 16:27:20.600000+01:00,12.158203125
2019-12-10 16:27:20.700000+01:00,11.7431640625
2019-12-10 16:27:20.800000+01:00,11.7431640625
2019-12-10 16:27:20.900000+01:00,11.7431640625
2019-12-10 16:27:21+01:00,12.04833984375
2019-12-10 16:27:21.100000+01:00,12.04833984375
2019-12-10 16:27:21.200000+01:00,11.395263671875
2019-12-10 16:27:21.300000+01:00,11.395263671875
2019-12-10 16:27:21.400000+01:00,11.77978515625
2019-12-10 16:27:21.500000+01:00,11.77978515625
2019-12-10 16:27:21.600000+01:00,11.77978515625
2019-12-10 16:27:21.700000+01:00,11.46240234375
2019-12-10 16:27:21.800000+01:00,11.46240234375
2019-12-10 16:27:21.900000+01:00,11.46240234375
2019-12-10 16:27:22+01:00,11.04736328125
2019-12-10 16:27:22.100000+01:00,11.04736328125
2019-12-10 16:27:22.200000+01:00,11.04736328125
2019-12-10 16:27:22.300000+01:00,10.3759765625
2019-12-10 16:27:22.400000+01:00,10.3759765625
2019-12-10 16:27:22.500000+01:00,10.430908203125
2019-12-10 16:27:22.600000+01:00,10.430908203125
2019-12-10 16:27:22.700000+01:00,10.357666015625
2019-12-10 16:27:22.800000+01:00,10.357666015625
2019-12-10 16:27:22.900000+01:00,10.357666015625
2019-12-10 16:27:23+01:00,10.357666015625
2019-12-10 16:27:23.100000+01:00,10.247802734375
2019-12-10 16:27:23.200000+01:00,10.247802734375
2019-12-10 16:27:23.300000+01:00,10.02197265625
2019-12-10 16:27:23.400000+01:00,10.02197265625
2019-12-10 16:27:23.500000+01:00,10.3759765625
2019-12-10 16:27:23.600000+01:00,10.3759765625
2019-12-10 16:27:23.700000+01:00,10.3759765625
2019-12-10 16:27:23.800000+01:00,10.4736328125
2019-12-10 16:27:23.900000+01:00,10.4736328125
2019-12-10 16:27:24+01:00,10.546875
2019-12-10 16:27:24.100000+01:00,10.546875
2019-12-10 16:27:24.200000+01:00,10.546875
2019-12-10 16:27:24.300000+01:00,10.546875
2019-12-10 16:27:24.400000+01:00,9.967041015625
2019-12-10 16:27:24.500000+01:00,9.967041015625
2019-12-10 16:27:24.600000+01:00,10.58349609375
2019-12-10 16:27:24.700000+01:00,10.58349609375
2019-12-10 16:27:24.800000+01:00,10.82763671875
2019-12-10 16:27:24.900000+01:00,10.82763671875
2019-12-10 16:27:25+01:00,10.82763671875
2019-12-10 16:27:25.100000+01:00,10.38818359375
2019-12-10 16:27:25.200000+01:00,10.38818359375
2019-12-10 16:27:25.300000+01:00,10.38818359375
2019-12-10 16:27:25.400000+01:00,10.577392578125
2019-12-10 16:27:25.500000+01:00,10.577392578125
2019-12-10 16:27:25.600000+01:00,10.107421875
2019-12-10 16:27:25.700000+01:00,10.107421875
2019-12-10 16:27:25.800000+01:00,10.107421875
2019-12-10 16:27:25.900000+01:00,18.15185546875
2019-12-10 16:27:26+01:00,18.15185546875
2019-12-10 16:27:26.100000+01:00,6.201171875
2019-12-10 16:27:26.200000+01:00,6.201171875
2019-12-10 16:27:26.300000+01:00,6.201171875
2019-12-10 16:27:26.400000+01:00,20.4833984375
2019-12-10 16:27:26.500000+01:00,20.4833984375
2019-12-10 16:27:26.600000+01:00,20.4833984375
2019-12-10 16:27:26.700000+01:00,67.620849609375
2019-12-10 16:27:26.800000+01:00,67.620849609375
2019-12-10 16:27:26.900000+01:00,12.646484375
2019-12-10 16:27:27+01:00,12.646484375
2019-12-10 16:27:27.100000+01:00,12.646484375
2019-12-10 16:27:27.200000+01:00,19.76318359375
2019-12-10 16:27:27.300000+01:00,19.76318359375
2019-12-10 16:27:27.400000+01:00,19.671630859375
2019-12-10 16:27:27.500000+01:00,19.671630859375
2019-12-10 16:27:27.600000+01:00,19.671630859375
2019-12-10 16:27:27.700000+01:00,19.66552734375
2019-12-10 16:27:27.800000+01:00,19.66552734375
2019-12-10 16:27:27.900000+01:00,19.66552734375
2019-12-10 16:27:28+01:00,19.7021484375
2019-12-10 16:27:28.100000+01:00,19.7021484375
2019-12-10 16:27:28.200000+01:00,19.708251953125
2019-12-10 16:27:28.300000+01:00,19.708251953125
2019-12-10 16:27:28.400000+01:00,19.708251953125
2019-12-10 16:27:28.500000+01:00,19.696044921875
2019-12-10 16:27:28.600000+01:00,19.696044921875
2019-12-10 16:27:28.700000+01:00,19.68994140625
2019-12-10 16:27:28.800000+01:00,19.68994140625
2019-12-10 16:27:28.900000+01:00,19.696044921875
2019-12-10 16:27:29+01:00,19.696044921875
2019-12-10 16:27:29.100000+01:00,19.696044921875
2019-12-10 16:27:29.200000+01:00,19.696044921875
2019-12-10 16:27:29.300000+01:00,19.647216796875
2019-12-10 16:27:29.400000+01:00,19.647216796875
2019-12-10 16:27:29.500000+01:00,19.671630859375
2019-12-10 16:27:29.600000+01:00,19.671630859375
2019-12-10 16:27:29.700000+01:00,19.671630859375
2019-12-10 16:27:29.800000+01:00,19.61669921875
2019-12-10 16:27:29.900000+01:00,19.61669921875
2019-12-10 16:27:30+01:00,19.61669921875
2019-12-10 16:27:30.100000+01:00,19.61669921875
2019-12-10 16:27:30.200000+01:00,19.61669921875
2019-12-10 16:27:30.300000+01:00,19.598388671875
2019-12-10 16:27:30.400000+01:00,19.598388671875
2019-12-10 16:27:30.500000+01:00,19.598388671875
2019-12-10 16:27:30.600000+01:00,19.61669921875
2019-12-10 16:27:30.700000+01:00,19.61669921875
2019-12-10 16:27:30.800000+01:00,19.622802734375
2019-12-10 16:27:30.900000+01:00,19.622802734375
2019-12-10 16:27:31+01:00,19.6044921875
2019-12-10 16:27:31.100000+01:00,19.6044921875
2019-12-10 16:27:31.200000+01:00,19.6044921875
2019-12-10 16:27:31.300000+01:00,19.6044921875
2019-12-10 16:27:31.400000+01:00,19.61669921875
2019-12-10 16:27:31.500000+01:00,19.61669921875
2019-12-10 16:27:31.600000+01:00,19.6044921875
2019-12-10 16:27:31.700000+01:00,19.6044921875
2019-12-10 16:27:31.800000+01:00,19.6044921875
2019-12-10 16:27:31.900000+01:00,19.610595703125
2019-12-10 16:27:32+01:00,19.610595703125
2019-12-10 16:27:32.100000+01:00,19.59228515625
2019-12-10 16:27:32.200000+01:00,19.59228515625
2019-12-10 16:27:32.300000+01:00,19.59228515625
2019-12-10 16:27:32.400000+01:00,19.59228515625
2019-12-10 16:27:32.500000+01:00,19.59228515625
2019-12-10 16:27:32.600000+01:00,19.586181640625
2019-12-10 16:27:32.700000+01:00,19.586181640625
2019-12-10 16:27:32.800000+01:00,19.586181640625
2019-12-10 16:27:32.900000+01:00,19.59228515625
2019-12-10 16:27:33+01:00,19.59228515625
2019-12-10 16:27:33.100000+01:00,19.59228515625
2019-12-10 16:27:33.200000+01:00,0.897216796875
2019-12-10 16:27:33.300000+01:00,0.897216796875
2019-12-10 16:27:33.400000+01:00,0.897216796875
2019-12-10 16:27:33.500000+01:00,11.846923828125
2019-12-10 16:27:33.600000+01:00,11.846923828125
2019-12-10 16:27:33.700000+01:00,6.14013671875
2019-12-10 16:27:33.800000+01:00,6.14013671875
2019-12-10 16:27:33.900000+01:00,16.4794921875
2019-12-10 16:27:34+01:00,16.4794921875
2019-12-10 16:27:34.100000+01:00,16.4794921875
2019-12-10 16:27:34.200000+01:00,16.36962890625
2019-12-10 16:27:34.300000+01:00,16.36962890625
2019-12-10 16:27:34.400000+01:00,16.36962890625
2019-12-10 16:27:34.500000+01:00,17.29736328125
2019-12-10 16:27:34.600000+01:00,17.29736328125
2019-12-10 16:27:34.700000+01:00,17.29736328125
2019-12-10 16:27:34.800000+01:00,16.131591796875
2019-12-10 16:27:34.900000+01:00,16.131591796875
2019-12-10 16:27:35+01:00,16.0400390625
2019-12-10 16:27:35.100000+01:00,16.0400390625
2019-12-10 16:27:35.200000+01:00,16.1865234375
2019-12-10 16:27:35.300000+01:00,16.1865234375
2019-12-10 16:27:35.400000+01:00,16.1865234375
2019-12-10 16:27:35.500000+01:00,16.241455078125
2019-12-10 16:27:35.600000+01:00,16.241455078125
2019-12-10 16:27:35.700000+01:00,16.241455078125
2019-12-10 16:27:35.800000+01:00,15.185546875
2019-12-10 16:27:35.900000+01:00,15.185546875
2019-12-10 16:27:36+01:00,15.185546875
2019-12-10 16:27:36.100000+01:00,12.68310546875
2019-12-10 16:27:36.200000+01:00,12.68310546875
2019-12-10 16:27:36.300000+01:00,12.646484375
2019-12-10 16:27:36.400000+01:00,12.646484375
2019-12-10 16:27:36.500000+01:00,12.451171875
2019-12-10 16:27:36.600000+01:00,12.451171875
2019-12-10 16:27:36.700000+01:00,12.451171875
2019-12-10 16:27:36.800000+01:00,12.451171875
2019-12-10 16:27:36.900000+01:00,11.944580078125
2019-12-10 16:27:37+01:00,11.944580078125
2019-12-10 16:27:37.100000+01:00,11.920166015625
2019-12-10 16:27:37.200000+01:00,11.920166015625
2019-12-10 16:27:37.300000+01:00,12.799072265625
2019-12-10 16:27:37.400000+01:00,12.799072265625
2019-12-10 16:27:37.500000+01:00,12.799072265625
2019-12-10 16:27:37.600000+01:00,12.255859375
2019-12-10 16:27:37.700000+01:00,12.255859375
2019-12-10 16:27:37.800000+01:00,12.4267578125
2019-12-10 16:27:37.900000+01:00,12.4267578125
2019-12-10 16:27:38+01:00,12.4267578125
2019-12-10 16:27:38.100000+01:00,12.4267578125
2019-12-10 16:27:38.200000+01:00,12.09716796875
2019-12-10 16:27:38.300000+01:00,12.09716796875
2019-12-10 16:27:38.400000+01:00,12.63427734375
2019-12-10 16:27:38.500000+01:00,12.63427734375
2019-12-10 16:27:38.600000+01:00,12.07275390625
2019-12-10 16:27:38.700000+01:00,12.07275390625
2019-12-10 16:27:38.800000+01:00,12.07275390625
2019-12-10 16:27:38.900000+01:00,11.859130859375
2019-12-10 16:27:39+01:00,11.859130859375
2019-12-10 16:27:39.100000+01:00,11.859130859375
2019-12-10 16:27:39.200000+01:00,12.34130859375
2019-12-10 16:27:39.300000+01:00,12.34130859375
2019-12-10 16:27:39.400000+01:00,12.457275390625
2019-12-10 16:27:39.500000+01:00,12.457275390625
2019-12-10 16:27:39.600000+01:00,12.457275390625
2019-12-10 16:27:39.700000+01:00,12.322998046875
2019-12-10 16:27:39.800000+01:00,12.322998046875
2019-12-10 16:27:39.900000+01:00,12.4267578125
2019-12-10 16:27:40+01:00,12.4267578125
2019-12-10 16:27:40.100000+01:00,12.4267578125
2019-12-10 16:27:40.200000+01:00,12.451171875
2019-12-10 16:27:40.300000+01:00,12.451171875
2019-12-10 16:27:40.400000+01:00,12.451171875
2019-12-10 16:27:40.500000+01:00,11.810302734375
2019-12-10 16:27:40.600000+01:00,11.810302734375
2019-12-10 16:27:40.700000+01:00,12.07275390625
2019-12-10 16:27:40.800000+01:00,12.07275390625
2019-12-10 16:27:40.900000+01:00,12.07275390625
2019-12-10 16:27:41+01:00,12.432861328125
2019-12-10 16:27:41.100000+01:00,12.432861328125
2019-12-10 16:27:41.200000+01:00,12.14599609375
2019-12-10 16:27:41.300000+01:00,12.14599609375
2019-12-10 16:27:41.400000+01:00,12.14599609375
2019-12-10 16:27:41.500000+01:00,12.14599609375
2019-12-10 16:27:41.600000+01:00,12.07275390625
2019-12-10 16:27:41.700000+01:00,12.07275390625
2019-12-10 16:27:41.800000+01:00,11.700439453125
2019-12-10 16:27:41.900000+01:00,11.700439453125
2019-12-10 16:27:42+01:00,11.669921875
2019-12-10 16:27:42.100000+01:00,11.669921875
2019-12-10 16:27:42.200000+01:00,11.669921875
2019-12-10 16:27:42.300000+01:00,12.09716796875
2019-12-10 16:27:42.400000+01:00,12.09716796875
2019-12-10 16:27:42.500000+01:00,12.152099609375
2019-12-10 16:27:42.600000+01:00,12.152099609375
2019-12-10 16:27:42.700000+01:00,12.152099609375
2019-12-10 16:27:42.800000+01:00,11.724853515625
2019-12-10 16:27:42.900000+01:00,11.724853515625
2019-12-10 16:27:43+01:00,11.724853515625
2019-12-10 16:27:43.100000+01:00,11.97509765625
2019-12-10 16:27:43.200000+01:00,11.97509765625
2019-12-10 16:27:43.300000+01:00,11.663818359375
2019-12-10 16:27:43.400000+01:00,11.663818359375
2019-12-10 16:27:43.500000+01:00,11.663818359375
2019-12-10 16:27:43.600000+01:00,12.109375
2019-12-10 16:27:43.700000+01:00,12.109375
2019-12-10 16:27:43.800000+01:00,12.109375
2019-12-10 16:27:43.900000+01:00,11.92626953125
2019-12-10 16:27:44+01:00,11.92626953125
2019-12-10 16:27:44.100000+01:00,11.60888671875
2019-12-10 16:27:44.200000+01:00,11.60888671875
2019-12-10 16:27:44.300000+01:00,11.60888671875
2019-12-10 16:27:44.400000+01:00,11.29150390625
2019-12-10 16:27:44.500000+01:00,11.29150390625
2019-12-10 16:27:44.600000+01:00,11.31591796875
2019-12-10 16:27:44.700000+01:00,11.31591796875
2019-12-10 16:27:44.800000+01:00,11.602783203125
2019-12-10 16:27:44.900000+01:00,11.602783203125
2019-12-10 16:27:45+01:00,11.602783203125
2019-12-10 16:27:45.100000+01:00,11.602783203125
2019-12-10 16:27:45.200000+01:00,11.322021484375
2019-12-10 16:27:45.300000+01:00,11.322021484375
2019-12-10 16:27:45.400000+01:00,10.9375
2019-12-10 16:27:45.500000+01:00,10.9375
2019-12-10 16:27:45.600000+01:00,10.9375
2019-12-10 16:27:45.700000+01:00,11.126708984375
2019-12-10 16:27:45.800000+01:00,11.126708984375
2019-12-10 16:27:45.900000+01:00,10.687255859375
2019-12-10 16:27:46+01:00,10.687255859375
2019-12-10 16:27:46.100000+01:00,10.540771484375
2019-12-10 16:27:46.200000+01:00,10.540771484375
2019-12-10 16:27:46.300000+01:00,10.540771484375
2019-12-10 16:27:46.400000+01:00,10.540771484375
2019-12-10 16:27:46.500000+01:00,11.2060546875
2019-12-10 16:27:46.600000+01:00,11.2060546875
2019-12-10 16:27:46.700000+01:00,10.528564453125
2019-12-10 16:27:46.800000+01:00,10.528564453125
2019-12-10 16:27:46.900000+01:00,10.94970703125
2019-12-10 16:27:47+01:00,10.94970703125
2019-12-10 16:27:47.100000+01:00,10.94970703125
2019-12-10 16:27:47.200000+01:00,10.75439453125
2019-12-10 16:27:47.300000+01:00,10.75439453125
2019-12-10 16:27:47.400000+01:00,10.75439453125
2019-12-10 16:27:47.500000+01:00,11.962890625
2019-12-10 16:27:47.600000+01:00,11.962890625
2019-12-10 16:27:47.700000+01:00,11.962890625
2019-12-10 16:27:47.800000+01:00,10.345458984375
2019-12-10 16:27:47.900000+01:00,10.345458984375
2019-12-10 16:27:48+01:00,12.41455078125
2019-12-10 16:27:48.100000+01:00,12.41455078125
2019-12-10 16:27:48.200000+01:00,20.233154296875
2019-12-10 16:27:48.300000+01:00,20.233154296875
2019-12-10 16:27:48.400000+01:00,20.233154296875
2019-12-10 16:27:48.500000+01:00,20.098876953125
2019-12-10 16:27:48.600000+01:00,20.098876953125
2019-12-10 16:27:48.700000+01:00,20.098876953125
2019-12-10 16:27:48.800000+01:00,20.452880859375
2019-12-10 16:27:48.900000+01:00,20.452880859375
2019-12-10 16:27:49+01:00,20.452880859375
2019-12-10 16:27:49.100000+01:00,20.440673828125
2019-12-10 16:27:49.200000+01:00,20.440673828125
2019-12-10 16:27:49.300000+01:00,20.416259765625
2019-12-10 16:27:49.400000+01:00,20.416259765625
2019-12-10 16:27:49.500000+01:00,20.37353515625
2019-12-10 16:27:49.600000+01:00,20.37353515625
2019-12-10 16:27:49.700000+01:00,20.37353515625
2019-12-10 16:27:49.800000+01:00,20.37353515625
2019-12-10 16:27:49.900000+01:00,15.1611328125
2019-12-10 16:27:50+01:00,15.1611328125
2019-12-10 16:27:50.100000+01:00,15.948486328125
2019-12-10 16:27:50.200000+01:00,15.948486328125
2019-12-10 16:27:50.300000+01:00,16.943359375
2019-12-10 16:27:50.400000+01:00,16.943359375
2019-12-10 16:27:50.500000+01:00,16.943359375
2019-12-10 16:27:50.600000+01:00,16.3818359375
2019-12-10 16:27:50.700000+01:00,16.3818359375
2019-12-10 16:27:50.800000+01:00,16.49169921875
2019-12-10 16:27:50.900000+01:00,16.49169921875
2019-12-10 16:27:51+01:00,16.49169921875
2019-12-10 16:27:51.100000+01:00,16.49169921875
2019-12-10 16:27:51.200000+01:00,17.46826171875
2019-12-10 16:27:51.300000+01:00,17.46826171875
2019-12-10 16:27:51.400000+01:00,20.208740234375
2019-12-10 16:27:51.500000+01:00,20.208740234375
2019-12-10 16:27:51.600000+01:00,20.0439453125
2019-12-10 16:27:51.700000+01:00,20.0439453125
2019-12-10 16:27:51.800000+01:00,20.0439453125
2019-12-10 16:27:51.900000+01:00,20.05615234375
2019-12-10 16:27:52+01:00,20.05615234375
2019-12-10 16:27:52.100000+01:00,20.05615234375
2019-12-10 16:27:52.200000+01:00,0.81787109375
2019-12-10 16:27:52.300000+01:00,0.81787109375
2019-12-10 16:27:52.400000+01:00,20.54443359375
2019-12-10 16:27:52.500000+01:00,20.54443359375
2019-12-10 16:27:52.600000+01:00,20.54443359375
2019-12-10 16:27:52.700000+01:00,20.30029296875
2019-12-10 16:27:52.800000+01:00,20.30029296875
2019-12-10 16:27:52.900000+01:00,20.263671875
2019-12-10 16:27:53+01:00,20.263671875
2019-12-10 16:27:53.100000+01:00,20.263671875
2019-12-10 16:27:53.200000+01:00,20.22705078125
2019-12-10 16:27:53.300000+01:00,20.22705078125
2019-12-10 16:27:53.400000+01:00,20.22705078125
2019-12-10 16:27:53.500000+01:00,20.220947265625
2019-12-10 16:27:53.600000+01:00,20.220947265625
2019-12-10 16:27:53.700000+01:00,42.681884765625
2019-12-10 16:27:53.800000+01:00,42.681884765625
2019-12-10 16:27:53.900000+01:00,42.681884765625
2019-12-10 16:27:54+01:00,27.5634765625
2019-12-10 16:27:54.100000+01:00,27.5634765625
2019-12-10 16:27:54.200000+01:00,20.52001953125
2019-12-10 16:27:54.300000+01:00,20.52001953125
2019-12-10 16:27:54.400000+01:00,20.52001953125
2019-12-10 16:27:54.500000+01:00,20.52001953125
2019-12-10 16:27:54.600000+01:00,20.684814453125
2019-12-10 16:27:54.700000+01:00,20.684814453125
2019-12-10 16:27:54.800000+01:00,19.818115234375
2019-12-10 16:27:54.900000+01:00,19.818115234375
2019-12-10 16:27:55+01:00,20.2880859375
2019-12-10 16:27:55.100000+01:00,20.2880859375
2019-12-10 16:27:55.200000+01:00,20.2880859375
2019-12-10 16:27:55.300000+01:00,1.812744140625
2019-12-10 16:27:55.400000+01:00,1.812744140625
2019-12-10 16:27:55.500000+01:00,13.623046875
2019-12-10 16:27:55.600000+01:00,13.623046875
2019-12-10 16:27:55.700000+01:00,13.623046875
2019-12-10 16:27:55.800000+01:00,21.4599609375
2019-12-10 16:27:55.900000+01:00,21.4599609375
2019-12-10 16:27:56+01:00,21.4599609375
2019-12-10 16:27:56.100000+01:00,20.074462890625
2019-12-10 16:27:56.200000+01:00,20.074462890625
2019-12-10 16:27:56.300000+01:00,20.086669921875
2019-12-10 16:27:56.400000+01:00,20.086669921875
2019-12-10 16:27:56.500000+01:00,20.086669921875
2019-12-10 16:27:56.600000+01:00,17.303466796875
2019-12-10 16:27:56.700000+01:00,17.303466796875
2019-12-10 16:27:56.800000+01:00,12.933349609375
2019-12-10 16:27:56.900000+01:00,12.933349609375
2019-12-10 16:27:57+01:00,12.933349609375
2019-12-10 16:27:57.100000+01:00,27.496337890625
2019-12-10 16:27:57.200000+01:00,27.496337890625
2019-12-10 16:27:57.300000+01:00,27.496337890625
2019-12-10 16:27:57.400000+01:00,24.6337890625
2019-12-10 16:27:57.500000+01:00,24.6337890625
2019-12-10 16:27:57.600000+01:00,1.20849609375
2019-12-10 16:27:57.700000+01:00,1.20849609375
2019-12-10 16:27:57.800000+01:00,23.992919921875
2019-12-10 16:27:57.900000+01:00,23.992919921875
2019-12-10 16:27:58+01:00,23.992919921875
2019-12-10 16:27:58.100000+01:00,23.992919921875
2019-12-10 16:27:58.200000+01:00,17.547607421875
2019-12-10 16:27:58.300000+01:00,17.547607421875
2019-12-10 16:27:58.400000+01:00,25.506591796875
2019-12-10 16:27:58.500000+01:00,25.506591796875
2019-12-10 16:27:58.600000+01:00,25.506591796875
2019-12-10 16:27:58.700000+01:00,22.393798828125
2019-12-10 16:27:58.800000+01:00,22.393798828125
2019-12-10 16:27:58.900000+01:00,21.83837890625
2019-12-10 16:27:59+01:00,21.83837890625
2019-12-10 16:27:59.100000+01:00,21.3134765625
2019-12-10 16:27:59.200000+01:00,21.3134765625
2019-12-10 16:27:59.300000+01:00,21.3134765625
2019-12-10 16:27:59.400000+01:00,21.3134765625
2019-12-10 16:27:59.500000+01:00,24.98779296875
2019-12-10 16:27:59.600000+01:00,24.98779296875
2019-12-10 16:27:59.700000+01:00,0.35400390625
2019-12-10 16:27:59.800000+01:00,0.35400390625
2019-12-10 16:27:59.900000+01:00,0.35400390625
2019-12-10 16:28:00+01:00,28.594970703125
2019-12-10 16:28:00.100000+01:00,28.594970703125
2019-12-10 16:28:00.200000+01:00,1.226806640625
2019-12-10 16:28:00.300000+01:00,1.226806640625
2019-12-10 16:28:00.400000+01:00,1.226806640625
2019-12-10 16:28:00.500000+01:00,19.7509765625
2019-12-10 16:28:00.600000+01:00,19.7509765625
2019-12-10 16:28:00.700000+01:00,19.7509765625
2019-12-10 16:28:00.800000+01:00,20.733642578125
2019-12-10 16:28:00.900000+01:00,20.733642578125
2019-12-10 16:28:01+01:00,20.8251953125
2019-12-10 16:28:01.100000+01:00,20.8251953125
2019-12-10 16:28:01.200000+01:00,20.30029296875
2019-12-10 16:28:01.300000+01:00,20.30029296875
2019-12-10 16:28:01.400000+01:00,20.30029296875
2019-12-10 16:28:01.500000+01:00,13.958740234375
2019-12-10 16:28:01.600000+01:00,13.958740234375
2019-12-10 16:28:01.700000+01:00,13.958740234375
2019-12-10 16:28:01.800000+01:00,21.588134765625
2019-12-10 16:28:01.900000+01:00,21.588134765625
2019-12-10 16:28:02+01:00,21.588134765625
2019-12-10 16:28:02.100000+01:00,41.4794921875
2019-12-10 16:28:02.200000+01:00,41.4794921875
2019-12-10 16:28:02.300000+01:00,20.001220703125
2019-12-10 16:28:02.400000+01:00,20.001220703125
2019-12-10 16:28:02.500000+01:00,20.098876953125
2019-12-10 16:28:02.600000+01:00,20.098876953125
2019-12-10 16:28:02.700000+01:00,20.098876953125
2019-12-10 16:28:02.800000+01:00,22.149658203125
2019-12-10 16:28:02.900000+01:00,22.149658203125
2019-12-10 16:28:03+01:00,22.149658203125
2019-12-10 16:28:03.100000+01:00,15.557861328125
2019-12-10 16:28:03.200000+01:00,15.557861328125
2019-12-10 16:28:03.300000+01:00,23.455810546875
2019-12-10 16:28:03.400000+01:00,23.455810546875
2019-12-10 16:28:03.500000+01:00,23.455810546875
2019-12-10 16:28:03.600000+01:00,16.748046875
2019-12-10 16:28:03.700000+01:00,16.748046875
2019-12-10 16:28:03.800000+01:00,16.070556640625
2019-12-10 16:28:03.900000+01:00,16.070556640625
2019-12-10 16:28:04+01:00,16.070556640625
2019-12-10 16:28:04.100000+01:00,16.070556640625
2019-12-10 16:28:04.200000+01:00,14.68505859375
2019-12-10 16:28:04.300000+01:00,14.68505859375
2019-12-10 16:28:04.400000+01:00,18.1884765625
2019-12-10 16:28:04.500000+01:00,18.1884765625
2019-12-10 16:28:04.600000+01:00,21.20361328125
2019-12-10 16:28:04.700000+01:00,21.20361328125
2019-12-10 16:28:04.800000+01:00,21.20361328125
2019-12-10 16:28:04.900000+01:00,18.2373046875
2019-12-10 16:28:05+01:00,18.2373046875
2019-12-10 16:28:05.100000+01:00,26.922607421875
2019-12-10 16:28:05.200000+01:00,26.922607421875
2019-12-10 16:28:05.300000+01:00,26.922607421875
2019-12-10 16:28:05.400000+01:00,26.922607421875
2019-12-10 16:28:05.500000+01:00,19.2626953125
2019-12-10 16:28:05.600000+01:00,19.2626953125
2019-12-10 16:28:05.700000+01:00,20.660400390625
2019-12-10 16:28:05.800000+01:00,20.660400390625
2019-12-10 16:28:05.900000+01:00,20.501708984375
2019-12-10 16:28:06+01:00,20.501708984375
2019-12-10 16:28:06.100000+01:00,20.501708984375
2019-12-10 16:28:06.200000+01:00,18.524169921875
2019-12-10 16:28:06.300000+01:00,18.524169921875
2019-12-10 16:28:06.400000+01:00,18.524169921875
2019-12-10 16:28:06.500000+01:00,18.701171875
2019-12-10 16:28:06.600000+01:00,18.701171875
2019-12-10 16:28:06.700000+01:00,18.646240234375
2019-12-10 16:28:06.800000+01:00,18.646240234375
2019-12-10 16:28:06.900000+01:00,18.646240234375
2019-12-10 16:28:07+01:00,12.384033203125
2019-12-10 16:28:07.100000+01:00,12.384033203125
2019-12-10 16:28:07.200000+01:00,20.5322265625
2019-12-10 16:28:07.300000+01:00,20.5322265625
2019-12-10 16:28:07.400000+01:00,20.5322265625
2019-12-10 16:28:07.500000+01:00,17.5537109375
2019-12-10 16:28:07.600000+01:00,17.5537109375
2019-12-10 16:28:07.700000+01:00,17.5537109375
2019-12-10 16:28:07.800000+01:00,0.40283203125
2019-12-10 16:28:07.900000+01:00,0.40283203125
2019-12-10 16:28:08+01:00,7.293701171875
2019-12-10 16:28:08.100000+01:00,7.293701171875
2019-12-10 16:28:08.200000+01:00,7.293701171875
2019-12-10 16:28:08.300000+01:00,13.385009765625
2019-12-10 16:28:08.400000+01:00,13.385009765625
2019-12-10 16:28:08.500000+01:00,27.886962890625
2019-12-10 16:28:08.600000+01:00,27.886962890625
2019-12-10 16:28:08.700000+01:00,25.0244140625
2019-12-10 16:28:08.800000+01:00,25.0244140625
2019-12-10 16:28:08.900000+01:00,25.0244140625
2019-12-10 16:28:09+01:00,25.0244140625
2019-12-10 16:28:09.100000+01:00,13.714599609375
2019-12-10 16:28:09.200000+01:00,13.714599609375
2019-12-10 16:28:09.300000+01:00,49.2919921875
2019-12-10 16:28:09.400000+01:00,49.2919921875
2019-12-10 16:28:09.500000+01:00,49.2919921875
2019-12-10 16:28:09.600000+01:00,20.54443359375
2019-12-10 16:28:09.700000+01:00,20.54443359375
2019-12-10 16:28:09.800000+01:00,17.315673828125
2019-12-10 16:28:09.900000+01:00,17.315673828125
2019-12-10 16:28:10+01:00,17.315673828125
2019-12-10 16:28:10.100000+01:00,24.6826171875
2019-12-10 16:28:10.200000+01:00,24.6826171875
2019-12-10 16:28:10.300000+01:00,24.6826171875
2019-12-10 16:28:10.400000+01:00,24.3896484375
2019-12-10 16:28:10.500000+01:00,24.3896484375
2019-12-10 16:28:10.600000+01:00,23.01025390625
2019-12-10 16:28:10.700000+01:00,23.01025390625
2019-12-10 16:28:10.800000+01:00,23.01025390625
2019-12-10 16:28:10.900000+01:00,23.59619140625
2019-12-10 16:28:11+01:00,23.59619140625
2019-12-10 16:28:11.100000+01:00,23.59619140625
2019-12-10 16:28:11.200000+01:00,24.06005859375
2019-12-10 16:28:11.300000+01:00,24.06005859375
2019-12-10 16:28:11.400000+01:00,24.151611328125
2019-12-10 16:28:11.500000+01:00,24.151611328125
2019-12-10 16:28:11.600000+01:00,24.151611328125
2019-12-10 16:28:11.700000+01:00,26.37939453125
2019-12-10 16:28:11.800000+01:00,26.37939453125
2019-12-10 16:28:11.900000+01:00,15.8935546875
2019-12-10 16:28:12+01:00,15.8935546875
2019-12-10 16:28:12.100000+01:00,23.71826171875
2019-12-10 16:28:12.200000+01:00,23.71826171875
2019-12-10 16:28:12.300000+01:00,23.71826171875
2019-12-10 16:28:12.400000+01:00,23.71826171875
2019-12-10 16:28:12.500000+01:00,16.7236328125
2019-12-10 16:28:12.600000+01:00,16.7236328125
2019-12-10 16:28:12.700000+01:00,23.79150390625
2019-12-10 16:28:12.800000+01:00,23.79150390625
2019-12-10 16:28:12.900000+01:00,23.79150390625
2019-12-10 16:28:13+01:00,20.78857421875
2019-12-10 16:28:13.100000+01:00,20.78857421875
2019-12-10 16:28:13.200000+01:00,21.685791015625
2019-12-10 16:28:13.300000+01:00,21.685791015625
2019-12-10 16:28:13.400000+01:00,21.685791015625
2019-12-10 16:28:13.500000+01:00,22.83935546875
2019-12-10 16:28:13.600000+01:00,22.83935546875
2019-12-10 16:28:13.700000+01:00,22.83935546875
2019-12-10 16:28:13.800000+01:00,45.648193359375
2019-12-10 16:28:13.900000+01:00,45.648193359375
2019-12-10 16:28:14+01:00,3.790283203125
2019-12-10 16:28:14.100000+01:00,3.790283203125
2019-12-10 16:28:14.200000+01:00,23.248291015625
2019-12-10 16:28:14.300000+01:00,23.248291015625
2019-12-10 16:28:14.400000+01:00,23.248291015625
2019-12-10 16:28:14.500000+01:00,20.343017578125
2019-12-10 16:28:14.600000+01:00,20.343017578125
2019-12-10 16:28:14.700000+01:00,20.343017578125
2019-12-10 16:28:14.800000+01:00,21.136474609375
2019-12-10 16:28:14.900000+01:00,21.136474609375
2019-12-10 16:28:15+01:00,21.136474609375
2019-12-10 16:28:15.100000+01:00,20.556640625
2019-12-10 16:28:15.200000+01:00,20.556640625
2019-12-10 16:28:15.300000+01:00,20.8740234375
2019-12-10 16:28:15.400000+01:00,20.8740234375
2019-12-10 16:28:15.500000+01:00,20.76416015625
2019-12-10 16:28:15.600000+01:00,20.76416015625
2019-12-10 16:28:15.700000+01:00,20.76416015625
2019-12-10 16:28:15.800000+01:00,20.697021484375
2019-12-10 16:28:15.900000+01:00,20.697021484375
2019-12-10 16:28:16+01:00,20.697021484375
2019-12-10 16:28:16.100000+01:00,20.697021484375
2019-12-10 16:28:16.200000+01:00,20.697021484375
2019-12-10 16:28:16.300000+01:00,20.751953125
2019-12-10 16:28:16.400000+01:00,20.751953125
2019-12-10 16:28:16.500000+01:00,20.751953125
2019-12-10 16:28:16.600000+01:00,20.6787109375
2019-12-10 16:28:16.700000+01:00,20.6787109375
2019-12-10 16:28:16.800000+01:00,20.654296875
2019-12-10 16:28:16.900000+01:00,20.654296875
2019-12-10 16:28:17+01:00,20.654296875
2019-12-10 16:28:17.100000+01:00,20.654296875
2019-12-10 16:28:17.200000+01:00,20.635986328125
2019-12-10 16:28:17.300000+01:00,20.635986328125
2019-12-10 16:28:17.400000+01:00,20.6298828125
2019-12-10 16:28:17.500000+01:00,20.6298828125
2019-12-10 16:28:17.600000+01:00,20.61767578125
2019-12-10 16:28:17.700000+01:00,20.61767578125
2019-12-10 16:28:17.800000+01:00,20.61767578125
2019-12-10 16:28:17.900000+01:00,20.61767578125
2019-12-10 16:28:18+01:00,20.61767578125
