2019-12-10 21:53:09+01:00,19.127686
2019-12-10 21:53:09.100000+01:00,19.12687
2019-12-10 21:53:09.200000+01:00,19.127293
2019-12-10 21:53:09.300000+01:00,15.734113
2019-12-10 21:53:09.400000+01:00,16.295742
2019-12-10 21:53:09.500000+01:00,15.830982
2019-12-10 21:53:09.600000+01:00,16.352205
2019-12-10 21:53:09.700000+01:00,16.274393
2019-12-10 21:53:09.800000+01:00,19.66112
2019-12-10 21:53:09.900000+01:00,18.994843
2019-12-10 21:53:10+01:00,19.370567
2019-12-10 21:53:10.100000+01:00,18.806437
2019-12-10 21:53:10.200000+01:00,18.908464
2019-12-10 21:53:10.300000+01:00,18.251127
2019-12-10 21:53:10.400000+01:00,18.356401
2019-12-10 21:53:10.500000+01:00,14.360955
2019-12-10 21:53:10.600000+01:00,14.999196
2019-12-10 21:53:10.700000+01:00,14.392982
2019-12-10 21:53:10.800000+01:00,14.392982
2019-12-10 21:53:10.900000+01:00,20.164791
2019-12-10 21:53:11+01:00,19.030628
2019-12-10 21:53:11.100000+01:00,15.478858
2019-12-10 21:53:11.200000+01:00,16.22702
2019-12-10 21:53:11.300000+01:00,15.644811
2019-12-10 21:53:11.400000+01:00,14.996171
2019-12-10 21:53:11.500000+01:00,15.084949
2019-12-10 21:53:11.600000+01:00,15.427422
2019-12-10 21:53:11.700000+01:00,15.366601
2019-12-10 21:53:11.800000+01:00,14.682509
2019-12-10 21:53:11.900000+01:00,14.78462
2019-12-10 21:53:12+01:00,14.646685
2019-12-10 21:53:12.100000+01:00,14.646685
2019-12-10 21:53:12.200000+01:00,14.948525
2019-12-10 21:53:12.300000+01:00,14.910487
2019-12-10 21:53:12.400000+01:00,15.633111
2019-12-10 21:53:12.500000+01:00,15.542937
2019-12-10 21:53:12.600000+01:00,15.659193
2019-12-10 21:53:12.700000+01:00,15.288908
2019-12-10 21:53:12.800000+01:00,15.340257
2019-12-10 21:53:12.900000+01:00,15.55824
2019-12-10 21:53:13+01:00,15.51957
2019-12-10 21:53:13.100000+01:00,15.567928
2019-12-10 21:53:13.200000+01:00,15.838952
2019-12-10 21:53:13.300000+01:00,15.800371
2019-12-10 21:53:13.400000+01:00,15.845232
2019-12-10 21:53:13.500000+01:00,18.526493
2019-12-10 21:53:13.600000+01:00,18.042614
2019-12-10 21:53:13.700000+01:00,19.656656
2019-12-10 21:53:13.800000+01:00,19.410278
2019-12-10 21:53:13.900000+01:00,45.03999
2019-12-10 21:53:14+01:00,32.06693
2019-12-10 21:53:14.100000+01:00,31.029488
2019-12-10 21:53:14.200000+01:00,24.257687
2019-12-10 21:53:14.300000+01:00,28.630878
2019-12-10 21:53:14.400000+01:00,25.320795
2019-12-10 21:53:14.500000+01:00,18.612621
2019-12-10 21:53:14.600000+01:00,20.436289
2019-12-10 21:53:14.700000+01:00,19.425953
2019-12-10 21:53:14.800000+01:00,19.412813
2019-12-10 21:53:14.900000+01:00,19.41528
2019-12-10 21:53:15+01:00,19.431637
2019-12-10 21:53:15.100000+01:00,19.42834
2019-12-10 21:53:15.200000+01:00,19.412384
2019-12-10 21:53:15.300000+01:00,19.415672
2019-12-10 21:53:15.400000+01:00,19.414099
2019-12-10 21:53:15.500000+01:00,19.414099
2019-12-10 21:53:15.600000+01:00,19.405338
2019-12-10 21:53:15.700000+01:00,19.406982
2019-12-10 21:53:15.800000+01:00,19.406193
2019-12-10 21:53:15.900000+01:00,19.406193
2019-12-10 21:53:16+01:00,20.94826
2019-12-10 21:53:16.100000+01:00,20.624962
2019-12-10 21:53:16.200000+01:00,20.725029
2019-12-10 21:53:16.300000+01:00,18.150799
2019-12-10 21:53:16.400000+01:00,18.619047
2019-12-10 21:53:16.500000+01:00,18.402729
2019-12-10 21:53:16.600000+01:00,18.392424
2019-12-10 21:53:16.700000+01:00,18.398891
2019-12-10 21:53:16.800000+01:00,18.398891
2019-12-10 21:53:16.900000+01:00,18.412292
2019-12-10 21:53:17+01:00,18.40992
2019-12-10 21:53:17.100000+01:00,18.366753
2019-12-10 21:53:17.200000+01:00,18.374643
2019-12-10 21:53:17.300000+01:00,18.360735
2019-12-10 21:53:17.400000+01:00,18.362312
2019-12-10 21:53:17.500000+01:00,18.361317
2019-12-10 21:53:17.600000+01:00,18.40155
2019-12-10 21:53:17.700000+01:00,18.394419
2019-12-10 21:53:17.800000+01:00,18.398891
2019-12-10 21:53:17.900000+01:00,18.327438
2019-12-10 21:53:18+01:00,18.34003
2019-12-10 21:53:18.100000+01:00,18.332039
2019-12-10 21:53:18.200000+01:00,18.314152
2019-12-10 21:53:18.300000+01:00,18.317297
2019-12-10 21:53:18.400000+01:00,18.319761
2019-12-10 21:53:18.500000+01:00,18.318974
2019-12-10 21:53:18.600000+01:00,18.40002
2019-12-10 21:53:18.700000+01:00,18.385746
2019-12-10 21:53:18.800000+01:00,18.394726
2019-12-10 21:53:18.900000+01:00,18.36792
2019-12-10 21:53:19+01:00,18.37266
2019-12-10 21:53:19.100000+01:00,18.369673
2019-12-10 21:53:19.200000+01:00,18.307117
2019-12-10 21:53:19.300000+01:00,18.318127
2019-12-10 21:53:19.400000+01:00,18.346895
2019-12-10 21:53:19.500000+01:00,18.340574
2019-12-10 21:53:19.600000+01:00,18.344593
2019-12-10 21:53:19.700000+01:00,18.389313
2019-12-10 21:53:19.800000+01:00,18.38139
2019-12-10 21:53:19.900000+01:00,18.33277
2019-12-10 21:53:20+01:00,18.342224
2019-12-10 21:53:20.100000+01:00,18.336222
2019-12-10 21:53:20.200000+01:00,18.336222
2019-12-10 21:53:20.300000+01:00,22.87484
2019-12-10 21:53:20.400000+01:00,21.722698
2019-12-10 21:53:20.500000+01:00,12.956397
2019-12-10 21:53:20.600000+01:00,14.958673
2019-12-10 21:53:20.700000+01:00,21.98956
2019-12-10 21:53:20.800000+01:00,20.262108
2019-12-10 21:53:20.900000+01:00,21.291908
2019-12-10 21:53:21+01:00,20.145042
2019-12-10 21:53:21.100000+01:00,20.370499
2019-12-10 21:53:21.200000+01:00,43.214417
2019-12-10 21:53:21.300000+01:00,31.477919
2019-12-10 21:53:21.400000+01:00,30.330236
2019-12-10 21:53:21.500000+01:00,12.752942
2019-12-10 21:53:21.600000+01:00,18.272564
2019-12-10 21:53:21.700000+01:00,17.550524
2019-12-10 21:53:21.800000+01:00,19.030655
2019-12-10 21:53:21.900000+01:00,18.751549
2019-12-10 21:53:22+01:00,18.970848
2019-12-10 21:53:22.100000+01:00,18.9603
2019-12-10 21:53:22.200000+01:00,18.96603
2019-12-10 21:53:22.300000+01:00,18.692368
2019-12-10 21:53:22.400000+01:00,18.741596
2019-12-10 21:53:22.500000+01:00,18.877762
2019-12-10 21:53:22.600000+01:00,18.84773
2019-12-10 21:53:22.700000+01:00,18.864536
2019-12-10 21:53:22.800000+01:00,10.888292
2019-12-10 21:53:22.900000+01:00,12.543185
2019-12-10 21:53:23+01:00,11.147672
2019-12-10 21:53:23.100000+01:00,18.165993
2019-12-10 21:53:23.200000+01:00,17.67997
2019-12-10 21:53:23.300000+01:00,17.199505
2019-12-10 21:53:23.400000+01:00,17.512127
2019-12-10 21:53:23.500000+01:00,15.975694
2019-12-10 21:53:23.600000+01:00,16.175892
2019-12-10 21:53:23.700000+01:00,15.982449
2019-12-10 21:53:23.800000+01:00,15.982449
2019-12-10 21:53:23.900000+01:00,16.307781
2019-12-10 21:53:24+01:00,16.25911
2019-12-10 21:53:24.100000+01:00,16.231071
2019-12-10 21:53:24.200000+01:00,16.24292
2019-12-10 21:53:24.300000+01:00,16.230816
2019-12-10 21:53:24.400000+01:00,15.887065
2019-12-10 21:53:24.500000+01:00,15.937606
2019-12-10 21:53:24.600000+01:00,16.246109
2019-12-10 21:53:24.700000+01:00,16.192242
2019-12-10 21:53:24.800000+01:00,16.063847
2019-12-10 21:53:24.900000+01:00,16.091427
2019-12-10 21:53:25+01:00,16.062452
2019-12-10 21:53:25.100000+01:00,16.062452
2019-12-10 21:53:25.200000+01:00,16.262169
2019-12-10 21:53:25.300000+01:00,16.232304
2019-12-10 21:53:25.400000+01:00,16.235577
2019-12-10 21:53:25.500000+01:00,16.239756
2019-12-10 21:53:25.600000+01:00,16.23547
2019-12-10 21:53:25.700000+01:00,16.23547
2019-12-10 21:53:25.800000+01:00,16.23547
2019-12-10 21:53:25.900000+01:00,16.244743
2019-12-10 21:53:26+01:00,16.243355
2019-12-10 21:53:26.100000+01:00,16.68002
2019-12-10 21:53:26.200000+01:00,16.61261
2019-12-10 21:53:26.300000+01:00,16.677505
2019-12-10 21:53:26.400000+01:00,16.677505
2019-12-10 21:53:26.500000+01:00,16.202288
2019-12-10 21:53:26.600000+01:00,16.27444
2019-12-10 21:53:26.700000+01:00,16.086823
2019-12-10 21:53:26.800000+01:00,16.10406
2019-12-10 21:53:26.900000+01:00,16.3366
2019-12-10 21:53:27+01:00,16.298895
2019-12-10 21:53:27.100000+01:00,16.33764
2019-12-10 21:53:27.200000+01:00,16.323753
2019-12-10 21:53:27.300000+01:00,16.325855
2019-12-10 21:53:27.400000+01:00,16.323738
2019-12-10 21:53:27.500000+01:00,16.365406
2019-12-10 21:53:27.600000+01:00,16.359081
2019-12-10 21:53:27.700000+01:00,16.365414
2019-12-10 21:53:27.800000+01:00,16.772219
2019-12-10 21:53:27.900000+01:00,16.708607
2019-12-10 21:53:28+01:00,16.44617
2019-12-10 21:53:28.100000+01:00,16.495892
2019-12-10 21:53:28.200000+01:00,16.268139
2019-12-10 21:53:28.300000+01:00,16.295444
2019-12-10 21:53:28.400000+01:00,16.268036
2019-12-10 21:53:28.500000+01:00,16.268036
2019-12-10 21:53:28.600000+01:00,16.203136
2019-12-10 21:53:28.700000+01:00,16.21287
2019-12-10 21:53:28.800000+01:00,16.874447
2019-12-10 21:53:28.900000+01:00,16.768959
2019-12-10 21:53:29+01:00,15.628491
2019-12-10 21:53:29.100000+01:00,15.8133
2019-12-10 21:53:29.200000+01:00,15.620818
2019-12-10 21:53:29.300000+01:00,15.863685
2019-12-10 21:53:29.400000+01:00,15.828962
2019-12-10 21:53:29.500000+01:00,16.76626
2019-12-10 21:53:29.600000+01:00,16.627703
2019-12-10 21:53:29.700000+01:00,16.763838
2019-12-10 21:53:29.800000+01:00,16.763838
2019-12-10 21:53:29.900000+01:00,16.763838
2019-12-10 21:53:30+01:00,16.763838
2019-12-10 21:53:30.100000+01:00,18.669
2019-12-10 21:53:30.200000+01:00,18.318563
2019-12-10 21:53:30.300000+01:00,19.64838
2019-12-10 21:53:30.400000+01:00,19.43462
2019-12-10 21:53:30.500000+01:00,19.536232
2019-12-10 21:53:30.600000+01:00,18.421875
2019-12-10 21:53:30.700000+01:00,18.619473
2019-12-10 21:53:30.800000+01:00,19.05292
2019-12-10 21:53:30.900000+01:00,18.95082
2019-12-10 21:53:31+01:00,19.006477
2019-12-10 21:53:31.100000+01:00,19.006477
2019-12-10 21:53:31.200000+01:00,19.382803
2019-12-10 21:53:31.300000+01:00,19.31186
2019-12-10 21:53:31.400000+01:00,19.346779
2019-12-10 21:53:31.500000+01:00,19.346779
2019-12-10 21:53:31.600000+01:00,19.35117
2019-12-10 21:53:31.700000+01:00,19.350348
2019-12-10 21:53:31.800000+01:00,19.35075
2019-12-10 21:53:31.900000+01:00,19.328812
2019-12-10 21:53:32+01:00,19.33291
2019-12-10 21:53:32.100000+01:00,19.330902
2019-12-10 21:53:32.200000+01:00,19.322128
2019-12-10 21:53:32.300000+01:00,19.323769
2019-12-10 21:53:32.400000+01:00,17.667082
2019-12-10 21:53:32.500000+01:00,17.950434
2019-12-10 21:53:32.600000+01:00,17.758558
2019-12-10 21:53:32.700000+01:00,16.212318
2019-12-10 21:53:32.800000+01:00,16.454578
2019-12-10 21:53:32.900000+01:00,16.244743
2019-12-10 21:53:33+01:00,16.243355
2019-12-10 21:53:33.100000+01:00,16.244781
2019-12-10 21:53:33.200000+01:00,16.244781
2019-12-10 21:53:33.300000+01:00,16.99472
2019-12-10 21:53:33.400000+01:00,16.875683
2019-12-10 21:53:33.500000+01:00,17.218384
2019-12-10 21:53:33.600000+01:00,17.180294
2019-12-10 21:53:33.700000+01:00,17.248644
2019-12-10 21:53:33.800000+01:00,17.242668
2019-12-10 21:53:33.900000+01:00,17.247562
2019-12-10 21:53:34+01:00,22.214043
2019-12-10 21:53:34.100000+01:00,20.981144
2019-12-10 21:53:34.200000+01:00,21.021584
2019-12-10 21:53:34.300000+01:00,21.090937
2019-12-10 21:53:34.400000+01:00,21.073936
2019-12-10 21:53:34.500000+01:00,21.553179
2019-12-10 21:53:34.600000+01:00,21.453321
2019-12-10 21:53:34.700000+01:00,21.471956
2019-12-10 21:53:34.800000+01:00,21.658228
2019-12-10 21:53:34.900000+01:00,21.619352
2019-12-10 21:53:35+01:00,21.115307
2019-12-10 21:53:35.100000+01:00,21.219793
2019-12-10 21:53:35.200000+01:00,21.195784
2019-12-10 21:53:35.300000+01:00,20.084053
2019-12-10 21:53:35.400000+01:00,20.301582
2019-12-10 21:53:35.500000+01:00,20.118542
2019-12-10 21:53:35.600000+01:00,20.138668
2019-12-10 21:53:35.700000+01:00,20.131088
2019-12-10 21:53:35.800000+01:00,19.893768
2019-12-10 21:53:35.900000+01:00,19.939358
2019-12-10 21:53:36+01:00,19.920887
2019-12-10 21:53:36.100000+01:00,19.88183
2019-12-10 21:53:36.200000+01:00,19.889343
2019-12-10 21:53:36.300000+01:00,19.864542
2019-12-10 21:53:36.400000+01:00,19.868713
2019-12-10 21:53:36.500000+01:00,19.866985
2019-12-10 21:53:36.600000+01:00,19.85395
2019-12-10 21:53:36.700000+01:00,19.856459
2019-12-10 21:53:36.800000+01:00,19.855412
2019-12-10 21:53:36.900000+01:00,19.842377
2019-12-10 21:53:37+01:00,19.84488
2019-12-10 21:53:37.100000+01:00,19.830795
2019-12-10 21:53:37.200000+01:00,19.833298
2019-12-10 21:53:37.300000+01:00,19.832249
2019-12-10 21:53:37.400000+01:00,19.823555
2019-12-10 21:53:37.500000+01:00,19.825222
2019-12-10 21:53:37.600000+01:00,19.815823
2019-12-10 21:53:37.700000+01:00,19.817492
2019-12-10 21:53:37.800000+01:00,19.80374
2019-12-10 21:53:37.900000+01:00,19.80624
2019-12-10 21:53:38+01:00,19.805183
2019-12-10 21:53:38.100000+01:00,19.805183
2019-12-10 21:53:38.200000+01:00,19.796486
2019-12-10 21:53:38.300000+01:00,19.79815
2019-12-10 21:53:38.400000+01:00,19.801796
2019-12-10 21:53:38.500000+01:00,19.800959
2019-12-10 21:53:38.600000+01:00,19.80132
2019-12-10 21:53:38.700000+01:00,19.796963
2019-12-10 21:53:38.800000+01:00,19.797798
2019-12-10 21:53:38.900000+01:00,19.788744
2019-12-10 21:53:39+01:00,19.79041
2019-12-10 21:53:39.100000+01:00,19.785349
2019-12-10 21:53:39.200000+01:00,19.786186
2019-12-10 21:53:39.300000+01:00,19.785828
2019-12-10 21:53:39.400000+01:00,19.785828
2019-12-10 21:53:39.500000+01:00,19.790178
2019-12-10 21:53:39.600000+01:00,19.789349
2019-12-10 21:53:39.700000+01:00,19.776648
2019-12-10 21:53:39.800000+01:00,19.779144
2019-12-10 21:53:39.900000+01:00,19.773727
2019-12-10 21:53:40+01:00,19.774559
2019-12-10 21:53:40.100000+01:00,19.774204
2019-12-10 21:53:40.200000+01:00,22.94158
2019-12-10 21:53:40.300000+01:00,22.183346
2019-12-10 21:53:40.400000+01:00,22.2762
2019-12-10 21:53:40.500000+01:00,18.857233
2019-12-10 21:53:40.600000+01:00,19.551304
2019-12-10 21:53:40.700000+01:00,19.203407
2019-12-10 21:53:40.800000+01:00,9.5697565
2019-12-10 21:53:40.900000+01:00,11.784883
2019-12-10 21:53:41+01:00,14.998652
2019-12-10 21:53:41.100000+01:00,15.067822
2019-12-10 21:53:41.200000+01:00,16.518068
2019-12-10 21:53:41.300000+01:00,16.492506
2019-12-10 21:53:41.400000+01:00,16.51748
2019-12-10 21:53:41.500000+01:00,16.207779
2019-12-10 21:53:41.600000+01:00,16.254595
2019-12-10 21:53:41.700000+01:00,16.207518
2019-12-10 21:53:41.800000+01:00,15.737769
2019-12-10 21:53:41.900000+01:00,15.8062315
2019-12-10 21:53:42+01:00,15.730953
2019-12-10 21:53:42.100000+01:00,16.443495
2019-12-10 21:53:42.200000+01:00,16.336761
2019-12-10 21:53:42.300000+01:00,15.934193
2019-12-10 21:53:42.400000+01:00,16.010616
2019-12-10 21:53:42.500000+01:00,16.056181
2019-12-10 21:53:42.600000+01:00,16.037733
2019-12-10 21:53:42.700000+01:00,16.057753
2019-12-10 21:53:42.800000+01:00,16.057753
2019-12-10 21:53:42.900000+01:00,16.243557
2019-12-10 21:53:43+01:00,16.215815
2019-12-10 21:53:43.100000+01:00,16.142748
2019-12-10 21:53:43.200000+01:00,16.157976
2019-12-10 21:53:43.300000+01:00,16.025991
2019-12-10 21:53:43.400000+01:00,16.043146
2019-12-10 21:53:43.500000+01:00,16.024843
2019-12-10 21:53:43.600000+01:00,16.42887
2019-12-10 21:53:43.700000+01:00,16.367811
2019-12-10 21:53:43.800000+01:00,16.082811
2019-12-10 21:53:43.900000+01:00,16.13479
2019-12-10 21:53:44+01:00,16.081228
2019-12-10 21:53:44.100000+01:00,16.081228
2019-12-10 21:53:44.200000+01:00,15.96033
2019-12-10 21:53:44.300000+01:00,15.978076
2019-12-10 21:53:44.400000+01:00,16.247131
2019-12-10 21:53:44.500000+01:00,16.204226
2019-12-10 21:53:44.600000+01:00,16.138124
2019-12-10 21:53:44.700000+01:00,16.15474
2019-12-10 21:53:44.800000+01:00,16.137455
2019-12-10 21:53:44.900000+01:00,16.37405
2019-12-10 21:53:45+01:00,16.338312
2019-12-10 21:53:45.100000+01:00,16.374666
2019-12-10 21:53:45.200000+01:00,16.527273
2019-12-10 21:53:45.300000+01:00,16.50382
2019-12-10 21:53:45.400000+01:00,16.517426
2019-12-10 21:53:45.500000+01:00,16.518852
2019-12-10 21:53:45.600000+01:00,16.51748
2019-12-10 21:53:45.700000+01:00,16.06876
2019-12-10 21:53:45.800000+01:00,16.136068
2019-12-10 21:53:45.900000+01:00,16.057852
2019-12-10 21:53:46+01:00,16.059223
2019-12-10 21:53:46.100000+01:00,16.057753
2019-12-10 21:53:46.200000+01:00,15.848323
2019-12-10 21:53:46.300000+01:00,15.878836
2019-12-10 21:53:46.400000+01:00,15.845232
2019-12-10 21:53:46.500000+01:00,16.408184
2019-12-10 21:53:46.600000+01:00,16.323746
2019-12-10 21:53:46.700000+01:00,16.439362
2019-12-10 21:53:46.800000+01:00,16.43512
2019-12-10 21:53:46.900000+01:00,16.439291
2019-12-10 21:53:47+01:00,16.480885
2019-12-10 21:53:47.100000+01:00,16.474499
2019-12-10 21:53:47.200000+01:00,16.129124
2019-12-10 21:53:47.300000+01:00,16.181976
2019-12-10 21:53:47.400000+01:00,16.128094
2019-12-10 21:53:47.500000+01:00,16.128094
2019-12-10 21:53:47.600000+01:00,19.688356
2019-12-10 21:53:47.700000+01:00,18.969597
2019-12-10 21:53:47.800000+01:00,19.465816
2019-12-10 21:53:47.900000+01:00,19.450106
2019-12-10 21:53:48+01:00,25.362648
2019-12-10 21:53:48.100000+01:00,23.66446
2019-12-10 21:53:48.200000+01:00,23.707172
2019-12-10 21:53:48.300000+01:00,17.881964
2019-12-10 21:53:48.400000+01:00,19.22237
2019-12-10 21:53:48.500000+01:00,19.149624
2019-12-10 21:53:48.600000+01:00,19.023958
2019-12-10 21:53:48.700000+01:00,19.09113
2019-12-10 21:53:48.800000+01:00,18.418266
2019-12-10 21:53:48.900000+01:00,18.537262
2019-12-10 21:53:49+01:00,18.46552
2019-12-10 21:53:49.100000+01:00,19.799187
2019-12-10 21:53:49.200000+01:00,19.536232
2019-12-10 21:53:49.300000+01:00,19.010073
2019-12-10 21:53:49.400000+01:00,19.12853
2019-12-10 21:53:49.500000+01:00,19.066984
2019-12-10 21:53:49.600000+01:00,4.6819396
2019-12-10 21:53:49.700000+01:00,9.153512
2019-12-10 21:53:49.800000+01:00,4.9128337
2019-12-10 21:53:49.900000+01:00,9.356149
2019-12-10 21:53:50+01:00,11.582999
2019-12-10 21:53:50.100000+01:00,27.672396
2019-12-10 21:53:50.200000+01:00,24.001692
2019-12-10 21:53:50.300000+01:00,25.195847
2019-12-10 21:53:50.400000+01:00,16.737453
2019-12-10 21:53:50.500000+01:00,18.9001
2019-12-10 21:53:50.600000+01:00,16.44245
2019-12-10 21:53:50.700000+01:00,16.649572
2019-12-10 21:53:50.800000+01:00,16.02245
2019-12-10 21:53:50.900000+01:00,16.088842
2019-12-10 21:53:51+01:00,16.020138
2019-12-10 21:53:51.100000+01:00,16.020138
2019-12-10 21:53:51.200000+01:00,15.922412
2019-12-10 21:53:51.300000+01:00,15.936688
2019-12-10 21:53:51.400000+01:00,16.711021
2019-12-10 21:53:51.500000+01:00,16.589409
2019-12-10 21:53:51.600000+01:00,16.709354
2019-12-10 21:53:51.700000+01:00,16.746172
2019-12-10 21:53:51.800000+01:00,16.740389
2019-12-10 21:53:51.900000+01:00,16.60765
2019-12-10 21:53:52+01:00,16.629156
2019-12-10 21:53:52.100000+01:00,16.62291
2019-12-10 21:53:52.200000+01:00,16.62076
2019-12-10 21:53:52.300000+01:00,16.622784
2019-12-10 21:53:52.400000+01:00,16.622784
2019-12-10 21:53:52.500000+01:00,16.105413
2019-12-10 21:53:52.600000+01:00,16.183434
2019-12-10 21:53:52.700000+01:00,14.577851
2019-12-10 21:53:52.800000+01:00,14.791446
2019-12-10 21:53:52.900000+01:00,14.832156
2019-12-10 21:53:53+01:00,14.794209
2019-12-10 21:53:53.100000+01:00,14.85234
2019-12-10 21:53:53.200000+01:00,14.359014
2019-12-10 21:53:53.300000+01:00,14.420864
2019-12-10 21:53:53.400000+01:00,14.326486
2019-12-10 21:53:53.500000+01:00,14.126859
2019-12-10 21:53:53.600000+01:00,14.15024
2019-12-10 21:53:53.700000+01:00,14.110129
2019-12-10 21:53:53.800000+01:00,14.157605
2019-12-10 21:53:53.900000+01:00,14.1522
2019-12-10 21:53:54+01:00,13.852051
2019-12-10 21:53:54.100000+01:00,13.887251
2019-12-10 21:53:54.200000+01:00,14.216419
2019-12-10 21:53:54.300000+01:00,14.17343
2019-12-10 21:53:54.400000+01:00,14.254628
2019-12-10 21:53:54.500000+01:00,14.637494
2019-12-10 21:53:54.600000+01:00,14.592065
2019-12-10 21:53:54.700000+01:00,14.666841
2019-12-10 21:53:54.800000+01:00,14.4108515
2019-12-10 21:53:54.900000+01:00,14.442378
2019-12-10 21:53:55+01:00,14.392982
2019-12-10 21:53:55.100000+01:00,14.293338
2019-12-10 21:53:55.200000+01:00,14.305177
2019-12-10 21:53:55.300000+01:00,13.846704
2019-12-10 21:53:55.400000+01:00,13.897434
2019-12-10 21:53:55.500000+01:00,21.466003
2019-12-10 21:53:55.600000+01:00,19.902184
2019-12-10 21:53:55.700000+01:00,20.900383
2019-12-10 21:53:55.800000+01:00,20.900383
2019-12-10 21:53:55.900000+01:00,17.119123
2019-12-10 21:53:56+01:00,17.807821
2019-12-10 21:53:56.100000+01:00,16.756195
2019-12-10 21:53:56.200000+01:00,16.851814
2019-12-10 21:53:56.300000+01:00,16.321632
2019-12-10 21:53:56.400000+01:00,16.390078
2019-12-10 21:53:56.500000+01:00,16.323738
2019-12-10 21:53:56.600000+01:00,16.221828
2019-12-10 21:53:56.700000+01:00,16.237156
2019-12-10 21:53:56.800000+01:00,16.703157
2019-12-10 21:53:56.900000+01:00,16.628471
2019-12-10 21:53:57+01:00,16.70026
2019-12-10 21:53:57.100000+01:00,16.70026
2019-12-10 21:53:57.200000+01:00,16.838314
2019-12-10 21:53:57.300000+01:00,16.816486
2019-12-10 21:53:57.400000+01:00,16.748968
2019-12-10 21:53:57.500000+01:00,16.762712
2019-12-10 21:53:57.600000+01:00,16.750233
2019-12-10 21:53:57.700000+01:00,16.750233
2019-12-10 21:53:57.800000+01:00,16.750233
2019-12-10 21:53:57.900000+01:00,16.076694
2019-12-10 21:53:58+01:00,16.178518
2019-12-10 21:53:58.100000+01:00,16.20659
2019-12-10 21:53:58.200000+01:00,16.187206
2019-12-10 21:53:58.300000+01:00,16.207518
2019-12-10 21:53:58.400000+01:00,16.721666
2019-12-10 21:53:58.500000+01:00,16.641853
2019-12-10 21:53:58.600000+01:00,16.718449
2019-12-10 21:53:58.700000+01:00,16.465145
2019-12-10 21:53:58.800000+01:00,16.50423
2019-12-10 21:53:58.900000+01:00,16.28661
2019-12-10 21:53:59+01:00,16.313953
2019-12-10 21:53:59.100000+01:00,16.286623
2019-12-10 21:53:59.200000+01:00,16.05472
2019-12-10 21:53:59.300000+01:00,16.089207
2019-12-10 21:53:59.400000+01:00,16.053055
2019-12-10 21:53:59.500000+01:00,15.759677
2019-12-10 21:53:59.600000+01:00,15.802199
2019-12-10 21:53:59.700000+01:00,16.44392
2019-12-10 21:53:59.800000+01:00,16.340603
2019-12-10 21:53:59.900000+01:00,16.448505
2019-12-10 21:54:00+01:00,16.734827
2019-12-10 21:54:00.100000+01:00,16.690104
2019-12-10 21:54:00.200000+01:00,16.40506
2019-12-10 21:54:00.300000+01:00,16.455357
2019-12-10 21:54:00.400000+01:00,16.407005
2019-12-10 21:54:00.500000+01:00,16.407005
2019-12-10 21:54:00.600000+01:00,16.319109
2019-12-10 21:54:00.700000+01:00,16.332443
2019-12-10 21:54:00.800000+01:00,15.859546
2019-12-10 21:54:00.900000+01:00,15.927248
2019-12-10 21:54:01+01:00,14.633555
2019-12-10 21:54:01.100000+01:00,14.801507
2019-12-10 21:54:01.200000+01:00,14.586088
2019-12-10 21:54:01.300000+01:00,14.86925
2019-12-10 21:54:01.400000+01:00,14.833938
2019-12-10 21:54:01.500000+01:00,14.527426
2019-12-10 21:54:01.600000+01:00,14.572944
2019-12-10 21:54:01.700000+01:00,14.505008
2019-12-10 21:54:01.800000+01:00,14.305709
2019-12-10 21:54:01.900000+01:00,14.329717
2019-12-10 21:54:02+01:00,14.290587
2019-12-10 21:54:02.100000+01:00,14.033668
2019-12-10 21:54:02.200000+01:00,14.063533
2019-12-10 21:54:02.300000+01:00,14.187
2019-12-10 21:54:02.400000+01:00,14.167279
2019-12-10 21:54:02.500000+01:00,14.203141
2019-12-10 21:54:02.600000+01:00,14.732022
2019-12-10 21:54:02.700000+01:00,14.669404
2019-12-10 21:54:02.800000+01:00,14.511888
2019-12-10 21:54:02.900000+01:00,14.54444
2019-12-10 21:54:03+01:00,14.494851
2019-12-10 21:54:03.100000+01:00,14.740518
2019-12-10 21:54:03.200000+01:00,14.710383
2019-12-10 21:54:03.300000+01:00,14.7573
2019-12-10 21:54:03.400000+01:00,14.349311
2019-12-10 21:54:03.500000+01:00,14.399941
2019-12-10 21:54:03.600000+01:00,14.425582
2019-12-10 21:54:03.700000+01:00,14.413245
2019-12-10 21:54:03.800000+01:00,14.78795
2019-12-10 21:54:03.900000+01:00,14.744686
2019-12-10 21:54:04+01:00,14.812379
2019-12-10 21:54:04.100000+01:00,14.812379
2019-12-10 21:54:04.200000+01:00,15.165451
2019-12-10 21:54:04.300000+01:00,15.119694
2019-12-10 21:54:04.400000+01:00,19.516521
2019-12-10 21:54:04.500000+01:00,18.673756
2019-12-10 21:54:04.600000+01:00,19.231373
2019-12-10 21:54:04.700000+01:00,16.828663
2019-12-10 21:54:04.800000+01:00,17.229492
2019-12-10 21:54:04.900000+01:00,16.365803
2019-12-10 21:54:05+01:00,16.452246
2019-12-10 21:54:05.100000+01:00,16.859978
2019-12-10 21:54:05.200000+01:00,16.782852
2019-12-10 21:54:05.300000+01:00,16.854311
2019-12-10 21:54:05.400000+01:00,16.854311
2019-12-10 21:54:05.500000+01:00,16.840538
2019-12-10 21:54:05.600000+01:00,16.84272
2019-12-10 21:54:05.700000+01:00,16.555794
2019-12-10 21:54:05.800000+01:00,16.600132
2019-12-10 21:54:05.900000+01:00,16.558754
2019-12-10 21:54:06+01:00,16.42952
2019-12-10 21:54:06.100000+01:00,16.44934
2019-12-10 21:54:06.200000+01:00,15.98532
2019-12-10 21:54:06.300000+01:00,16.051537
2019-12-10 21:54:06.400000+01:00,16.382053
2019-12-10 21:54:06.500000+01:00,16.321953
2019-12-10 21:54:06.600000+01:00,16.383911
2019-12-10 21:54:06.700000+01:00,16.383911
2019-12-10 21:54:06.800000+01:00,16.508764
2019-12-10 21:54:06.900000+01:00,16.4896
2019-12-10 21:54:07+01:00,16.050226
2019-12-10 21:54:07.100000+01:00,16.11885
2019-12-10 21:54:07.200000+01:00,15.918086
2019-12-10 21:54:07.300000+01:00,15.937135
2019-12-10 21:54:07.400000+01:00,15.916324
2019-12-10 21:54:07.500000+01:00,15.641031
2019-12-10 21:54:07.600000+01:00,15.680431
2019-12-10 21:54:07.700000+01:00,15.635217
2019-12-10 21:54:07.800000+01:00,15.952644
2019-12-10 21:54:07.900000+01:00,15.906962
2019-12-10 21:54:08+01:00,15.95886
2019-12-10 21:54:08.100000+01:00,16.298222
2019-12-10 21:54:08.200000+01:00,16.247524
2019-12-10 21:54:08.300000+01:00,16.138311
2019-12-10 21:54:08.400000+01:00,16.16257
2019-12-10 21:54:08.500000+01:00,16.313776
2019-12-10 21:54:08.600000+01:00,16.287254
2019-12-10 21:54:08.700000+01:00,16.314468
2019-12-10 21:54:08.800000+01:00,16.314468
2019-12-10 21:54:08.900000+01:00,15.878154
2019-12-10 21:54:09+01:00,15.942479
2019-12-10 21:54:09.100000+01:00,16.120438
2019-12-10 21:54:09.200000+01:00,16.084148
2019-12-10 21:54:09.300000+01:00,15.918849
2019-12-10 21:54:09.400000+01:00,15.94885
2019-12-10 21:54:09.500000+01:00,15.916324
2019-12-10 21:54:09.600000+01:00,17.769466
2019-12-10 21:54:09.700000+01:00,17.457645
2019-12-10 21:54:09.800000+01:00,16.411617
2019-12-10 21:54:09.900000+01:00,16.61703
2019-12-10 21:54:10+01:00,16.434679
2019-12-10 21:54:10.100000+01:00,16.434679
2019-12-10 21:54:10.200000+01:00,16.55944
2019-12-10 21:54:10.300000+01:00,16.5402
2019-12-10 21:54:10.400000+01:00,16.179844
2019-12-10 21:54:10.500000+01:00,16.237103
2019-12-10 21:54:10.600000+01:00,16.735533
2019-12-10 21:54:10.700000+01:00,16.649189
2019-12-10 21:54:10.800000+01:00,16.732075
2019-12-10 21:54:10.900000+01:00,16.929832
2019-12-10 21:54:11+01:00,16.89835
2019-12-10 21:54:11.100000+01:00,16.779594
2019-12-10 21:54:11.200000+01:00,16.802797
2019-12-10 21:54:11.300000+01:00,16.781963
2019-12-10 21:54:11.400000+01:00,16.781963
2019-12-10 21:54:11.500000+01:00,18.066946
2019-12-10 21:54:11.600000+01:00,17.842682
2019-12-10 21:54:11.700000+01:00,17.151604
2019-12-10 21:54:11.800000+01:00,17.29174
2019-12-10 21:54:11.900000+01:00,16.902405
2019-12-10 21:54:12+01:00,16.946964
2019-12-10 21:54:12.100000+01:00,16.908398
2019-12-10 21:54:12.200000+01:00,16.577799
2019-12-10 21:54:12.300000+01:00,16.629377
2019-12-10 21:54:12.400000+01:00,16.581646
2019-12-10 21:54:12.500000+01:00,16.258404
2019-12-10 21:54:12.600000+01:00,16.307505
2019-12-10 21:54:12.700000+01:00,16.198471
2019-12-10 21:54:12.800000+01:00,16.207502
2019-12-10 21:54:12.900000+01:00,16.19819
2019-12-10 21:54:13+01:00,16.522581
2019-12-10 21:54:13.100000+01:00,16.472975
2019-12-10 21:54:13.200000+01:00,16.775806
2019-12-10 21:54:13.300000+01:00,16.735998
2019-12-10 21:54:13.400000+01:00,16.772905
2019-12-10 21:54:13.500000+01:00,16.772905
2019-12-10 21:54:13.600000+01:00,17.646706
2019-12-10 21:54:13.700000+01:00,17.49952
2019-12-10 21:54:13.800000+01:00,19.196478
2019-12-10 21:54:13.900000+01:00,18.89449
2019-12-10 21:54:14+01:00,16.662369
2019-12-10 21:54:14.100000+01:00,17.059223
2019-12-10 21:54:14.200000+01:00,16.750233
2019-12-10 21:54:14.300000+01:00,16.266396
2019-12-10 21:54:14.400000+01:00,16.340263
2019-12-10 21:54:14.500000+01:00,16.763275
2019-12-10 21:54:14.600000+01:00,16.686047
2019-12-10 21:54:14.700000+01:00,16.874245
2019-12-10 21:54:14.800000+01:00,16.85601
2019-12-10 21:54:14.900000+01:00,16.872356
2019-12-10 21:54:15+01:00,16.872356
2019-12-10 21:54:15.100000+01:00,16.771353
2019-12-10 21:54:15.200000+01:00,16.787292
2019-12-10 21:54:15.300000+01:00,18.048756
2019-12-10 21:54:15.400000+01:00,17.826431
2019-12-10 21:54:15.500000+01:00,17.989983
2019-12-10 21:54:15.600000+01:00,17.061932
2019-12-10 21:54:15.700000+01:00,17.213238
2019-12-10 21:54:15.800000+01:00,16.872486
2019-12-10 21:54:15.900000+01:00,16.907494
2019-12-10 21:54:16+01:00,16.876865
2019-12-10 21:54:16.100000+01:00,16.55068
2019-12-10 21:54:16.200000+01:00,16.601454
2019-12-10 21:54:16.300000+01:00,16.554173
2019-12-10 21:54:16.400000+01:00,16.20764
2019-12-10 21:54:16.500000+01:00,16.260082
2019-12-10 21:54:16.600000+01:00,16.114708
2019-12-10 21:54:16.700000+01:00,16.128521
2019-12-10 21:54:16.800000+01:00,16.114044
2019-12-10 21:54:16.900000+01:00,16.452713
2019-12-10 21:54:17+01:00,16.401308
2019-12-10 21:54:17.100000+01:00,16.45311
2019-12-10 21:54:17.200000+01:00,16.753262
2019-12-10 21:54:17.300000+01:00,16.706306
2019-12-10 21:54:17.400000+01:00,17.596628
2019-12-10 21:54:17.500000+01:00,17.454664
2019-12-10 21:54:17.600000+01:00,17.567942
2019-12-10 21:54:17.700000+01:00,19.14497
2019-12-10 21:54:17.800000+01:00,18.844782
2019-12-10 21:54:17.900000+01:00,16.491549
2019-12-10 21:54:18+01:00,16.90687
2019-12-10 21:54:18.100000+01:00,16.226046
2019-12-10 21:54:18.200000+01:00,16.279259
2019-12-10 21:54:18.300000+01:00,16.226158
2019-12-10 21:54:18.400000+01:00,16.226158
2019-12-10 21:54:18.500000+01:00,16.86515
2019-12-10 21:54:18.600000+01:00,16.764807
2019-12-10 21:54:18.700000+01:00,16.904728
2019-12-10 21:54:18.800000+01:00,16.897423
2019-12-10 21:54:18.900000+01:00,16.903898
2019-12-10 21:54:19+01:00,16.72031
2019-12-10 21:54:19.100000+01:00,16.7492
2019-12-10 21:54:19.200000+01:00,16.759798
2019-12-10 21:54:19.300000+01:00,16.75401
2019-12-10 21:54:19.400000+01:00,16.349419
2019-12-10 21:54:19.500000+01:00,16.412304
2019-12-10 21:54:19.600000+01:00,16.351536
2019-12-10 21:54:19.700000+01:00,16.351536
2019-12-10 21:54:19.800000+01:00,16.578169
2019-12-10 21:54:19.900000+01:00,16.543236
2019-12-10 21:54:20+01:00,16.063915
2019-12-10 21:54:20.100000+01:00,16.14102
2019-12-10 21:54:20.200000+01:00,16.067102
2019-12-10 21:54:20.300000+01:00,16.066412
2019-12-10 21:54:20.400000+01:00,16.067148
2019-12-10 21:54:20.500000+01:00,16.364285
2019-12-10 21:54:20.600000+01:00,16.319529
2019-12-10 21:54:20.700000+01:00,16.365414
2019-12-10 21:54:20.800000+01:00,16.628975
2019-12-10 21:54:20.900000+01:00,16.588192
2019-12-10 21:54:21+01:00,16.62735
2019-12-10 21:54:21.100000+01:00,16.5997
2019-12-10 21:54:21.200000+01:00,16.603992
2019-12-10 21:54:21.300000+01:00,16.267551
2019-12-10 21:54:21.400000+01:00,16.318092
2019-12-10 21:54:21.500000+01:00,16.147482
2019-12-10 21:54:21.600000+01:00,16.1655
2019-12-10 21:54:21.700000+01:00,16.146812
2019-12-10 21:54:21.800000+01:00,16.146812
2019-12-10 21:54:21.900000+01:00,15.741962
2019-12-10 21:54:22+01:00,15.800828
2019-12-10 21:54:22.100000+01:00,16.024822
2019-12-10 21:54:22.200000+01:00,15.982823
2019-12-10 21:54:22.300000+01:00,16.029549
2019-12-10 21:54:22.400000+01:00,16.721123
2019-12-10 21:54:22.500000+01:00,16.614248
2019-12-10 21:54:22.600000+01:00,16.395967
2019-12-10 21:54:22.700000+01:00,16.445524
2019-12-10 21:54:22.800000+01:00,16.393143
2019-12-10 21:54:22.900000+01:00,16.393847
2019-12-10 21:54:23+01:00,16.39315
2019-12-10 21:54:23.100000+01:00,16.39315
2019-12-10 21:54:23.200000+01:00,15.985297
2019-12-10 21:54:23.300000+01:00,16.045948
2019-12-10 21:54:23.400000+01:00,15.949868
2019-12-10 21:54:23.500000+01:00,15.954627
2019-12-10 21:54:23.600000+01:00,16.497742
2019-12-10 21:54:23.700000+01:00,16.414654
2019-12-10 21:54:23.800000+01:00,16.499111
2019-12-10 21:54:23.900000+01:00,16.14762
2019-12-10 21:54:24+01:00,16.200544
2019-12-10 21:54:24.100000+01:00,15.946971
2019-12-10 21:54:24.200000+01:00,15.976355
2019-12-10 21:54:24.300000+01:00,15.944693
2019-12-10 21:54:24.400000+01:00,15.944693
2019-12-10 21:54:24.500000+01:00,15.627446
2019-12-10 21:54:24.600000+01:00,15.672881
2019-12-10 21:54:24.700000+01:00,15.667575
2019-12-10 21:54:24.800000+01:00,15.660968
2019-12-10 21:54:24.900000+01:00,16.21426
2019-12-10 21:54:25+01:00,16.134163
2019-12-10 21:54:25.100000+01:00,16.221498
2019-12-10 21:54:25.200000+01:00,16.161192
2019-12-10 21:54:25.300000+01:00,16.170202
2019-12-10 21:54:25.400000+01:00,16.197968
2019-12-10 21:54:25.500000+01:00,16.192413
2019-12-10 21:54:25.600000+01:00,16.19819
2019-12-10 21:54:25.700000+01:00,16.012457
2019-12-10 21:54:25.800000+01:00,16.03992
2019-12-10 21:54:25.900000+01:00,16.010723
2019-12-10 21:54:26+01:00,15.885037
2019-12-10 21:54:26.100000+01:00,15.903352
2019-12-10 21:54:26.200000+01:00,16.325104
2019-12-10 21:54:26.300000+01:00,16.259134
2019-12-10 21:54:26.400000+01:00,16.328377
2019-12-10 21:54:26.500000+01:00,15.938686
2019-12-10 21:54:26.600000+01:00,15.996353
2019-12-10 21:54:26.700000+01:00,15.935239
2019-12-10 21:54:26.800000+01:00,14.145749
2019-12-10 21:54:26.900000+01:00,14.392583
2019-12-10 21:54:27+01:00,22.449722
2019-12-10 21:54:27.100000+01:00,20.574133
2019-12-10 21:54:27.200000+01:00,21.576937
2019-12-10 21:54:27.300000+01:00,17.158546
2019-12-10 21:54:27.400000+01:00,18.002949
2019-12-10 21:54:27.500000+01:00,16.331415
2019-12-10 21:54:27.600000+01:00,16.510117
2019-12-10 21:54:27.700000+01:00,16.587423
2019-12-10 21:54:27.800000+01:00,16.55033
2019-12-10 21:54:27.900000+01:00,16.58622
2019-12-10 21:54:28+01:00,16.58622
2019-12-10 21:54:28.100000+01:00,16.959501
2019-12-10 21:54:28.200000+01:00,16.900074
2019-12-10 21:54:28.300000+01:00,16.834148
2019-12-10 21:54:28.400000+01:00,16.853062
2019-12-10 21:54:28.500000+01:00,16.836248
2019-12-10 21:54:28.600000+01:00,16.827065
2019-12-10 21:54:28.700000+01:00,16.828518
2019-12-10 21:54:28.800000+01:00,16.67097
2019-12-10 21:54:28.900000+01:00,16.695448
2019-12-10 21:54:29+01:00,16.672953
2019-12-10 21:54:29.100000+01:00,17.704926
2019-12-10 21:54:29.200000+01:00,17.5303
2019-12-10 21:54:29.300000+01:00,17.667816
2019-12-10 21:54:29.400000+01:00,16.376402
2019-12-10 21:54:29.500000+01:00,16.579344
2019-12-10 21:54:29.600000+01:00,16.119917
2019-12-10 21:54:29.700000+01:00,16.161552
2019-12-10 21:54:29.800000+01:00,16.118732
2019-12-10 21:54:29.900000+01:00,16.262627
2019-12-10 21:54:30+01:00,16.24107
2019-12-10 21:54:30.100000+01:00,16.53196
2019-12-10 21:54:30.200000+01:00,16.490791
2019-12-10 21:54:30.300000+01:00,16.531248
2019-12-10 21:54:30.400000+01:00,16.780338
2019-12-10 21:54:30.500000+01:00,16.741238
2019-12-10 21:54:30.600000+01:00,16.777435
2019-12-10 21:54:30.700000+01:00,16.552017
2019-12-10 21:54:30.800000+01:00,16.587036
2019-12-10 21:54:30.900000+01:00,16.240036
2019-12-10 21:54:31+01:00,16.287663
2019-12-10 21:54:31.100000+01:00,16.114878
2019-12-10 21:54:31.200000+01:00,16.133543
2019-12-10 21:54:31.300000+01:00,16.114044
2019-12-10 21:54:31.400000+01:00,16.114044
2019-12-10 21:54:31.500000+01:00,15.862884
2019-12-10 21:54:31.600000+01:00,15.89959
2019-12-10 21:54:31.700000+01:00,16.64998
2019-12-10 21:54:31.800000+01:00,16.529095
2019-12-10 21:54:31.900000+01:00,16.650162
2019-12-10 21:54:32+01:00,16.728462
2019-12-10 21:54:32.100000+01:00,16.71619
2019-12-10 21:54:32.200000+01:00,16.345118
2019-12-10 21:54:32.300000+01:00,16.403725
2019-12-10 21:54:32.400000+01:00,16.420944
2019-12-10 21:54:32.500000+01:00,16.409657
2019-12-10 21:54:32.600000+01:00,16.420849
2019-12-10 21:54:32.700000+01:00,16.420849
2019-12-10 21:54:32.800000+01:00,15.869061
2019-12-10 21:54:32.900000+01:00,15.950702
2019-12-10 21:54:33+01:00,16.371296
2019-12-10 21:54:33.100000+01:00,16.295395
2019-12-10 21:54:33.200000+01:00,16.550385
2019-12-10 21:54:33.300000+01:00,16.52334
2019-12-10 21:54:33.400000+01:00,16.54959
2019-12-10 21:54:33.500000+01:00,16.045465
2019-12-10 21:54:33.600000+01:00,16.121073
2019-12-10 21:54:33.700000+01:00,15.918034
2019-12-10 21:54:33.800000+01:00,15.936397
2019-12-10 21:54:33.900000+01:00,15.916324
2019-12-10 21:54:34+01:00,15.916324
2019-12-10 21:54:34.100000+01:00,15.584906
2019-12-10 21:54:34.200000+01:00,15.632199
2019-12-10 21:54:34.300000+01:00,16.007103
2019-12-10 21:54:34.400000+01:00,15.94522
2019-12-10 21:54:34.500000+01:00,16.340622
2019-12-10 21:54:34.600000+01:00,16.291801
2019-12-10 21:54:34.700000+01:00,16.342274
2019-12-10 21:54:34.800000+01:00,16.096657
2019-12-10 21:54:34.900000+01:00,16.133347
2019-12-10 21:54:35+01:00,16.0953
2019-12-10 21:54:35.100000+01:00,16.345951
2019-12-10 21:54:35.200000+01:00,16.308208
2019-12-10 21:54:35.300000+01:00,16.346905
2019-12-10 21:54:35.400000+01:00,15.882908
2019-12-10 21:54:35.500000+01:00,15.951416
2019-12-10 21:54:35.600000+01:00,16.180962
2019-12-10 21:54:35.700000+01:00,16.136274
2019-12-10 21:54:35.800000+01:00,16.443798
2019-12-10 21:54:35.900000+01:00,16.404337
2019-12-10 21:54:36+01:00,16.443897
2019-12-10 21:54:36.100000+01:00,16.013184
2019-12-10 21:54:36.200000+01:00,16.077438
2019-12-10 21:54:36.300000+01:00,16.010723
2019-12-10 21:54:36.400000+01:00,15.796479
2019-12-10 21:54:36.500000+01:00,15.8275385
2019-12-10 21:54:36.600000+01:00,18.49858
2019-12-10 21:54:36.700000+01:00,18.012058
2019-12-10 21:54:36.800000+01:00,18.369673
2019-12-10 21:54:36.900000+01:00,29.939402
2019-12-10 21:54:37+01:00,25.61216
2019-12-10 21:54:37.100000+01:00,22.816381
2019-12-10 21:54:37.200000+01:00,23.668089
2019-12-10 21:54:37.300000+01:00,23.534218
2019-12-10 21:54:37.400000+01:00,23.534218
2019-12-10 21:54:37.500000+01:00,17.774197
2019-12-10 21:54:37.600000+01:00,19.07713
2019-12-10 21:54:37.700000+01:00,19.112091
2019-12-10 21:54:37.800000+01:00,18.969337
2019-12-10 21:54:37.900000+01:00,19.020359
2019-12-10 21:54:38+01:00,19.025227
2019-12-10 21:54:38.100000+01:00,19.022629
2019-12-10 21:54:38.200000+01:00,18.855011
2019-12-10 21:54:38.300000+01:00,18.885471
2019-12-10 21:54:38.400000+01:00,18.815487
2019-12-10 21:54:38.500000+01:00,18.82513
2019-12-10 21:54:38.600000+01:00,18.819706
2019-12-10 21:54:38.700000+01:00,14.575553
2019-12-10 21:54:38.800000+01:00,15.284442
2019-12-10 21:54:38.900000+01:00,14.656766
2019-12-10 21:54:39+01:00,20.193882
2019-12-10 21:54:39.100000+01:00,19.082201
2019-12-10 21:54:39.200000+01:00,16.389809
2019-12-10 21:54:39.300000+01:00,16.972052
2019-12-10 21:54:39.400000+01:00,16.535833
2019-12-10 21:54:39.500000+01:00,16.008383
2019-12-10 21:54:39.600000+01:00,16.0873
2019-12-10 21:54:39.700000+01:00,16.006012
2019-12-10 21:54:39.800000+01:00,16.479733
2019-12-10 21:54:39.900000+01:00,16.40792
2019-12-10 21:54:40+01:00,16.138393
2019-12-10 21:54:40.100000+01:00,16.18988
2019-12-10 21:54:40.200000+01:00,16.137455
2019-12-10 21:54:40.300000+01:00,15.839804
2019-12-10 21:54:40.400000+01:00,15.883289
2019-12-10 21:54:40.500000+01:00,15.817079
2019-12-10 21:54:40.600000+01:00,15.819764
2019-12-10 21:54:40.700000+01:00,15.816722
2019-12-10 21:54:40.800000+01:00,16.565773
2019-12-10 21:54:40.900000+01:00,16.45215
2019-12-10 21:54:41+01:00,16.567911
2019-12-10 21:54:41.100000+01:00,16.420227
2019-12-10 21:54:41.200000+01:00,16.442871
2019-12-10 21:54:41.300000+01:00,13.165715
2019-12-10 21:54:41.400000+01:00,13.646224
2019-12-10 21:54:41.500000+01:00,13.041005
2019-12-10 21:54:41.600000+01:00,11.41348
2019-12-10 21:54:41.700000+01:00,11.568616
2019-12-10 21:54:41.800000+01:00,9.637377
2019-12-10 21:54:41.900000+01:00,9.710725
2019-12-10 21:54:42+01:00,8.567837
2019-12-10 21:54:42.100000+01:00,8.545066
2019-12-10 21:54:42.200000+01:00,8.292298
2019-12-10 21:54:42.300000+01:00,8.292298
2019-12-10 21:54:42.400000+01:00,9.154355
2019-12-10 21:54:42.500000+01:00,9.244646
2019-12-10 21:54:42.600000+01:00,8.768044
2019-12-10 21:54:42.700000+01:00,8.755031
2019-12-10 21:54:42.800000+01:00,8.447323
2019-12-10 21:54:42.900000+01:00,8.905333
2019-12-10 21:54:43+01:00,8.946863
2019-12-10 21:54:43.100000+01:00,8.614783
2019-12-10 21:54:43.200000+01:00,8.593211
2019-12-10 21:54:43.300000+01:00,8.393501
2019-12-10 21:54:43.400000+01:00,8.541228
2019-12-10 21:54:43.500000+01:00,8.554417
2019-12-10 21:54:43.600000+01:00,8.614825
2019-12-10 21:54:43.700000+01:00,8.709592
2019-12-10 21:54:43.800000+01:00,8.716875
2019-12-10 21:54:43.900000+01:00,8.56758
2019-12-10 21:54:44+01:00,8.55525
2019-12-10 21:54:44.100000+01:00,8.440307
2019-12-10 21:54:44.200000+01:00,8.436982
2019-12-10 21:54:44.300000+01:00,8.420426
2019-12-10 21:54:44.400000+01:00,8.563813
2019-12-10 21:54:44.500000+01:00,8.576396
2019-12-10 21:54:44.600000+01:00,8.634854
2019-12-10 21:54:44.700000+01:00,8.957995
2019-12-10 21:54:44.800000+01:00,8.9834795
2019-12-10 21:54:44.900000+01:00,9.110939
2019-12-10 21:54:45+01:00,8.898924
2019-12-10 21:54:45.100000+01:00,8.888664
2019-12-10 21:54:45.200000+01:00,8.884969
2019-12-10 21:54:45.300000+01:00,8.890122
2019-12-10 21:54:45.400000+01:00,8.9885645
2019-12-10 21:54:45.500000+01:00,8.992738
2019-12-10 21:54:45.600000+01:00,9.019067
2019-12-10 21:54:45.700000+01:00,9.019067
2019-12-10 21:54:45.800000+01:00,8.705546
2019-12-10 21:54:45.900000+01:00,8.689432
2019-12-10 21:54:46+01:00,8.69411
2019-12-10 21:54:46.100000+01:00,8.704161
2019-12-10 21:54:46.200000+01:00,8.754708
2019-12-10 21:54:46.300000+01:00,9.221306
2019-12-10 21:54:46.400000+01:00,9.256032
2019-12-10 21:54:46.500000+01:00,9.119706
2019-12-10 21:54:46.600000+01:00,9.1094675
2019-12-10 21:54:46.700000+01:00,9.0611925
2019-12-10 21:54:46.800000+01:00,9.065131
2019-12-10 21:54:46.900000+01:00,9.09128
2019-12-10 21:54:47+01:00,9.09128
2019-12-10 21:54:47.100000+01:00,9.30092
2019-12-10 21:54:47.200000+01:00,9.312341
2019-12-10 21:54:47.300000+01:00,9.037191
2019-12-10 21:54:47.400000+01:00,9.025253
2019-12-10 21:54:47.500000+01:00,8.943922
2019-12-10 21:54:47.600000+01:00,8.947036
2019-12-10 21:54:47.700000+01:00,8.966414
2019-12-10 21:54:47.800000+01:00,9.16635
2019-12-10 21:54:47.900000+01:00,9.178438
2019-12-10 21:54:48+01:00,9.254624
2019-12-10 21:54:48.100000+01:00,9.222398
2019-12-10 21:54:48.200000+01:00,9.220983
2019-12-10 21:54:48.300000+01:00,9.208998
2019-12-10 21:54:48.400000+01:00,9.373727
2019-12-10 21:54:48.500000+01:00,9.381687
2019-12-10 21:54:48.600000+01:00,9.154262
2019-12-10 21:54:48.700000+01:00,9.144918
2019-12-10 21:54:48.800000+01:00,8.822515
2019-12-10 21:54:48.900000+01:00,8.811327
2019-12-10 21:54:49+01:00,8.728122
2019-12-10 21:54:49.100000+01:00,9.163344
2019-12-10 21:54:49.200000+01:00,9.196168
2019-12-10 21:54:49.300000+01:00,9.365075
2019-12-10 21:54:49.400000+01:00,9.392724
2019-12-10 21:54:49.500000+01:00,9.393818
2019-12-10 21:54:49.600000+01:00,9.624265
2019-12-10 21:54:49.700000+01:00,9.633044
2019-12-10 21:54:49.800000+01:00,9.712569
2019-12-10 21:54:49.900000+01:00,9.242667
2019-12-10 21:54:50+01:00,9.234811
2019-12-10 21:54:50.100000+01:00,9.819577
2019-12-10 21:54:50.200000+01:00,9.866152
2019-12-10 21:54:50.300000+01:00,10.142887
2019-12-10 21:54:50.400000+01:00,10.142887
2019-12-10 21:54:50.500000+01:00,9.510871
2019-12-10 21:54:50.600000+01:00,9.513129
2019-12-10 21:54:50.700000+01:00,9.626951
2019-12-10 21:54:50.800000+01:00,9.642341
2019-12-10 21:54:50.900000+01:00,9.604908
2019-12-10 21:54:51+01:00,9.60173
2019-12-10 21:54:51.100000+01:00,9.545894
2019-12-10 21:54:51.200000+01:00,9.971958
2019-12-10 21:54:51.300000+01:00,9.987029
2019-12-10 21:54:51.400000+01:00,10.443358
2019-12-10 21:54:51.500000+01:00,10.446029
2019-12-10 21:54:51.600000+01:00,10.546675
2019-12-10 21:54:51.700000+01:00,10.546675
2019-12-10 21:54:51.800000+01:00,10.390714
2019-12-10 21:54:51.900000+01:00,10.392413
2019-12-10 21:54:52+01:00,14.213449
2019-12-10 21:54:52.100000+01:00,14.2145605
2019-12-10 21:54:52.200000+01:00,27.038548
2019-12-10 21:54:52.300000+01:00,23.425512
2019-12-10 21:54:52.400000+01:00,24.325352
2019-12-10 21:54:52.500000+01:00,18.438948
2019-12-10 21:54:52.600000+01:00,19.888714
2019-12-10 21:54:52.700000+01:00,19.103193
2019-12-10 21:54:52.800000+01:00,45.652645
2019-12-10 21:54:52.900000+01:00,32.48077
2019-12-10 21:54:53+01:00,17.335978
2019-12-10 21:54:53.100000+01:00,21.765434
2019-12-10 21:54:53.200000+01:00,20.165257
2019-12-10 21:54:53.300000+01:00,18.724133
2019-12-10 21:54:53.400000+01:00,18.985607
2019-12-10 21:54:53.500000+01:00,18.729057
2019-12-10 21:54:53.600000+01:00,18.749836
2019-12-10 21:54:53.700000+01:00,18.737923
2019-12-10 21:54:53.800000+01:00,19.43806
2019-12-10 21:54:53.900000+01:00,19.304821
2019-12-10 21:54:54+01:00,19.370567
2019-12-10 21:54:54.100000+01:00,18.863186
2019-12-10 21:54:54.200000+01:00,18.955257
2019-12-10 21:54:54.300000+01:00,8.577308
2019-12-10 21:54:54.400000+01:00,11.075313
2019-12-10 21:54:54.500000+01:00,8.953236
2019-12-10 21:54:54.600000+01:00,12.510368
2019-12-10 21:54:54.700000+01:00,12.808354
2019-12-10 21:54:54.800000+01:00,20.732378
2019-12-10 21:54:54.900000+01:00,19.39534
2019-12-10 21:54:55+01:00,16.549974
2019-12-10 21:54:55.100000+01:00,17.210236
2019-12-10 21:54:55.200000+01:00,16.741152
2019-12-10 21:54:55.300000+01:00,16.741152
2019-12-10 21:54:55.400000+01:00,16.123095
2019-12-10 21:54:55.500000+01:00,16.216724
2019-12-10 21:54:55.600000+01:00,16.670559
2019-12-10 21:54:55.700000+01:00,16.586132
2019-12-10 21:54:55.800000+01:00,16.668398
2019-12-10 21:54:55.900000+01:00,16.27172
2019-12-10 21:54:56+01:00,16.332165
2019-12-10 21:54:56.100000+01:00,15.808107
2019-12-10 21:54:56.200000+01:00,15.876245
2019-12-10 21:54:56.300000+01:00,15.802452
2019-12-10 21:54:56.400000+01:00,16.509785
2019-12-10 21:54:56.500000+01:00,16.403011
2019-12-10 21:54:56.600000+01:00,16.512892
2019-12-10 21:54:56.700000+01:00,15.81311
2019-12-10 21:54:56.800000+01:00,15.916736
2019-12-10 21:54:56.900000+01:00,16.040197
2019-12-10 21:54:57+01:00,16.006208
2019-12-10 21:54:57.100000+01:00,15.544559
2019-12-10 21:54:57.200000+01:00,15.616084
2019-12-10 21:54:57.300000+01:00,15.5342
2019-12-10 21:54:57.400000+01:00,16.103796
2019-12-10 21:54:57.500000+01:00,16.021328
2019-12-10 21:54:57.600000+01:00,16.114048
2019-12-10 21:54:57.700000+01:00,16.104755
2019-12-10 21:54:57.800000+01:00,16.10613
2019-12-10 21:54:57.900000+01:00,16.104677
2019-12-10 21:54:58+01:00,16.211473
2019-12-10 21:54:58.100000+01:00,16.195538
2019-12-10 21:54:58.200000+01:00,15.45704
2019-12-10 21:54:58.300000+01:00,15.565736
2019-12-10 21:54:58.400000+01:00,16.334154
2019-12-10 21:54:58.500000+01:00,16.203432
2019-12-10 21:54:58.600000+01:00,16.346905
2019-12-10 21:54:58.700000+01:00,16.346905
2019-12-10 21:54:58.800000+01:00,15.677741
2019-12-10 21:54:58.900000+01:00,15.775572
2019-12-10 21:54:59+01:00,15.902175
2019-12-10 21:54:59.100000+01:00,15.868644
2019-12-10 21:54:59.200000+01:00,15.906861
2019-12-10 21:54:59.300000+01:00,15.990683
2019-12-10 21:54:59.400000+01:00,15.978442
2019-12-10 21:54:59.500000+01:00,15.567305
2019-12-10 21:54:59.600000+01:00,15.628068
2019-12-10 21:54:59.700000+01:00,15.927323
2019-12-10 21:54:59.800000+01:00,15.874503
2019-12-10 21:54:59.900000+01:00,15.935239
2019-12-10 21:55:00+01:00,15.935239
2019-12-10 21:55:00.100000+01:00,15.688062
2019-12-10 21:55:00.200000+01:00,15.723557
2019-12-10 21:55:00.300000+01:00,15.823221
2019-12-10 21:55:00.400000+01:00,15.803186
2019-12-10 21:55:00.500000+01:00,15.597365
2019-12-10 21:55:00.600000+01:00,15.629899
2019-12-10 21:55:00.700000+01:00,15.591985
2019-12-10 21:55:00.800000+01:00,16.100674
2019-12-10 21:55:00.900000+01:00,16.026844
2019-12-10 21:55:01+01:00,16.030361
2019-12-10 21:55:01.100000+01:00,16.042019
2019-12-10 21:55:01.200000+01:00,16.029549
2019-12-10 21:55:01.300000+01:00,16.029549
2019-12-10 21:55:01.400000+01:00,16.155045
2019-12-10 21:55:01.500000+01:00,16.136435
2019-12-10 21:55:01.600000+01:00,16.420504
2019-12-10 21:55:01.700000+01:00,16.38042
2019-12-10 21:55:01.800000+01:00,16.82272
2019-12-10 21:55:01.900000+01:00,16.759567
2019-12-10 21:55:02+01:00,16.818172
2019-12-10 21:55:02.100000+01:00,19.099112
2019-12-10 21:55:02.200000+01:00,18.662975
2019-12-10 21:55:02.300000+01:00,18.925499
2019-12-10 21:55:02.400000+01:00,24.601906
2019-12-10 21:55:02.500000+01:00,23.010422
2019-12-10 21:55:02.600000+01:00,23.94989
2019-12-10 21:55:02.700000+01:00,23.773127
2019-12-10 21:55:02.800000+01:00,23.740288
2019-12-10 21:55:02.900000+01:00,18.569315
2019-12-10 21:55:03+01:00,19.772833
2019-12-10 21:55:03.100000+01:00,19.060461
2019-12-10 21:55:03.200000+01:00,19.074234
2019-12-10 21:55:03.300000+01:00,19.066984
2019-12-10 21:55:03.400000+01:00,19.062572
2019-12-10 21:55:03.500000+01:00,19.063381
2019-12-10 21:55:03.600000+01:00,19.062954
2019-12-10 21:55:03.700000+01:00,18.209408
2019-12-10 21:55:03.800000+01:00,18.358595
2019-12-10 21:55:03.900000+01:00,18.898329
2019-12-10 21:55:04+01:00,18.781677
2019-12-10 21:55:04.100000+01:00,18.848248
2019-12-10 21:55:04.200000+01:00,3.4103801
2019-12-10 21:55:04.300000+01:00,8.496581
2019-12-10 21:55:04.400000+01:00,11.793115
2019-12-10 21:55:04.500000+01:00,19.901379
2019-12-10 21:55:04.600000+01:00,22.998627
2019-12-10 21:55:04.700000+01:00,22.998627
2019-12-10 21:55:04.800000+01:00,18.36082
2019-12-10 21:55:04.900000+01:00,19.36211
2019-12-10 21:55:05+01:00,16.026066
2019-12-10 21:55:05.100000+01:00,16.481323
2019-12-10 21:55:05.200000+01:00,16.633392
2019-12-10 21:55:05.300000+01:00,16.551365
2019-12-10 21:55:05.400000+01:00,16.631912
2019-12-10 21:55:05.500000+01:00,15.910417
2019-12-10 21:55:05.600000+01:00,16.018211
2019-12-10 21:55:05.700000+01:00,15.79498
2019-12-10 21:55:05.800000+01:00,15.811122
2019-12-10 21:55:05.900000+01:00,15.792935
2019-12-10 21:55:06+01:00,16.672354
2019-12-10 21:55:06.100000+01:00,16.537912
2019-12-10 21:55:06.200000+01:00,16.672953
2019-12-10 21:55:06.300000+01:00,16.22545
2019-12-10 21:55:06.400000+01:00,16.293468
2019-12-10 21:55:06.500000+01:00,12.9760275
2019-12-10 21:55:06.600000+01:00,13.451314
2019-12-10 21:55:06.700000+01:00,12.8323145
2019-12-10 21:55:06.800000+01:00,12.61189
2019-12-10 21:55:06.900000+01:00,12.630584
2019-12-10 21:55:07+01:00,12.576771
2019-12-10 21:55:07.100000+01:00,11.688756
2019-12-10 21:55:07.200000+01:00,11.760514
2019-12-10 21:55:07.300000+01:00,11.479755
2019-12-10 21:55:07.400000+01:00,11.481875
2019-12-10 21:55:07.500000+01:00,11.468488
2019-12-10 21:55:07.600000+01:00,11.672113
2019-12-10 21:55:07.700000+01:00,11.6637535
2019-12-10 21:55:07.800000+01:00,11.490878
2019-12-10 21:55:07.900000+01:00,11.503457
2019-12-10 21:55:08+01:00,11.17615
2019-12-10 21:55:08.100000+01:00,11.188154
2019-12-10 21:55:08.200000+01:00,11.111724
2019-12-10 21:55:08.300000+01:00,11.111724
2019-12-10 21:55:08.400000+01:00,11.168537
2019-12-10 21:55:08.500000+01:00,11.166852
2019-12-10 21:55:08.600000+01:00,11.021739
2019-12-10 21:55:08.700000+01:00,11.027421
2019-12-10 21:55:08.800000+01:00,10.97939
2019-12-10 21:55:08.900000+01:00,11.397063
2019-12-10 21:55:09+01:00,11.3873205
2019-12-10 21:55:09.100000+01:00,11.390542
2019-12-10 21:55:09.200000+01:00,11.396071
2019-12-10 21:55:09.300000+01:00,11.419032
2019-12-10 21:55:09.400000+01:00,11.416863
2019-12-10 21:55:09.500000+01:00,11.433083
2019-12-10 21:55:09.600000+01:00,11.433083
2019-12-10 21:55:09.700000+01:00,11.371215
2019-12-10 21:55:09.800000+01:00,11.373769
2019-12-10 21:55:09.900000+01:00,11.360915
2019-12-10 21:55:10+01:00,11.360734
2019-12-10 21:55:10.100000+01:00,11.362092
2019-12-10 21:55:10.200000+01:00,11.828128
2019-12-10 21:55:10.300000+01:00,11.811009
2019-12-10 21:55:10.400000+01:00,11.522693
2019-12-10 21:55:10.500000+01:00,11.548685
2019-12-10 21:55:10.600000+01:00,11.433083
2019-12-10 21:55:10.700000+01:00,11.57055
2019-12-10 21:55:10.800000+01:00,11.565036
2019-12-10 21:55:10.900000+01:00,11.603657
2019-12-10 21:55:11+01:00,11.345359
2019-12-10 21:55:11.100000+01:00,11.358565
2019-12-10 21:55:11.200000+01:00,11.624427
2019-12-10 21:55:11.300000+01:00,11.612737
2019-12-10 21:55:11.400000+01:00,11.651629
2019-12-10 21:55:11.500000+01:00,11.654668
2019-12-10 21:55:11.600000+01:00,11.638776
2019-12-10 21:55:11.700000+01:00,11.638776
2019-12-10 21:55:11.800000+01:00,11.785913
2019-12-10 21:55:11.900000+01:00,11.779037
2019-12-10 21:55:12+01:00,11.449794
2019-12-10 21:55:12.100000+01:00,11.471408
2019-12-10 21:55:12.200000+01:00,11.368016
2019-12-10 21:55:12.300000+01:00,11.689027
2019-12-10 21:55:12.400000+01:00,11.677045
2019-12-10 21:55:12.500000+01:00,11.852641
2019-12-10 21:55:12.600000+01:00,11.848279
2019-12-10 21:55:12.700000+01:00,11.761624
2019-12-10 21:55:12.800000+01:00,11.768087
2019-12-10 21:55:12.900000+01:00,11.737956
2019-12-10 21:55:13+01:00,11.737956
2019-12-10 21:55:13.100000+01:00,12.191368
2019-12-10 21:55:13.200000+01:00,12.169005
2019-12-10 21:55:13.300000+01:00,12.384931
2019-12-10 21:55:13.400000+01:00,12.378238
2019-12-10 21:55:13.500000+01:00,11.637721
2019-12-10 21:55:13.600000+01:00,11.695862
2019-12-10 21:55:13.700000+01:00,11.492059
2019-12-10 21:55:13.800000+01:00,12.06125
2019-12-10 21:55:13.900000+01:00,12.037917
2019-12-10 21:55:14+01:00,12.369023
2019-12-10 21:55:14.100000+01:00,12.357531
2019-12-10 21:55:14.200000+01:00,12.402718
2019-12-10 21:55:14.300000+01:00,12.402718
2019-12-10 21:55:14.400000+01:00,16.76376
2019-12-10 21:55:14.500000+01:00,16.316395
2019-12-10 21:55:14.600000+01:00,15.444943
2019-12-10 21:55:14.700000+01:00,15.702584
2019-12-10 21:55:14.800000+01:00,17.503132
2019-12-10 21:55:14.900000+01:00,17.168602
2019-12-10 21:55:15+01:00,17.47194
2019-12-10 21:55:15.100000+01:00,19.41897
2019-12-10 21:55:15.200000+01:00,19.0389
2019-12-10 21:55:15.300000+01:00,19.243347
2019-12-10 21:55:15.400000+01:00,19.459103
2019-12-10 21:55:15.500000+01:00,19.41837
2019-12-10 21:55:15.600000+01:00,19.437798
2019-12-10 21:55:15.700000+01:00,15.9511385
2019-12-10 21:55:15.800000+01:00,16.53695
2019-12-10 21:55:15.900000+01:00,16.749153
2019-12-10 21:55:16+01:00,16.644138
2019-12-10 21:55:16.100000+01:00,16.021095
2019-12-10 21:55:16.200000+01:00,16.130335
2019-12-10 21:55:16.300000+01:00,16.020138
2019-12-10 21:55:16.400000+01:00,15.913096
2019-12-10 21:55:16.500000+01:00,15.928726
2019-12-10 21:55:16.600000+01:00,15.9115925
2019-12-10 21:55:16.700000+01:00,16.673782
2019-12-10 21:55:16.800000+01:00,16.55682
2019-12-10 21:55:16.900000+01:00,15.144958
2019-12-10 21:55:17+01:00,15.368035
2019-12-10 21:55:17.100000+01:00,15.120011
2019-12-10 21:55:17.200000+01:00,13.223355
2019-12-10 21:55:17.300000+01:00,13.467718
2019-12-10 21:55:17.400000+01:00,13.374612
2019-12-10 21:55:17.500000+01:00,13.348239
2019-12-10 21:55:17.600000+01:00,13.414487
2019-12-10 21:55:17.700000+01:00,13.414487
2019-12-10 21:55:17.800000+01:00,12.514846
2019-12-10 21:55:17.900000+01:00,12.603917
2019-12-10 21:55:18+01:00,12.496274
2019-12-10 21:55:18.100000+01:00,12.488618
2019-12-10 21:55:18.200000+01:00,12.453048
2019-12-10 21:55:18.300000+01:00,12.457802
2019-12-10 21:55:18.400000+01:00,12.44215
2019-12-10 21:55:18.500000+01:00,12.451697
2019-12-10 21:55:18.600000+01:00,12.450985
2019-12-10 21:55:18.700000+01:00,12.044646
2019-12-10 21:55:18.800000+01:00,12.075617
2019-12-10 21:55:18.900000+01:00,11.969613
2019-12-10 21:55:19+01:00,11.532081
2019-12-10 21:55:19.100000+01:00,11.559672
2019-12-10 21:55:19.200000+01:00,11.438989
2019-12-10 21:55:19.300000+01:00,11.200165
2019-12-10 21:55:19.400000+01:00,11.211013
2019-12-10 21:55:19.500000+01:00,11.494746
2019-12-10 21:55:19.600000+01:00,11.48437
2019-12-10 21:55:19.700000+01:00,11.586077
2019-12-10 21:55:19.800000+01:00,11.202468
2019-12-10 21:55:19.900000+01:00,11.222198
2019-12-10 21:55:20+01:00,11.111724
2019-12-10 21:55:20.100000+01:00,11.102241
2019-12-10 21:55:20.200000+01:00,11.102525
2019-12-10 21:55:20.300000+01:00,10.640216
2019-12-10 21:55:20.400000+01:00,10.656823
2019-12-10 21:55:20.500000+01:00,10.515876
2019-12-10 21:55:20.600000+01:00,10.637937
2019-12-10 21:55:20.700000+01:00,10.637001
2019-12-10 21:55:20.800000+01:00,10.760318
2019-12-10 21:55:20.900000+01:00,10.759137
2019-12-10 21:55:21+01:00,10.785437
2019-12-10 21:55:21.100000+01:00,10.889123
2019-12-10 21:55:21.200000+01:00,10.887273
2019-12-10 21:55:21.300000+01:00,10.918967
2019-12-10 21:55:21.400000+01:00,10.709867
2019-12-10 21:55:21.500000+01:00,10.715348
2019-12-10 21:55:21.600000+01:00,10.63692
2019-12-10 21:55:21.700000+01:00,10.637113
2019-12-10 21:55:21.800000+01:00,10.632685
2019-12-10 21:55:21.900000+01:00,10.923148
2019-12-10 21:55:22+01:00,10.91994
2019-12-10 21:55:22.100000+01:00,10.680474
2019-12-10 21:55:22.200000+01:00,10.690847
2019-12-10 21:55:22.300000+01:00,10.972888
2019-12-10 21:55:22.400000+01:00,10.969489
2019-12-10 21:55:22.500000+01:00,11.087725
2019-12-10 21:55:22.600000+01:00,11.087725
2019-12-10 21:55:22.700000+01:00,10.507058
2019-12-10 21:55:22.800000+01:00,10.528514
2019-12-10 21:55:22.900000+01:00,10.896208
2019-12-10 21:55:23+01:00,10.897094
2019-12-10 21:55:23.100000+01:00,11.069707
2019-12-10 21:55:23.200000+01:00,11.055488
2019-12-10 21:55:23.300000+01:00,11.055894
2019-12-10 21:55:23.400000+01:00,10.688818
2019-12-10 21:55:23.500000+01:00,10.700948
2019-12-10 21:55:23.600000+01:00,10.589723
2019-12-10 21:55:23.700000+01:00,11.24937
2019-12-10 21:55:23.800000+01:00,11.244429
2019-12-10 21:55:23.900000+01:00,11.444891
2019-12-10 21:55:24+01:00,11.606
2019-12-10 21:55:24.100000+01:00,11.599487
2019-12-10 21:55:24.200000+01:00,11.682674
2019-12-10 21:55:24.300000+01:00,11.680877
2019-12-10 21:55:24.400000+01:00,11.643685
2019-12-10 21:55:24.500000+01:00,11.646169
2019-12-10 21:55:24.600000+01:00,11.632926
2019-12-10 21:55:24.700000+01:00,11.142627
2019-12-10 21:55:24.800000+01:00,11.16891
2019-12-10 21:55:24.900000+01:00,11.027608
2019-12-10 21:55:25+01:00,16.906185
2019-12-10 21:55:25.100000+01:00,16.597248
2019-12-10 21:55:25.200000+01:00,17.853176
2019-12-10 21:55:25.300000+01:00,48.746334
2019-12-10 21:55:25.400000+01:00,36.192238
2019-12-10 21:55:25.500000+01:00,11.288678
2019-12-10 21:55:25.600000+01:00,18.93531
2019-12-10 21:55:25.700000+01:00,19.080158
2019-12-10 21:55:25.800000+01:00,19.094748
2019-12-10 21:55:25.900000+01:00,19.087107
2019-12-10 21:55:26+01:00,19.087107
2019-12-10 21:55:26.100000+01:00,16.541893
2019-12-10 21:55:26.200000+01:00,16.96236
2019-12-10 21:55:26.300000+01:00,16.128529
2019-12-10 21:55:26.400000+01:00,16.204552
2019-12-10 21:55:26.500000+01:00,16.703009
2019-12-10 21:55:26.600000+01:00,16.614061
2019-12-10 21:55:26.700000+01:00,16.70026
2019-12-10 21:55:26.800000+01:00,15.979688
2019-12-10 21:55:26.900000+01:00,16.087944
2019-12-10 21:55:27+01:00,15.893924
2019-12-10 21:55:27.100000+01:00,15.906126
2019-12-10 21:55:27.200000+01:00,15.892655
2019-12-10 21:55:27.300000+01:00,15.892655
2019-12-10 21:55:27.400000+01:00,16.51567
2019-12-10 21:55:27.500000+01:00,16.421303
2019-12-10 21:55:27.600000+01:00,15.344655
2019-12-10 21:55:27.700000+01:00,15.515338
2019-12-10 21:55:27.800000+01:00,12.789275
2019-12-10 21:55:27.900000+01:00,13.129149
2019-12-10 21:55:28+01:00,12.610284
2019-12-10 21:55:28.100000+01:00,12.138498
2019-12-10 21:55:28.200000+01:00,12.17619
2019-12-10 21:55:28.300000+01:00,11.878771
2019-12-10 21:55:28.400000+01:00,11.890165
2019-12-10 21:55:28.500000+01:00,11.842513
2019-12-10 21:55:28.600000+01:00,11.842513
2019-12-10 21:55:28.700000+01:00,11.904389
2019-12-10 21:55:28.800000+01:00,11.901033
2019-12-10 21:55:28.900000+01:00,11.519015
2019-12-10 21:55:29+01:00,11.543506
2019-12-10 21:55:29.100000+01:00,11.247009
2019-12-10 21:55:29.200000+01:00,11.255314
2019-12-10 21:55:29.300000+01:00,11.201483
2019-12-10 21:55:29.400000+01:00,10.905513
2019-12-10 21:55:29.500000+01:00,10.91672
2019-12-10 21:55:29.600000+01:00,10.828013
2019-12-10 21:55:29.700000+01:00,10.403434
2019-12-10 21:55:29.800000+01:00,10.414589
2019-12-10 21:55:29.900000+01:00,10.115544
2019-12-10 21:55:30+01:00,10.115693
2019-12-10 21:55:30.100000+01:00,10.061245
2019-12-10 21:55:30.200000+01:00,10.335303
2019-12-10 21:55:30.300000+01:00,10.338473
2019-12-10 21:55:30.400000+01:00,10.188281
2019-12-10 21:55:30.500000+01:00,10.190175
2019-12-10 21:55:30.600000+01:00,10.111522
2019-12-10 21:55:30.700000+01:00,10.111522
2019-12-10 21:55:30.800000+01:00,10.422744
2019-12-10 21:55:30.900000+01:00,10.425786
2019-12-10 21:55:31+01:00,9.979909
2019-12-10 21:55:31.100000+01:00,9.989224
2019-12-10 21:55:31.200000+01:00,10.163489
2019-12-10 21:55:31.300000+01:00,10.171669
2019-12-10 21:55:31.400000+01:00,10.292835
2019-12-10 21:55:31.500000+01:00,10.203495
2019-12-10 21:55:31.600000+01:00,10.203559
2019-12-10 21:55:31.700000+01:00,10.16484
2019-12-10 21:55:31.800000+01:00,10.164796
2019-12-10 21:55:31.900000+01:00,10.161687
2019-12-10 21:55:32+01:00,9.893079
2019-12-10 21:55:32.100000+01:00,9.892442
2019-12-10 21:55:32.200000+01:00,9.801825
2019-12-10 21:55:32.300000+01:00,9.959435
2019-12-10 21:55:32.400000+01:00,9.962829
2019-12-10 21:55:32.500000+01:00,10.105733
2019-12-10 21:55:32.600000+01:00,10.106785
2019-12-10 21:55:32.700000+01:00,10.136617
2019-12-10 21:55:32.800000+01:00,10.150655
2019-12-10 21:55:32.900000+01:00,10.150744
2019-12-10 21:55:33+01:00,10.155421
2019-12-10 21:55:33.100000+01:00,9.981469
2019-12-10 21:55:33.200000+01:00,9.98079
2019-12-10 21:55:33.300000+01:00,10.479342
2019-12-10 21:55:33.400000+01:00,10.490293
2019-12-10 21:55:33.500000+01:00,10.675563
2019-12-10 21:55:33.600000+01:00,10.642516
2019-12-10 21:55:33.700000+01:00,10.6430025
2019-12-10 21:55:33.800000+01:00,10.613818
2019-12-10 21:55:33.900000+01:00,10.614064
2019-12-10 21:55:34+01:00,10.608145
2019-12-10 21:55:34.100000+01:00,10.203836
2019-12-10 21:55:34.200000+01:00,10.211099
2019-12-10 21:55:34.300000+01:00,10.080113
2019-12-10 21:55:34.400000+01:00,10.675122
2019-12-10 21:55:34.500000+01:00,10.682929
2019-12-10 21:55:34.600000+01:00,10.442136
2019-12-10 21:55:34.700000+01:00,10.454354
2019-12-10 21:55:34.800000+01:00,10.317728
2019-12-10 21:55:34.900000+01:00,10.750034
2019-12-10 21:55:35+01:00,10.750976
2019-12-10 21:55:35.100000+01:00,11.161406
2019-12-10 21:55:35.200000+01:00,11.15577
2019-12-10 21:55:35.300000+01:00,10.612083
2019-12-10 21:55:35.400000+01:00,10.638503
2019-12-10 21:55:35.500000+01:00,10.447963
2019-12-10 21:55:35.600000+01:00,10.447963
2019-12-10 21:55:35.700000+01:00,16.250793
2019-12-10 21:55:35.800000+01:00,16.144886
2019-12-10 21:55:35.900000+01:00,17.453094
2019-12-10 21:55:36+01:00,17.459135
2019-12-10 21:55:36.100000+01:00,17.454433
2019-12-10 21:55:36.200000+01:00,19.411213
2019-12-10 21:55:36.300000+01:00,19.029388
2019-12-10 21:55:36.400000+01:00,63.828518
2019-12-10 21:55:36.500000+01:00,49.66037
2019-12-10 21:55:36.600000+01:00,40.612297
2019-12-10 21:55:36.700000+01:00,1.7268281
2019-12-10 21:55:36.800000+01:00,17.632938
2019-12-10 21:55:36.900000+01:00,18.961983
2019-12-10 21:55:37+01:00,18.701527
2019-12-10 21:55:37.100000+01:00,18.748405
2019-12-10 21:55:37.200000+01:00,18.632757
2019-12-10 21:55:37.300000+01:00,18.648693
2019-12-10 21:55:37.400000+01:00,18.621529
2019-12-10 21:55:37.500000+01:00,18.624723
2019-12-10 21:55:37.600000+01:00,18.622833
2019-12-10 21:55:37.700000+01:00,18.600592
2019-12-10 21:55:37.800000+01:00,18.604576
2019-12-10 21:55:37.900000+01:00,18.602203
2019-12-10 21:55:38+01:00,18.615557
2019-12-10 21:55:38.100000+01:00,18.613161
2019-12-10 21:55:38.200000+01:00,18.614582
2019-12-10 21:55:38.300000+01:00,18.627928
2019-12-10 21:55:38.400000+01:00,18.625534
2019-12-10 21:55:38.500000+01:00,18.622505
2019-12-10 21:55:38.600000+01:00,18.623304
2019-12-10 21:55:38.700000+01:00,18.618385
2019-12-10 21:55:38.800000+01:00,18.619179
2019-12-10 21:55:38.900000+01:00,18.618706
2019-12-10 21:55:39+01:00,18.600914
2019-12-10 21:55:39.100000+01:00,18.604105
2019-12-10 21:55:39.200000+01:00,18.602207
2019-12-10 21:55:39.300000+01:00,18.611107
2019-12-10 21:55:39.400000+01:00,18.609507
2019-12-10 21:55:39.500000+01:00,18.610456
2019-12-10 21:55:39.600000+01:00,18.606007
2019-12-10 21:55:39.700000+01:00,18.606806
2019-12-10 21:55:39.800000+01:00,18.579636
2019-12-10 21:55:39.900000+01:00,18.58442
2019-12-10 21:55:40+01:00,18.572657
2019-12-10 21:55:40.100000+01:00,18.57425
2019-12-10 21:55:40.200000+01:00,18.573292
2019-12-10 21:55:40.300000+01:00,18.573292
2019-12-10 21:55:40.400000+01:00,18.631187
2019-12-10 21:55:40.500000+01:00,18.62078
2019-12-10 21:55:40.600000+01:00,18.61806
2019-12-10 21:55:40.700000+01:00,18.619656
2019-12-10 21:55:40.800000+01:00,18.605366
2019-12-10 21:55:40.900000+01:00,18.607754
2019-12-10 21:55:41+01:00,18.606333
2019-12-10 21:55:41.100000+01:00,18.610786
2019-12-10 21:55:41.200000+01:00,18.609982
2019-12-10 21:55:41.300000+01:00,18.610456
2019-12-10 21:55:41.400000+01:00,18.610456
2019-12-10 21:55:41.500000+01:00,18.610456
2019-12-10 21:55:41.600000+01:00,18.610456
2019-12-10 21:55:41.700000+01:00,18.592663
2019-12-10 21:55:41.800000+01:00,18.595852
2019-12-10 21:55:41.900000+01:00,18.59395
2019-12-10 21:55:42+01:00,18.59395
2019-12-10 21:55:42.100000+01:00,18.571697
2019-12-10 21:55:42.200000+01:00,18.57568
2019-12-10 21:55:42.300000+01:00,18.573292
2019-12-10 21:55:42.400000+01:00,18.56884
2019-12-10 21:55:42.500000+01:00,18.569637
2019-12-10 21:55:42.600000+01:00,18.569157
2019-12-10 21:55:42.700000+01:00,18.560253
2019-12-10 21:55:42.800000+01:00,18.561848
2019-12-10 21:55:42.900000+01:00,18.574247
2019-12-10 21:55:43+01:00,18.571857
2019-12-10 21:55:43.100000+01:00,18.573292
2019-12-10 21:55:43.200000+01:00,27.693048
2019-12-10 21:55:43.300000+01:00,24.605448
2019-12-10 21:55:43.400000+01:00,19.787678
2019-12-10 21:55:43.500000+01:00,21.090157
2019-12-10 21:55:43.600000+01:00,20.469769
2019-12-10 21:55:43.700000+01:00,16.325325
2019-12-10 21:55:43.800000+01:00,17.063482
2019-12-10 21:55:43.900000+01:00,16.54042
2019-12-10 21:55:44+01:00,16.036217
2019-12-10 21:55:44.100000+01:00,16.111776
2019-12-10 21:55:44.200000+01:00,16.526356
2019-12-10 21:55:44.300000+01:00,16.451431
2019-12-10 21:55:44.400000+01:00,16.526659
2019-12-10 21:55:44.500000+01:00,16.563583
2019-12-10 21:55:44.600000+01:00,16.557877
2019-12-10 21:55:44.700000+01:00,15.845577
2019-12-10 21:55:44.800000+01:00,15.952228
2019-12-10 21:55:44.900000+01:00,15.840483
2019-12-10 21:55:45+01:00,15.840483
2019-12-10 21:55:45.100000+01:00,15.014296
2019-12-10 21:55:45.200000+01:00,15.1289015
2019-12-10 21:55:45.300000+01:00,15.423494
2019-12-10 21:55:45.400000+01:00,15.365136
2019-12-10 21:55:45.500000+01:00,15.3813925
2019-12-10 21:55:45.600000+01:00,15.389773
2019-12-10 21:55:45.700000+01:00,15.379277
2019-12-10 21:55:45.800000+01:00,14.99336
2019-12-10 21:55:45.900000+01:00,15.045199
2019-12-10 21:55:46+01:00,13.10551
2019-12-10 21:55:46.100000+01:00,13.343141
2019-12-10 21:55:46.200000+01:00,12.958886
2019-12-10 21:55:46.300000+01:00,13.2251835
2019-12-10 21:55:46.400000+01:00,13.201844
2019-12-10 21:55:46.500000+01:00,13.263766
2019-12-10 21:55:46.600000+01:00,12.7298
2019-12-10 21:55:46.700000+01:00,12.780597
2019-12-10 21:55:46.800000+01:00,12.212235
2019-12-10 21:55:46.900000+01:00,12.248047
2019-12-10 21:55:47+01:00,12.135961
2019-12-10 21:55:47.100000+01:00,12.131188
2019-12-10 21:55:47.200000+01:00,12.131506
2019-12-10 21:55:47.300000+01:00,12.130247
2019-12-10 21:55:47.400000+01:00,12.631646
2019-12-10 21:55:47.500000+01:00,12.600472
2019-12-10 21:55:47.600000+01:00,12.133794
2019-12-10 21:55:47.700000+01:00,12.183103
2019-12-10 21:55:47.800000+01:00,12.032868
2019-12-10 21:55:47.900000+01:00,12.2797785
2019-12-10 21:55:48+01:00,12.265079
2019-12-10 21:55:48.100000+01:00,12.31496
2019-12-10 21:55:48.200000+01:00,12.315984
2019-12-10 21:55:48.300000+01:00,12.216677
2019-12-10 21:55:48.400000+01:00,12.223485
2019-12-10 21:55:48.500000+01:00,12.198708
2019-12-10 21:55:48.600000+01:00,12.198708
2019-12-10 21:55:48.700000+01:00,11.8384495
2019-12-10 21:55:48.800000+01:00,11.863289
2019-12-10 21:55:48.900000+01:00,11.580596
2019-12-10 21:55:49+01:00,11.591056
2019-12-10 21:55:49.100000+01:00,11.539121
2019-12-10 21:55:49.200000+01:00,11.865286
2019-12-10 21:55:49.300000+01:00,11.851249
2019-12-10 21:55:49.400000+01:00,11.797389
2019-12-10 21:55:49.500000+01:00,11.806132
2019-12-10 21:55:49.600000+01:00,11.508522
2019-12-10 21:55:49.700000+01:00,11.52311
2019-12-10 21:55:49.800000+01:00,11.450793
2019-12-10 21:55:49.900000+01:00,11.450793
2019-12-10 21:55:50+01:00,11.602459
2019-12-10 21:55:50.100000+01:00,11.596294
2019-12-10 21:55:50.200000+01:00,10.96807
2019-12-10 21:55:50.300000+01:00,11.004986
2019-12-10 21:55:50.400000+01:00,10.809775
2019-12-10 21:55:50.500000+01:00,10.781407
2019-12-10 21:55:50.600000+01:00,10.781962
2019-12-10 21:55:50.700000+01:00,11.402438
2019-12-10 21:55:50.800000+01:00,11.393139
2019-12-10 21:55:50.900000+01:00,11.580214
2019-12-10 21:55:51+01:00,11.2449
2019-12-10 21:55:51.100000+01:00,11.26197
2019-12-10 21:55:51.200000+01:00,11.165624
2019-12-10 21:55:51.300000+01:00,11.132401
2019-12-10 21:55:51.400000+01:00,11.133464
2019-12-10 21:55:51.500000+01:00,11.147405
2019-12-10 21:55:51.600000+01:00,11.146689
2019-12-10 21:55:51.700000+01:00,10.693939
2019-12-10 21:55:51.800000+01:00,10.7113905
2019-12-10 21:55:51.900000+01:00,10.571284
2019-12-10 21:55:52+01:00,10.604238
2019-12-10 21:55:52.100000+01:00,10.603893
2019-12-10 21:55:52.200000+01:00,10.614284
2019-12-10 21:55:52.300000+01:00,11.048524
2019-12-10 21:55:52.400000+01:00,11.04438
2019-12-10 21:55:52.500000+01:00,11.177583
2019-12-10 21:55:52.600000+01:00,11.149108
2019-12-10 21:55:52.700000+01:00,11.150029
2019-12-10 21:55:52.800000+01:00,11.037145
2019-12-10 21:55:52.900000+01:00,11.040441
2019-12-10 21:55:53+01:00,10.627572
2019-12-10 21:55:53.100000+01:00,10.639862
2019-12-10 21:55:53.200000+01:00,10.522038
2019-12-10 21:55:53.300000+01:00,10.522038
2019-12-10 21:55:53.400000+01:00,10.247271
2019-12-10 21:55:53.500000+01:00,10.25067
2019-12-10 21:55:53.600000+01:00,10.871242
2019-12-10 21:55:53.700000+01:00,10.878594
2019-12-10 21:55:53.800000+01:00,10.544414
2019-12-10 21:55:53.900000+01:00,10.565383
2019-12-10 21:55:54+01:00,10.3922415
2019-12-10 21:55:54.100000+01:00,10.709519
2019-12-10 21:55:54.200000+01:00,10.709029
2019-12-10 21:55:54.300000+01:00,10.705588
2019-12-10 21:55:54.400000+01:00,10.707677
2019-12-10 21:55:54.500000+01:00,10.675563
2019-12-10 21:55:54.600000+01:00,10.675563
2019-12-10 21:55:54.700000+01:00,11.184151
2019-12-10 21:55:54.800000+01:00,11.178283
2019-12-10 21:55:54.900000+01:00,11.165642
2019-12-10 21:55:55+01:00,11.172435
2019-12-10 21:55:55.100000+01:00,11.023951
2019-12-10 21:55:55.200000+01:00,11.027035
2019-12-10 21:55:55.300000+01:00,10.997485
2019-12-10 21:55:55.400000+01:00,10.978537
2019-12-10 21:55:55.500000+01:00,10.9790325
2019-12-10 21:55:55.600000+01:00,10.973357
2019-12-10 21:55:55.700000+01:00,11.409606
2019-12-10 21:55:55.800000+01:00,11.399558
2019-12-10 21:55:55.900000+01:00,11.527364
2019-12-10 21:55:56+01:00,11.302808
2019-12-10 21:55:56.100000+01:00,11.313653
2019-12-10 21:55:56.200000+01:00,10.7794485
2019-12-10 21:55:56.300000+01:00,10.798818
2019-12-10 21:55:56.400000+01:00,10.448712
2019-12-10 21:55:56.500000+01:00,10.45206
2019-12-10 21:55:56.600000+01:00,10.386042
2019-12-10 21:55:56.700000+01:00,10.254073
2019-12-10 21:55:56.800000+01:00,10.254689
2019-12-10 21:55:56.900000+01:00,10.211738
2019-12-10 21:55:57+01:00,10.94008
2019-12-10 21:55:57.100000+01:00,10.946157
2019-12-10 21:55:57.200000+01:00,11.224969
2019-12-10 21:55:57.300000+01:00,11.223453
2019-12-10 21:55:57.400000+01:00,11.237278
2019-12-10 21:55:57.500000+01:00,11.976326
2019-12-10 21:55:57.600000+01:00,11.952836
2019-12-10 21:55:57.700000+01:00,11.909564
2019-12-10 21:55:57.800000+01:00,11.926377
2019-12-10 21:55:57.900000+01:00,11.859893
2019-12-10 21:55:58+01:00,11.859893
2019-12-10 21:55:58.100000+01:00,18.073856
2019-12-10 21:55:58.200000+01:00,17.45327
2019-12-10 21:55:58.300000+01:00,19.046785
2019-12-10 21:55:58.400000+01:00,18.967522
2019-12-10 21:55:58.500000+01:00,18.9443
2019-12-10 21:55:58.600000+01:00,18.95641
2019-12-10 21:55:58.700000+01:00,18.94983
2019-12-10 21:55:58.800000+01:00,18.870285
2019-12-10 21:55:58.900000+01:00,18.88476
2019-12-10 21:55:59+01:00,18.890026
2019-12-10 21:55:59.100000+01:00,18.887604
2019-12-10 21:55:59.200000+01:00,18.888945
2019-12-10 21:55:59.300000+01:00,18.880093
2019-12-10 21:55:59.400000+01:00,18.881706
2019-12-10 21:55:59.500000+01:00,18.880814
2019-12-10 21:55:59.600000+01:00,18.85868
2019-12-10 21:55:59.700000+01:00,18.862709
2019-12-10 21:55:59.800000+01:00,15.218184
2019-12-10 21:55:59.900000+01:00,15.816858
2019-12-10 21:56:00+01:00,15.296483
2019-12-10 21:56:00.100000+01:00,15.956174
2019-12-10 21:56:00.200000+01:00,15.862833
2019-12-10 21:56:00.300000+01:00,15.903176
2019-12-10 21:56:00.400000+01:00,15.913346
2019-12-10 21:56:00.500000+01:00,15.902127
2019-12-10 21:56:00.600000+01:00,16.065063
2019-12-10 21:56:00.700000+01:00,16.04116
2019-12-10 21:56:00.800000+01:00,16.067148
2019-12-10 21:56:00.900000+01:00,16.466316
2019-12-10 21:56:01+01:00,16.40575
2019-12-10 21:56:01.100000+01:00,18.815948
2019-12-10 21:56:01.200000+01:00,18.377901
2019-12-10 21:56:01.300000+01:00,18.810799
2019-12-10 21:56:01.400000+01:00,18.7841
2019-12-10 21:56:01.500000+01:00,18.799288
2019-12-10 21:56:01.600000+01:00,18.79929
2019-12-10 21:56:01.700000+01:00,18.777128
2019-12-10 21:56:01.800000+01:00,18.781141
2019-12-10 21:56:01.900000+01:00,18.738945
2019-12-10 21:56:02+01:00,18.74616
2019-12-10 21:56:02.100000+01:00,18.742016
2019-12-10 21:56:02.200000+01:00,18.61338
2019-12-10 21:56:02.300000+01:00,18.63644
2019-12-10 21:56:02.400000+01:00,19.001709
2019-12-10 21:56:02.500000+01:00,18.931793
2019-12-10 21:56:02.600000+01:00,18.921478
2019-12-10 21:56:02.700000+01:00,18.930355
2019-12-10 21:56:02.800000+01:00,18.925499
2019-12-10 21:56:02.900000+01:00,18.925499
2019-12-10 21:56:03+01:00,18.960888
2019-12-10 21:56:03.100000+01:00,18.954403
2019-12-10 21:56:03.200000+01:00,18.94025
2019-12-10 21:56:03.300000+01:00,18.943485
2019-12-10 21:56:03.400000+01:00,18.941721
2019-12-10 21:56:03.500000+01:00,18.941721
2019-12-10 21:56:03.600000+01:00,18.941721
2019-12-10 21:56:03.700000+01:00,24.703337
2019-12-10 21:56:03.800000+01:00,23.078186
2019-12-10 21:56:03.900000+01:00,23.219107
2019-12-10 21:56:04+01:00,16.80307
2019-12-10 21:56:04.100000+01:00,18.211636
2019-12-10 21:56:04.200000+01:00,17.401823
2019-12-10 21:56:04.300000+01:00,19.135536
2019-12-10 21:56:04.400000+01:00,18.805004
2019-12-10 21:56:04.500000+01:00,19.335243
2019-12-10 21:56:04.600000+01:00,19.271183
2019-12-10 21:56:04.700000+01:00,18.663853
2019-12-10 21:56:04.800000+01:00,18.778517
2019-12-10 21:56:04.900000+01:00,18.71332
2019-12-10 21:56:05+01:00,19.024704
2019-12-10 21:56:05.100000+01:00,18.967228
2019-12-10 21:56:05.200000+01:00,18.998394
2019-12-10 21:56:05.300000+01:00,0.34634903
2019-12-10 21:56:05.400000+01:00,7.1405396
2019-12-10 21:56:05.500000+01:00,0.7854887
2019-12-10 21:56:05.600000+01:00,13.491224
2019-12-10 21:56:05.700000+01:00,28.968067
2019-12-10 21:56:05.800000+01:00,16.849638
2019-12-10 21:56:05.900000+01:00,20.586792
2019-12-10 21:56:06+01:00,18.786255
2019-12-10 21:56:06.100000+01:00,18.825373
2019-12-10 21:56:06.200000+01:00,18.803377
2019-12-10 21:56:06.300000+01:00,18.803377
2019-12-10 21:56:06.400000+01:00,16.936531
2019-12-10 21:56:06.500000+01:00,17.24441
2019-12-10 21:56:06.600000+01:00,17.286495
2019-12-10 21:56:06.700000+01:00,17.240723
2019-12-10 21:56:06.800000+01:00,20.841278
2019-12-10 21:56:06.900000+01:00,20.050598
2019-12-10 21:56:07+01:00,20.372599
2019-12-10 21:56:07.100000+01:00,21.56616
2019-12-10 21:56:07.200000+01:00,21.313198
2019-12-10 21:56:07.300000+01:00,31.260857
2019-12-10 21:56:07.400000+01:00,27.759718
2019-12-10 21:56:07.500000+01:00,26.894356
2019-12-10 21:56:07.600000+01:00,26.894356
2019-12-10 21:56:07.700000+01:00,13.485429
2019-12-10 21:56:07.800000+01:00,17.212616
2019-12-10 21:56:07.900000+01:00,17.782612
2019-12-10 21:56:08+01:00,17.487381
2019-12-10 21:56:08.100000+01:00,20.464443
2019-12-10 21:56:08.200000+01:00,19.882484
2019-12-10 21:56:08.300000+01:00,20.12729
2019-12-10 21:56:08.400000+01:00,22.596588
2019-12-10 21:56:08.500000+01:00,22.029713
2019-12-10 21:56:08.600000+01:00,21.218273
2019-12-10 21:56:08.700000+01:00,21.40199
2019-12-10 21:56:08.800000+01:00,21.362753
2019-12-10 21:56:08.900000+01:00,21.362753
2019-12-10 21:56:09+01:00,21.231846
2019-12-10 21:56:09.100000+01:00,21.258686
2019-12-10 21:56:09.200000+01:00,21.14278
2019-12-10 21:56:09.300000+01:00,21.165243
2019-12-10 21:56:09.400000+01:00,17.488997
2019-12-10 21:56:09.500000+01:00,18.1693
2019-12-10 21:56:09.600000+01:00,17.74562
2019-12-10 21:56:09.700000+01:00,21.272573
2019-12-10 21:56:09.800000+01:00,20.469374
2019-12-10 21:56:09.900000+01:00,20.750717
2019-12-10 21:56:10+01:00,21.990757
2019-12-10 21:56:10.100000+01:00,21.72406
2019-12-10 21:56:10.200000+01:00,18.873816
2019-12-10 21:56:10.300000+01:00,19.438553
2019-12-10 21:56:10.400000+01:00,19.155369
2019-12-10 21:56:10.500000+01:00,18.562378
2019-12-10 21:56:10.600000+01:00,18.668133
2019-12-10 21:56:10.700000+01:00,18.686455
2019-12-10 21:56:10.800000+01:00,18.671999
2019-12-10 21:56:10.900000+01:00,18.680462
2019-12-10 21:56:11+01:00,18.680462
2019-12-10 21:56:11.100000+01:00,18.103703
2019-12-10 21:56:11.200000+01:00,18.203812
2019-12-10 21:56:11.300000+01:00,8.909328
2019-12-10 21:56:11.400000+01:00,11.002111
2019-12-10 21:56:11.500000+01:00,12.901376
2019-12-10 21:56:11.600000+01:00,13.202259
2019-12-10 21:56:11.700000+01:00,14.40319
2019-12-10 21:56:11.800000+01:00,20.395615
2019-12-10 21:56:11.900000+01:00,19.194803
2019-12-10 21:56:12+01:00,18.647219
2019-12-10 21:56:12.100000+01:00,18.887148
2019-12-10 21:56:12.200000+01:00,18.963087
2019-12-10 21:56:12.300000+01:00,18.924751
2019-12-10 21:56:12.400000+01:00,18.945774
2019-12-10 21:56:12.500000+01:00,18.945774
2019-12-10 21:56:12.600000+01:00,19.25143
2019-12-10 21:56:12.700000+01:00,19.194294
2019-12-10 21:56:12.800000+01:00,21.584297
2019-12-10 21:56:12.900000+01:00,21.06094
2019-12-10 21:56:13+01:00,21.195784
2019-12-10 21:56:13.100000+01:00,18.384258
2019-12-10 21:56:13.200000+01:00,18.910648
2019-12-10 21:56:13.300000+01:00,16.36795
2019-12-10 21:56:13.400000+01:00,16.732185
2019-12-10 21:56:13.500000+01:00,16.43007
2019-12-10 21:56:13.600000+01:00,18.732365
2019-12-10 21:56:13.700000+01:00,18.306374
2019-12-10 21:56:13.800000+01:00,18.589817
2019-12-10 21:56:13.900000+01:00,20.32967
2019-12-10 21:56:14+01:00,19.972626
2019-12-10 21:56:14.100000+01:00,28.069332
2019-12-10 21:56:14.200000+01:00,25.479763
2019-12-10 21:56:14.300000+01:00,25.23587
2019-12-10 21:56:14.400000+01:00,20.365149
2019-12-10 21:56:14.500000+01:00,21.755367
2019-12-10 21:56:14.600000+01:00,21.124222
2019-12-10 21:56:14.700000+01:00,20.857483
2019-12-10 21:56:14.800000+01:00,20.911243
2019-12-10 21:56:14.900000+01:00,19.916409
2019-12-10 21:56:15+01:00,20.105785
2019-12-10 21:56:15.100000+01:00,20.032032
2019-12-10 21:56:15.200000+01:00,20.633682
2019-12-10 21:56:15.300000+01:00,20.51258
2019-12-10 21:56:15.400000+01:00,22.77042
2019-12-10 21:56:15.500000+01:00,22.265137
2019-12-10 21:56:15.600000+01:00,20.717619
2019-12-10 21:56:15.700000+01:00,21.048853
2019-12-10 21:56:15.800000+01:00,20.954811
2019-12-10 21:56:15.900000+01:00,20.954811
2019-12-10 21:56:16+01:00,19.074451
2019-12-10 21:56:16.100000+01:00,19.427786
2019-12-10 21:56:16.200000+01:00,18.9613
2019-12-10 21:56:16.300000+01:00,19.015
2019-12-10 21:56:16.400000+01:00,18.986263
2019-12-10 21:56:16.500000+01:00,18.276665
2019-12-10 21:56:16.600000+01:00,18.401123
2019-12-10 21:56:16.700000+01:00,18.082254
2019-12-10 21:56:16.800000+01:00,18.124123
2019-12-10 21:56:16.900000+01:00,15.752039
2019-12-10 21:56:17+01:00,16.120707
2019-12-10 21:56:17.100000+01:00,15.783412
2019-12-10 21:56:17.200000+01:00,15.783412
2019-12-10 21:56:17.300000+01:00,10.391093
2019-12-10 21:56:17.400000+01:00,11.293961
2019-12-10 21:56:17.500000+01:00,16.527826
2019-12-10 21:56:17.600000+01:00,16.542654
2019-12-10 21:56:17.700000+01:00,19.684626
2019-12-10 21:56:17.800000+01:00,19.364456
2019-12-10 21:56:17.900000+01:00,19.520523
2019-12-10 21:56:18+01:00,46.84118
2019-12-10 21:56:18.100000+01:00,32.952477
2019-12-10 21:56:18.200000+01:00,31.655464
2019-12-10 21:56:18.300000+01:00,19.075245
2019-12-10 21:56:18.400000+01:00,23.129803
2019-12-10 21:56:18.500000+01:00,21.059542
2019-12-10 21:56:18.600000+01:00,19.790047
2019-12-10 21:56:18.700000+01:00,20.035013
2019-12-10 21:56:18.800000+01:00,19.992702
2019-12-10 21:56:18.900000+01:00,19.981777
2019-12-10 21:56:19+01:00,18.87452
2019-12-10 21:56:19.100000+01:00,19.076923
2019-12-10 21:56:19.200000+01:00,18.970078
2019-12-10 21:56:19.300000+01:00,18.970078
2019-12-10 21:56:19.400000+01:00,1.5493639
2019-12-10 21:56:19.500000+01:00,7.7394195
2019-12-10 21:56:19.600000+01:00,14.236781
2019-12-10 21:56:19.700000+01:00,28.696373
2019-12-10 21:56:19.800000+01:00,29.052227
2019-12-10 21:56:19.900000+01:00,22.700266
2019-12-10 21:56:20+01:00,25.914017
2019-12-10 21:56:20.100000+01:00,23.291473
2019-12-10 21:56:20.200000+01:00,23.448154
2019-12-10 21:56:20.300000+01:00,21.534937
2019-12-10 21:56:20.400000+01:00,21.973236
2019-12-10 21:56:20.500000+01:00,21.887798
2019-12-10 21:56:20.600000+01:00,21.887798
2019-12-10 21:56:20.700000+01:00,21.058228
2019-12-10 21:56:20.800000+01:00,21.228836
2019-12-10 21:56:20.900000+01:00,20.560944
2019-12-10 21:56:21+01:00,20.685972
2019-12-10 21:56:21.100000+01:00,20.140541
2019-12-10 21:56:21.200000+01:00,20.23922
2019-12-10 21:56:21.300000+01:00,20.203133
2019-12-10 21:56:21.400000+01:00,16.606766
2019-12-10 21:56:21.500000+01:00,17.235037
2019-12-10 21:56:21.600000+01:00,22.99122
2019-12-10 21:56:21.700000+01:00,21.355522
2019-12-10 21:56:21.800000+01:00,21.83298
2019-12-10 21:56:21.900000+01:00,21.83298
2019-12-10 21:56:22+01:00,18.61412
2019-12-10 21:56:22.100000+01:00,19.244125
2019-12-10 21:56:22.200000+01:00,5.572865
2019-12-10 21:56:22.300000+01:00,9.4867525
2019-12-10 21:56:22.400000+01:00,16.688337
2019-12-10 21:56:22.500000+01:00,23.510254
2019-12-10 21:56:22.600000+01:00,25.566673
2019-12-10 21:56:22.700000+01:00,19.267443
2019-12-10 21:56:22.800000+01:00,21.06754
2019-12-10 21:56:22.900000+01:00,20.089247
2019-12-10 21:56:23+01:00,19.985489
2019-12-10 21:56:23.100000+01:00,20.005533
2019-12-10 21:56:23.200000+01:00,19.962946
2019-12-10 21:56:23.300000+01:00,19.969643
2019-12-10 21:56:23.400000+01:00,19.966957
2019-12-10 21:56:23.500000+01:00,19.720245
2019-12-10 21:56:23.600000+01:00,19.767214
2019-12-10 21:56:23.700000+01:00,29.346321
2019-12-10 21:56:23.800000+01:00,25.957298
2019-12-10 21:56:23.900000+01:00,25.702967
2019-12-10 21:56:24+01:00,16.985386
2019-12-10 21:56:24.100000+01:00,19.297745
2019-12-10 21:56:24.200000+01:00,18.070766
2019-12-10 21:56:24.300000+01:00,21.028261
2019-12-10 21:56:24.400000+01:00,20.37458
2019-12-10 21:56:24.500000+01:00,19.70534
2019-12-10 21:56:24.600000+01:00,19.877214
2019-12-10 21:56:24.700000+01:00,19.805183
2019-12-10 21:56:24.800000+01:00,19.401787
2019-12-10 21:56:24.900000+01:00,19.47723
2019-12-10 21:56:25+01:00,-0.6064677
2019-12-10 21:56:25.100000+01:00,6.9468384
2019-12-10 21:56:25.200000+01:00,0.34909683
2019-12-10 21:56:25.300000+01:00,0.34909683
2019-12-10 21:56:25.400000+01:00,6.1605067
2019-12-10 21:56:25.500000+01:00,14.700133
2019-12-10 21:56:25.600000+01:00,19.221184
2019-12-10 21:56:25.700000+01:00,19.249634
2019-12-10 21:56:25.800000+01:00,19.208988
2019-12-10 21:56:25.900000+01:00,19.213882
2019-12-10 21:56:26+01:00,19.211403
2019-12-10 21:56:26.100000+01:00,19.255405
2019-12-10 21:56:26.200000+01:00,19.24721
2019-12-10 21:56:26.300000+01:00,19.255716
2019-12-10 21:56:26.400000+01:00,19.254898
2019-12-10 21:56:26.500000+01:00,19.25531
2019-12-10 21:56:26.600000+01:00,19.193798
2019-12-10 21:56:26.700000+01:00,19.205198
2019-12-10 21:56:26.800000+01:00,19.19941
2019-12-10 21:56:26.900000+01:00,19.186209
2019-12-10 21:56:27+01:00,19.188656
2019-12-10 21:56:27.100000+01:00,19.17421
2019-12-10 21:56:27.200000+01:00,19.176651
2019-12-10 21:56:27.300000+01:00,19.1754
