2019-12-10 21:53:09.200000+01:00,6.7473288
2019-12-10 21:53:09.300000+01:00,5.4441004
2019-12-10 21:53:09.400000+01:00,4.120029
2019-12-10 21:53:09.500000+01:00,2.3948727
2019-12-10 21:53:09.600000+01:00,1.9826458
2019-12-10 21:53:09.700000+01:00,1.57765
2019-12-10 21:53:09.800000+01:00,1.9779778
2019-12-10 21:53:09.900000+01:00,2.8618646
2019-12-10 21:53:10+01:00,3.9040716
2019-12-10 21:53:10.100000+01:00,3.9174888
2019-12-10 21:53:10.200000+01:00,3.9318893
2019-12-10 21:53:10.300000+01:00,3.9837377
2019-12-10 21:53:10.400000+01:00,4.020814
2019-12-10 21:53:10.500000+01:00,5.912986
2019-12-10 21:53:10.600000+01:00,8.165478
2019-12-10 21:53:10.700000+01:00,10.791286
2019-12-10 21:53:10.800000+01:00,10.791286
2019-12-10 21:53:10.900000+01:00,10.588218
2019-12-10 21:53:11+01:00,10.25796
2019-12-10 21:53:11.100000+01:00,9.7464285
2019-12-10 21:53:11.200000+01:00,9.588844
2019-12-10 21:53:11.300000+01:00,9.392942
2019-12-10 21:53:11.400000+01:00,9.43869
2019-12-10 21:53:11.500000+01:00,9.508367
2019-12-10 21:53:11.600000+01:00,9.774284
2019-12-10 21:53:11.700000+01:00,10.061083
2019-12-10 21:53:11.800000+01:00,10.400529
2019-12-10 21:53:11.900000+01:00,10.391973
2019-12-10 21:53:12+01:00,10.381598
2019-12-10 21:53:12.100000+01:00,10.381598
2019-12-10 21:53:12.200000+01:00,10.390712
2019-12-10 21:53:12.300000+01:00,10.405697
2019-12-10 21:53:12.400000+01:00,10.417336
2019-12-10 21:53:12.500000+01:00,10.406636
2019-12-10 21:53:12.600000+01:00,10.393668
2019-12-10 21:53:12.700000+01:00,10.405373
2019-12-10 21:53:12.800000+01:00,10.424648
2019-12-10 21:53:12.900000+01:00,10.482856
2019-12-10 21:53:13+01:00,10.540852
2019-12-10 21:53:13.100000+01:00,10.610722
2019-12-10 21:53:13.200000+01:00,10.594003
2019-12-10 21:53:13.300000+01:00,10.566115
2019-12-10 21:53:13.400000+01:00,10.53239
2019-12-10 21:53:13.500000+01:00,10.399848
2019-12-10 21:53:13.600000+01:00,10.185663
2019-12-10 21:53:13.700000+01:00,9.769708
2019-12-10 21:53:13.800000+01:00,9.5372095
2019-12-10 21:53:13.900000+01:00,9.182616
2019-12-10 21:53:14+01:00,9.088642
2019-12-10 21:53:14.100000+01:00,8.971146
2019-12-10 21:53:14.200000+01:00,8.971146
2019-12-10 21:53:14.300000+01:00,9.045095
2019-12-10 21:53:14.400000+01:00,9.15443
2019-12-10 21:53:14.500000+01:00,9.248303
2019-12-10 21:53:14.600000+01:00,9.187591
2019-12-10 21:53:14.700000+01:00,9.111986
2019-12-10 21:53:14.800000+01:00,9.126171
2019-12-10 21:53:14.900000+01:00,9.147143
2019-12-10 21:53:15+01:00,9.174561
2019-12-10 21:53:15.100000+01:00,9.176657
2019-12-10 21:53:15.200000+01:00,9.165089
2019-12-10 21:53:15.300000+01:00,9.144143
2019-12-10 21:53:15.400000+01:00,9.118104
2019-12-10 21:53:15.500000+01:00,9.118104
2019-12-10 21:53:15.600000+01:00,9.122362
2019-12-10 21:53:15.700000+01:00,9.128651
2019-12-10 21:53:15.800000+01:00,9.139292
2019-12-10 21:53:15.900000+01:00,9.143484
2019-12-10 21:53:16+01:00,9.489475
2019-12-10 21:53:16.100000+01:00,10.026685
2019-12-10 21:53:16.200000+01:00,10.66492
2019-12-10 21:53:16.300000+01:00,10.518994
2019-12-10 21:53:16.400000+01:00,10.281193
2019-12-10 21:53:16.500000+01:00,10.01656
2019-12-10 21:53:16.600000+01:00,10.0612755
2019-12-10 21:53:16.700000+01:00,10.115694
2019-12-10 21:53:16.800000+01:00,10.115694
2019-12-10 21:53:16.900000+01:00,10.113037
2019-12-10 21:53:17+01:00,10.108781
2019-12-10 21:53:17.100000+01:00,10.110228
2019-12-10 21:53:17.200000+01:00,10.120876
2019-12-10 21:53:17.300000+01:00,10.133845
2019-12-10 21:53:17.400000+01:00,10.133845
2019-12-10 21:53:17.500000+01:00,10.133845
2019-12-10 21:53:17.600000+01:00,10.125883
2019-12-10 21:53:17.700000+01:00,10.1131115
2019-12-10 21:53:17.800000+01:00,10.097538
2019-12-10 21:53:17.900000+01:00,10.10683
2019-12-10 21:53:18+01:00,10.121741
2019-12-10 21:53:18.100000+01:00,10.1398945
2019-12-10 21:53:18.200000+01:00,10.135917
2019-12-10 21:53:18.300000+01:00,10.12953
2019-12-10 21:53:18.400000+01:00,10.119089
2019-12-10 21:53:18.500000+01:00,10.114832
2019-12-10 21:53:18.600000+01:00,10.109643
2019-12-10 21:53:18.700000+01:00,10.109643
2019-12-10 21:53:18.800000+01:00,10.109643
2019-12-10 21:53:18.900000+01:00,10.105658
2019-12-10 21:53:19+01:00,10.099273
2019-12-10 21:53:19.100000+01:00,10.091486
2019-12-10 21:53:19.200000+01:00,10.0968
2019-12-10 21:53:19.300000+01:00,10.105317
2019-12-10 21:53:19.400000+01:00,10.10373
2019-12-10 21:53:19.500000+01:00,10.084586
2019-12-10 21:53:19.600000+01:00,10.06122
2019-12-10 21:53:19.700000+01:00,10.058555
2019-12-10 21:53:19.800000+01:00,10.0543
2019-12-10 21:53:19.900000+01:00,10.061093
2019-12-10 21:53:20+01:00,10.080252
2019-12-10 21:53:20.100000+01:00,10.103592
2019-12-10 21:53:20.200000+01:00,10.103592
2019-12-10 21:53:20.300000+01:00,9.975337
2019-12-10 21:53:20.400000+01:00,9.775323
2019-12-10 21:53:20.500000+01:00,9.464341
2019-12-10 21:53:20.600000+01:00,9.369962
2019-12-10 21:53:20.700000+01:00,9.217244
2019-12-10 21:53:20.800000+01:00,9.164912
2019-12-10 21:53:20.900000+01:00,9.09975
2019-12-10 21:53:21+01:00,9.11253
2019-12-10 21:53:21.100000+01:00,9.1314
2019-12-10 21:53:21.200000+01:00,9.146293
2019-12-10 21:53:21.300000+01:00,9.133723
2019-12-10 21:53:21.400000+01:00,9.118104
2019-12-10 21:53:21.500000+01:00,9.106726
2019-12-10 21:53:21.600000+01:00,9.08998
2019-12-10 21:53:21.700000+01:00,9.069147
2019-12-10 21:53:21.800000+01:00,9.071997
2019-12-10 21:53:21.900000+01:00,9.076185
2019-12-10 21:53:22+01:00,9.114013
2019-12-10 21:53:22.100000+01:00,9.162295
2019-12-10 21:53:22.200000+01:00,9.222037
2019-12-10 21:53:22.300000+01:00,9.170947
2019-12-10 21:53:22.400000+01:00,9.095718
2019-12-10 21:53:22.500000+01:00,8.891493
2019-12-10 21:53:22.600000+01:00,8.733901
2019-12-10 21:53:22.700000+01:00,8.5347395
2019-12-10 21:53:22.800000+01:00,9.413309
2019-12-10 21:53:22.900000+01:00,10.813708
2019-12-10 21:53:23+01:00,12.458707
2019-12-10 21:53:23.100000+01:00,12.669678
2019-12-10 21:53:23.200000+01:00,13.102656
2019-12-10 21:53:23.300000+01:00,12.979995
2019-12-10 21:53:23.400000+01:00,11.8293295
2019-12-10 21:53:23.500000+01:00,10.42222
2019-12-10 21:53:23.600000+01:00,10.469405
2019-12-10 21:53:23.700000+01:00,10.5263605
2019-12-10 21:53:23.800000+01:00,10.5263605
2019-12-10 21:53:23.900000+01:00,10.514728
2019-12-10 21:53:24+01:00,10.495442
2019-12-10 21:53:24.100000+01:00,10.464316
2019-12-10 21:53:24.200000+01:00,10.4514675
2019-12-10 21:53:24.300000+01:00,10.435906
2019-12-10 21:53:24.400000+01:00,10.428106
2019-12-10 21:53:24.500000+01:00,10.415267
2019-12-10 21:53:24.600000+01:00,10.404908
2019-12-10 21:53:24.700000+01:00,10.413471
2019-12-10 21:53:24.800000+01:00,10.42254
2019-12-10 21:53:24.900000+01:00,10.420398
2019-12-10 21:53:25+01:00,10.417806
2019-12-10 21:53:25.100000+01:00,10.417806
2019-12-10 21:53:25.200000+01:00,10.415206
2019-12-10 21:53:25.300000+01:00,10.410924
2019-12-10 21:53:25.400000+01:00,10.400529
2019-12-10 21:53:25.500000+01:00,10.391973
2019-12-10 21:53:25.600000+01:00,10.381598
2019-12-10 21:53:25.700000+01:00,10.381598
2019-12-10 21:53:25.800000+01:00,10.381598
2019-12-10 21:53:25.900000+01:00,10.37638
2019-12-10 21:53:26+01:00,10.367826
2019-12-10 21:53:26.100000+01:00,10.357451
2019-12-10 21:53:26.200000+01:00,10.357451
2019-12-10 21:53:26.300000+01:00,10.357451
2019-12-10 21:53:26.400000+01:00,10.357451
2019-12-10 21:53:26.500000+01:00,10.352225
2019-12-10 21:53:26.600000+01:00,10.343677
2019-12-10 21:53:26.700000+01:00,10.328066
2019-12-10 21:53:26.800000+01:00,10.319519
2019-12-10 21:53:26.900000+01:00,10.309143
2019-12-10 21:53:27+01:00,10.309143
2019-12-10 21:53:27.100000+01:00,10.309143
2019-12-10 21:53:27.200000+01:00,10.309143
2019-12-10 21:53:27.300000+01:00,10.309143
2019-12-10 21:53:27.400000+01:00,10.309143
2019-12-10 21:53:27.500000+01:00,10.305212
2019-12-10 21:53:27.600000+01:00,10.298804
2019-12-10 21:53:27.700000+01:00,10.291022
2019-12-10 21:53:27.800000+01:00,10.284461
2019-12-10 21:53:27.900000+01:00,10.273787
2019-12-10 21:53:28+01:00,10.267381
2019-12-10 21:53:28.100000+01:00,10.27806
2019-12-10 21:53:28.200000+01:00,10.293646
2019-12-10 21:53:28.300000+01:00,10.297918
2019-12-10 21:53:28.400000+01:00,10.303103
2019-12-10 21:53:28.500000+01:00,10.303103
2019-12-10 21:53:28.600000+01:00,10.296546
2019-12-10 21:53:28.700000+01:00,10.2858715
2019-12-10 21:53:28.800000+01:00,10.288626
2019-12-10 21:53:28.900000+01:00,10.31428
2019-12-10 21:53:29+01:00,10.345377
2019-12-10 21:53:29.100000+01:00,10.345377
2019-12-10 21:53:29.200000+01:00,10.345377
2019-12-10 21:53:29.300000+01:00,10.3506
2019-12-10 21:53:29.400000+01:00,10.359156
2019-12-10 21:53:29.500000+01:00,10.365609
2019-12-10 21:53:29.600000+01:00,10.359195
2019-12-10 21:53:29.700000+01:00,10.351415
2019-12-10 21:53:29.800000+01:00,10.351415
2019-12-10 21:53:29.900000+01:00,10.339642
2019-12-10 21:53:30+01:00,10.320417
2019-12-10 21:53:30.100000+01:00,10.328405
2019-12-10 21:53:30.200000+01:00,10.379804
2019-12-10 21:53:30.300000+01:00,10.384404
2019-12-10 21:53:30.400000+01:00,10.290631
2019-12-10 21:53:30.500000+01:00,10.176185
2019-12-10 21:53:30.600000+01:00,10.184108
2019-12-10 21:53:30.700000+01:00,10.196906
2019-12-10 21:53:30.800000+01:00,10.212464
2019-12-10 21:53:30.900000+01:00,10.212464
2019-12-10 21:53:31+01:00,10.212464
2019-12-10 21:53:31.100000+01:00,10.212464
2019-12-10 21:53:31.200000+01:00,10.205866
2019-12-10 21:53:31.300000+01:00,10.195207
2019-12-10 21:53:31.400000+01:00,10.184875
2019-12-10 21:53:31.500000+01:00,10.189137
2019-12-10 21:53:31.600000+01:00,10.194325
2019-12-10 21:53:31.700000+01:00,10.194325
2019-12-10 21:53:31.800000+01:00,10.194325
2019-12-10 21:53:31.900000+01:00,10.191684
2019-12-10 21:53:32+01:00,10.187421
2019-12-10 21:53:32.100000+01:00,10.182232
2019-12-10 21:53:32.200000+01:00,10.182232
2019-12-10 21:53:32.300000+01:00,10.182232
2019-12-10 21:53:32.400000+01:00,10.179588
2019-12-10 21:53:32.500000+01:00,10.175327
2019-12-10 21:53:32.600000+01:00,10.170138
2019-12-10 21:53:32.700000+01:00,10.174102
2019-12-10 21:53:32.800000+01:00,10.180498
2019-12-10 21:53:32.900000+01:00,10.186958
2019-12-10 21:53:33+01:00,10.184826
2019-12-10 21:53:33.100000+01:00,10.182232
2019-12-10 21:53:33.200000+01:00,10.182232
2019-12-10 21:53:33.300000+01:00,10.18091
2019-12-10 21:53:33.400000+01:00,10.17878
2019-12-10 21:53:33.500000+01:00,10.177506
2019-12-10 21:53:33.600000+01:00,10.179638
2019-12-10 21:53:33.700000+01:00,10.182232
2019-12-10 21:53:33.800000+01:00,10.182232
2019-12-10 21:53:33.900000+01:00,10.182232
2019-12-10 21:53:34+01:00,10.258155
2019-12-10 21:53:34.100000+01:00,10.382556
2019-12-10 21:53:34.200000+01:00,10.54527
2019-12-10 21:53:34.300000+01:00,10.566746
2019-12-10 21:53:34.400000+01:00,10.592649
2019-12-10 21:53:34.500000+01:00,10.58622
2019-12-10 21:53:34.600000+01:00,10.575487
2019-12-10 21:53:34.700000+01:00,10.562522
2019-12-10 21:53:34.800000+01:00,10.5444565
2019-12-10 21:53:34.900000+01:00,10.514454
2019-12-10 21:53:35+01:00,10.469053
2019-12-10 21:53:35.100000+01:00,10.454062
2019-12-10 21:53:35.200000+01:00,10.435906
2019-12-10 21:53:35.300000+01:00,10.4346075
2019-12-10 21:53:35.400000+01:00,10.4324665
2019-12-10 21:53:35.500000+01:00,10.427272
2019-12-10 21:53:35.600000+01:00,10.422992
2019-12-10 21:53:35.700000+01:00,10.417806
2019-12-10 21:53:35.800000+01:00,10.423005
2019-12-10 21:53:35.900000+01:00,10.43157
2019-12-10 21:53:36+01:00,10.441938
2019-12-10 21:53:36.100000+01:00,10.439342
2019-12-10 21:53:36.200000+01:00,10.43506
2019-12-10 21:53:36.300000+01:00,10.432472
2019-12-10 21:53:36.400000+01:00,10.436753
2019-12-10 21:53:36.500000+01:00,10.441938
2019-12-10 21:53:36.600000+01:00,10.443235
2019-12-10 21:53:36.700000+01:00,10.445377
2019-12-10 21:53:36.800000+01:00,10.44797
2019-12-10 21:53:36.900000+01:00,10.44797
2019-12-10 21:53:37+01:00,10.44797
2019-12-10 21:53:37.100000+01:00,10.4453745
2019-12-10 21:53:37.200000+01:00,10.441092
2019-12-10 21:53:37.300000+01:00,10.435906
2019-12-10 21:53:37.400000+01:00,10.430709
2019-12-10 21:53:37.500000+01:00,10.422146
2019-12-10 21:53:37.600000+01:00,10.411771
2019-12-10 21:53:37.700000+01:00,10.411771
2019-12-10 21:53:37.800000+01:00,10.414373
2019-12-10 21:53:37.900000+01:00,10.418655
2019-12-10 21:53:38+01:00,10.42384
2019-12-10 21:53:38.100000+01:00,10.42384
2019-12-10 21:53:38.200000+01:00,10.425138
2019-12-10 21:53:38.300000+01:00,10.427279
2019-12-10 21:53:38.400000+01:00,10.428574
2019-12-10 21:53:38.500000+01:00,10.426433
2019-12-10 21:53:38.600000+01:00,10.42384
2019-12-10 21:53:38.700000+01:00,10.42254
2019-12-10 21:53:38.800000+01:00,10.420398
2019-12-10 21:53:38.900000+01:00,10.420405
2019-12-10 21:53:39+01:00,10.424687
2019-12-10 21:53:39.100000+01:00,10.424672
2019-12-10 21:53:39.200000+01:00,10.416112
2019-12-10 21:53:39.300000+01:00,10.405737
2019-12-10 21:53:39.400000+01:00,10.405737
2019-12-10 21:53:39.500000+01:00,10.404436
2019-12-10 21:53:39.600000+01:00,10.402295
2019-12-10 21:53:39.700000+01:00,10.402306
2019-12-10 21:53:39.800000+01:00,10.406586
2019-12-10 21:53:39.900000+01:00,10.407868
2019-12-10 21:53:40+01:00,10.401448
2019-12-10 21:53:40.100000+01:00,10.393668
2019-12-10 21:53:40.200000+01:00,10.3740835
2019-12-10 21:53:40.300000+01:00,10.34204
2019-12-10 21:53:40.400000+01:00,10.303103
2019-12-10 21:53:40.500000+01:00,10.251666
2019-12-10 21:53:40.600000+01:00,10.168714
2019-12-10 21:53:40.700000+01:00,10.067274
2019-12-10 21:53:40.800000+01:00,10.089848
2019-12-10 21:53:40.900000+01:00,10.12608
2019-12-10 21:53:41+01:00,10.11689
2019-12-10 21:53:41.100000+01:00,10.032023
2019-12-10 21:53:41.200000+01:00,9.954737
2019-12-10 21:53:41.300000+01:00,9.997274
2019-12-10 21:53:41.400000+01:00,10.049111
2019-12-10 21:53:41.500000+01:00,10.047777
2019-12-10 21:53:41.600000+01:00,10.0456505
2019-12-10 21:53:41.700000+01:00,10.0430565
2019-12-10 21:53:41.800000+01:00,10.04439
2019-12-10 21:53:41.900000+01:00,10.046515
2019-12-10 21:53:42+01:00,10.049111
2019-12-10 21:53:42.100000+01:00,10.050444
2019-12-10 21:53:42.200000+01:00,10.05257
2019-12-10 21:53:42.300000+01:00,10.055166
2019-12-10 21:53:42.400000+01:00,10.055166
2019-12-10 21:53:42.500000+01:00,10.053833
2019-12-10 21:53:42.600000+01:00,10.051707
2019-12-10 21:53:42.700000+01:00,10.049111
2019-12-10 21:53:42.800000+01:00,10.049111
2019-12-10 21:53:42.900000+01:00,10.053108
2019-12-10 21:53:43+01:00,10.05949
2019-12-10 21:53:43.100000+01:00,10.063278
2019-12-10 21:53:43.200000+01:00,10.056897
2019-12-10 21:53:43.300000+01:00,10.055772
2019-12-10 21:53:43.400000+01:00,10.066411
2019-12-10 21:53:43.500000+01:00,10.07938
2019-12-10 21:53:43.600000+01:00,10.071389
2019-12-10 21:53:43.700000+01:00,10.058631
2019-12-10 21:53:43.800000+01:00,10.049719
2019-12-10 21:53:43.900000+01:00,10.060356
2019-12-10 21:53:44+01:00,10.073328
2019-12-10 21:53:44.100000+01:00,10.073328
2019-12-10 21:53:44.200000+01:00,10.074659
2019-12-10 21:53:44.300000+01:00,10.076788
2019-12-10 21:53:44.400000+01:00,10.074056
2019-12-10 21:53:44.500000+01:00,10.065549
2019-12-10 21:53:44.600000+01:00,10.055166
2019-12-10 21:53:44.700000+01:00,10.055166
2019-12-10 21:53:44.800000+01:00,10.055166
2019-12-10 21:53:44.900000+01:00,10.055166
2019-12-10 21:53:45+01:00,10.055166
2019-12-10 21:53:45.100000+01:00,10.055166
2019-12-10 21:53:45.200000+01:00,10.05783
2019-12-10 21:53:45.300000+01:00,10.062085
2019-12-10 21:53:45.400000+01:00,10.067274
2019-12-10 21:53:45.500000+01:00,10.067274
2019-12-10 21:53:45.600000+01:00,10.067274
2019-12-10 21:53:45.700000+01:00,10.067274
2019-12-10 21:53:45.800000+01:00,10.067274
2019-12-10 21:53:45.900000+01:00,10.089848
2019-12-10 21:53:46+01:00,10.12608
2019-12-10 21:53:46.100000+01:00,10.170138
2019-12-10 21:53:46.200000+01:00,10.170138
2019-12-10 21:53:46.300000+01:00,10.170138
2019-12-10 21:53:46.400000+01:00,10.170138
2019-12-10 21:53:46.500000+01:00,10.172781
2019-12-10 21:53:46.600000+01:00,10.177045
2019-12-10 21:53:46.700000+01:00,10.19147
2019-12-10 21:53:46.800000+01:00,10.206403
2019-12-10 21:53:46.900000+01:00,10.224552
2019-12-10 21:53:47+01:00,10.2166395
2019-12-10 21:53:47.100000+01:00,10.20385
2019-12-10 21:53:47.200000+01:00,10.169746
2019-12-10 21:53:47.300000+01:00,10.139946
2019-12-10 21:53:47.400000+01:00,10.103591
2019-12-10 21:53:47.500000+01:00,10.103591
2019-12-10 21:53:47.600000+01:00,10.087619
2019-12-10 21:53:47.700000+01:00,10.062109
2019-12-10 21:53:47.800000+01:00,10.032279
2019-12-10 21:53:47.900000+01:00,10.034406
2019-12-10 21:53:48+01:00,10.076835
2019-12-10 21:53:48.100000+01:00,10.14083
2019-12-10 21:53:48.200000+01:00,10.218509
2019-12-10 21:53:48.300000+01:00,10.1840925
2019-12-10 21:53:48.400000+01:00,10.128795
2019-12-10 21:53:48.500000+01:00,10.049213
2019-12-10 21:53:48.600000+01:00,10.0300865
2019-12-10 21:53:48.700000+01:00,10.006717
2019-12-10 21:53:48.800000+01:00,9.967753
2019-12-10 21:53:48.900000+01:00,9.906328
2019-12-10 21:53:49+01:00,9.830894
2019-12-10 21:53:49.100000+01:00,9.877982
2019-12-10 21:53:49.200000+01:00,9.952422
2019-12-10 21:53:49.300000+01:00,10.03371
2019-12-10 21:53:49.400000+01:00,10.018835
2019-12-10 21:53:49.500000+01:00,10.00066
2019-12-10 21:53:49.600000+01:00,8.485659
2019-12-10 21:53:49.700000+01:00,6.787363
2019-12-10 21:53:49.800000+01:00,4.2277474
2019-12-10 21:53:49.900000+01:00,3.591434
2019-12-10 21:53:50+01:00,2.943725
2019-12-10 21:53:50.100000+01:00,2.869358
2019-12-10 21:53:50.200000+01:00,3.5986814
2019-12-10 21:53:50.300000+01:00,4.461366
2019-12-10 21:53:50.400000+01:00,4.3797584
2019-12-10 21:53:50.500000+01:00,4.2912664
2019-12-10 21:53:50.600000+01:00,4.1861734
2019-12-10 21:53:50.700000+01:00,4.190295
2019-12-10 21:53:50.800000+01:00,4.204846
2019-12-10 21:53:50.900000+01:00,4.215154
2019-12-10 21:53:51+01:00,4.2277474
2019-12-10 21:53:51.100000+01:00,4.2277474
2019-12-10 21:53:51.200000+01:00,4.2334533
2019-12-10 21:53:51.300000+01:00,4.2396393
2019-12-10 21:53:51.400000+01:00,4.258605
2019-12-10 21:53:51.500000+01:00,4.27098
2019-12-10 21:53:51.600000+01:00,4.2861223
2019-12-10 21:53:51.700000+01:00,4.2861223
2019-12-10 21:53:51.800000+01:00,4.2861223
2019-12-10 21:53:51.900000+01:00,4.299407
2019-12-10 21:53:52+01:00,4.3138485
2019-12-10 21:53:52.100000+01:00,4.329644
2019-12-10 21:53:52.200000+01:00,4.3275824
2019-12-10 21:53:52.300000+01:00,4.3250523
2019-12-10 21:53:52.400000+01:00,4.3250523
2019-12-10 21:53:52.500000+01:00,4.330741
2019-12-10 21:53:52.600000+01:00,4.33693
2019-12-10 21:53:52.700000+01:00,4.7888474
2019-12-10 21:53:52.800000+01:00,5.2915654
2019-12-10 21:53:52.900000+01:00,5.9553638
2019-12-10 21:53:53+01:00,6.015162
2019-12-10 21:53:53.100000+01:00,6.090688
2019-12-10 21:53:53.200000+01:00,6.1045837
2019-12-10 21:53:53.300000+01:00,6.1210504
2019-12-10 21:53:53.400000+01:00,6.141933
2019-12-10 21:53:53.500000+01:00,6.154055
2019-12-10 21:53:53.600000+01:00,6.168461
2019-12-10 21:53:53.700000+01:00,6.1867394
2019-12-10 21:53:53.800000+01:00,6.1901965
2019-12-10 21:53:53.900000+01:00,6.194311
2019-12-10 21:53:54+01:00,6.2185025
2019-12-10 21:53:54.100000+01:00,6.2411456
2019-12-10 21:53:54.200000+01:00,6.2698693
2019-12-10 21:53:54.300000+01:00,6.2698693
2019-12-10 21:53:54.400000+01:00,6.2698693
2019-12-10 21:53:54.500000+01:00,6.275027
2019-12-10 21:53:54.600000+01:00,6.2811975
2019-12-10 21:53:54.700000+01:00,6.2890377
2019-12-10 21:53:54.800000+01:00,6.290755
2019-12-10 21:53:54.900000+01:00,6.292812
2019-12-10 21:53:55+01:00,6.295426
2019-12-10 21:53:55.100000+01:00,6.3040047
2019-12-10 21:53:55.200000+01:00,6.314292
2019-12-10 21:53:55.300000+01:00,6.32393
2019-12-10 21:53:55.400000+01:00,6.3198156
2019-12-10 21:53:55.500000+01:00,6.2088304
2019-12-10 21:53:55.600000+01:00,6.0839324
2019-12-10 21:53:55.700000+01:00,5.9238777
2019-12-10 21:53:55.800000+01:00,5.9238777
2019-12-10 21:53:55.900000+01:00,5.512888
2019-12-10 21:53:56+01:00,5.0565915
2019-12-10 21:53:56.100000+01:00,4.4716334
2019-12-10 21:53:56.200000+01:00,4.4757614
2019-12-10 21:53:56.300000+01:00,4.482732
2019-12-10 21:53:56.400000+01:00,4.4847956
2019-12-10 21:53:56.500000+01:00,4.4873385
2019-12-10 21:53:56.600000+01:00,4.4816775
2019-12-10 21:53:56.700000+01:00,4.475487
2019-12-10 21:53:56.800000+01:00,4.47352
2019-12-10 21:53:56.900000+01:00,4.4797115
2019-12-10 21:53:57+01:00,4.4873385
2019-12-10 21:53:57.100000+01:00,4.4873385
2019-12-10 21:53:57.200000+01:00,4.4948807
2019-12-10 21:53:57.300000+01:00,4.503136
2019-12-10 21:53:57.400000+01:00,4.513312
2019-12-10 21:53:57.500000+01:00,4.513312
2019-12-10 21:53:57.600000+01:00,4.517081
2019-12-10 21:53:57.700000+01:00,4.5212083
2019-12-10 21:53:57.800000+01:00,4.5262995
2019-12-10 21:53:57.900000+01:00,4.5281835
2019-12-10 21:53:58+01:00,4.5302477
2019-12-10 21:53:58.100000+01:00,4.5327935
2019-12-10 21:53:58.200000+01:00,4.5327935
2019-12-10 21:53:58.300000+01:00,4.5327935
2019-12-10 21:53:58.400000+01:00,4.536559
2019-12-10 21:53:58.500000+01:00,4.540687
2019-12-10 21:53:58.600000+01:00,4.5457816
2019-12-10 21:53:58.700000+01:00,4.5457816
2019-12-10 21:53:58.800000+01:00,4.5457816
2019-12-10 21:53:58.900000+01:00,4.551427
2019-12-10 21:53:59+01:00,4.5576186
2019-12-10 21:53:59.100000+01:00,4.565264
2019-12-10 21:53:59.200000+01:00,4.565264
2019-12-10 21:53:59.300000+01:00,4.565264
2019-12-10 21:53:59.400000+01:00,4.565264
2019-12-10 21:53:59.500000+01:00,4.5690246
2019-12-10 21:53:59.600000+01:00,4.5731525
2019-12-10 21:53:59.700000+01:00,4.57261
2019-12-10 21:53:59.800000+01:00,4.5664196
2019-12-10 21:53:59.900000+01:00,4.5587697
2019-12-10 21:54:00+01:00,4.562531
2019-12-10 21:54:00.100000+01:00,4.56666
2019-12-10 21:54:00.200000+01:00,4.5736384
2019-12-10 21:54:00.300000+01:00,4.575702
2019-12-10 21:54:00.400000+01:00,4.5782523
2019-12-10 21:54:00.500000+01:00,4.5782523
2019-12-10 21:54:00.600000+01:00,4.580132
2019-12-10 21:54:00.700000+01:00,4.5821958
2019-12-10 21:54:00.800000+01:00,4.5791054
2019-12-10 21:54:00.900000+01:00,4.5729146
2019-12-10 21:54:01+01:00,4.955408
2019-12-10 21:54:01.100000+01:00,5.399726
2019-12-10 21:54:01.200000+01:00,5.9431458
2019-12-10 21:54:01.300000+01:00,6.0267043
2019-12-10 21:54:01.400000+01:00,6.125794
2019-12-10 21:54:01.500000+01:00,6.2489734
2019-12-10 21:54:01.600000+01:00,6.2469163
2019-12-10 21:54:01.700000+01:00,6.2443023
2019-12-10 21:54:01.800000+01:00,6.2374063
2019-12-10 21:54:01.900000+01:00,6.2291822
2019-12-10 21:54:02+01:00,6.2187243
2019-12-10 21:54:02.100000+01:00,6.2204504
2019-12-10 21:54:02.200000+01:00,6.2225065
2019-12-10 21:54:02.300000+01:00,6.223395
2019-12-10 21:54:02.400000+01:00,6.2213383
2019-12-10 21:54:02.500000+01:00,6.2187243
2019-12-10 21:54:02.600000+01:00,6.2187243
2019-12-10 21:54:02.700000+01:00,6.2187243
2019-12-10 21:54:02.800000+01:00,6.2221746
2019-12-10 21:54:02.900000+01:00,6.226289
2019-12-10 21:54:03+01:00,6.231515
2019-12-10 21:54:03.100000+01:00,6.228065
2019-12-10 21:54:03.200000+01:00,6.2239523
2019-12-10 21:54:03.300000+01:00,6.2187243
2019-12-10 21:54:03.400000+01:00,6.2204504
2019-12-10 21:54:03.500000+01:00,6.2225075
2019-12-10 21:54:03.600000+01:00,6.2251205
2019-12-10 21:54:03.700000+01:00,6.2251205
2019-12-10 21:54:03.800000+01:00,6.2251205
2019-12-10 21:54:03.900000+01:00,6.2251205
2019-12-10 21:54:04+01:00,6.2251205
2019-12-10 21:54:04.100000+01:00,6.2251205
2019-12-10 21:54:04.200000+01:00,6.2251205
2019-12-10 21:54:04.300000+01:00,6.2251205
2019-12-10 21:54:04.400000+01:00,5.7493744
2019-12-10 21:54:04.500000+01:00,5.2183647
2019-12-10 21:54:04.600000+01:00,4.5262995
2019-12-10 21:54:04.700000+01:00,4.505551
2019-12-10 21:54:04.800000+01:00,4.482866
2019-12-10 21:54:04.900000+01:00,4.4454246
2019-12-10 21:54:05+01:00,4.435111
2019-12-10 21:54:05.100000+01:00,4.426192
2019-12-10 21:54:05.200000+01:00,4.4303184
2019-12-10 21:54:05.300000+01:00,4.4353957
2019-12-10 21:54:05.400000+01:00,4.4353957
2019-12-10 21:54:05.500000+01:00,4.437285
2019-12-10 21:54:05.600000+01:00,4.4393487
2019-12-10 21:54:05.700000+01:00,4.4437766
2019-12-10 21:54:05.800000+01:00,4.4458404
2019-12-10 21:54:05.900000+01:00,4.448381
2019-12-10 21:54:06+01:00,4.448381
2019-12-10 21:54:06.100000+01:00,4.448381
2019-12-10 21:54:06.200000+01:00,4.450269
2019-12-10 21:54:06.300000+01:00,4.452333
2019-12-10 21:54:06.400000+01:00,4.4643106
2019-12-10 21:54:06.500000+01:00,4.47463
2019-12-10 21:54:06.600000+01:00,4.4873385
2019-12-10 21:54:06.700000+01:00,4.4873385
2019-12-10 21:54:06.800000+01:00,4.4911103
2019-12-10 21:54:06.900000+01:00,4.495238
2019-12-10 21:54:07+01:00,4.5078635
2019-12-10 21:54:07.100000+01:00,4.51612
2019-12-10 21:54:07.200000+01:00,4.5262995
2019-12-10 21:54:07.300000+01:00,4.5262995
2019-12-10 21:54:07.400000+01:00,4.5262995
2019-12-10 21:54:07.500000+01:00,4.5300665
2019-12-10 21:54:07.600000+01:00,4.534194
2019-12-10 21:54:07.700000+01:00,4.5392876
2019-12-10 21:54:07.800000+01:00,4.5411706
2019-12-10 21:54:07.900000+01:00,4.5432343
2019-12-10 21:54:08+01:00,4.5457816
2019-12-10 21:54:08.100000+01:00,4.542016
2019-12-10 21:54:08.200000+01:00,4.5378895
2019-12-10 21:54:08.300000+01:00,4.536559
2019-12-10 21:54:08.400000+01:00,4.540687
2019-12-10 21:54:08.500000+01:00,4.5457816
2019-12-10 21:54:08.600000+01:00,4.5457816
2019-12-10 21:54:08.700000+01:00,4.5457816
2019-12-10 21:54:08.800000+01:00,4.5457816
2019-12-10 21:54:08.900000+01:00,4.5457816
2019-12-10 21:54:09+01:00,4.5457816
2019-12-10 21:54:09.100000+01:00,4.5476637
2019-12-10 21:54:09.200000+01:00,4.5497274
2019-12-10 21:54:09.300000+01:00,4.5560384
2019-12-10 21:54:09.400000+01:00,4.5601664
2019-12-10 21:54:09.500000+01:00,4.565264
2019-12-10 21:54:09.600000+01:00,4.6009183
2019-12-10 21:54:09.700000+01:00,4.6401715
2019-12-10 21:54:09.800000+01:00,4.6811633
2019-12-10 21:54:09.900000+01:00,4.6729093
2019-12-10 21:54:10+01:00,4.6626787
2019-12-10 21:54:10.100000+01:00,4.6626787
2019-12-10 21:54:10.200000+01:00,4.64955
2019-12-10 21:54:10.300000+01:00,4.635108
2019-12-10 21:54:10.400000+01:00,4.6209717
2019-12-10 21:54:10.500000+01:00,4.6250997
2019-12-10 21:54:10.600000+01:00,4.6302066
2019-12-10 21:54:10.700000+01:00,4.6302066
2019-12-10 21:54:10.800000+01:00,4.6302066
2019-12-10 21:54:10.900000+01:00,4.6358333
2019-12-10 21:54:11+01:00,4.642026
2019-12-10 21:54:11.100000+01:00,4.6496897
2019-12-10 21:54:11.200000+01:00,4.6496897
2019-12-10 21:54:11.300000+01:00,4.6496897
2019-12-10 21:54:11.400000+01:00,4.6496897
2019-12-10 21:54:11.500000+01:00,4.651564
2019-12-10 21:54:11.600000+01:00,4.6536283
2019-12-10 21:54:11.700000+01:00,4.654309
2019-12-10 21:54:11.800000+01:00,4.6522455
2019-12-10 21:54:11.900000+01:00,4.651564
2019-12-10 21:54:12+01:00,4.6536283
2019-12-10 21:54:12.100000+01:00,4.6561837
2019-12-10 21:54:12.200000+01:00,4.6561837
2019-12-10 21:54:12.300000+01:00,4.6561837
2019-12-10 21:54:12.400000+01:00,4.6561837
2019-12-10 21:54:12.500000+01:00,4.659931
2019-12-10 21:54:12.600000+01:00,4.664059
2019-12-10 21:54:12.700000+01:00,4.667299
2019-12-10 21:54:12.800000+01:00,4.665235
2019-12-10 21:54:12.900000+01:00,4.6626787
2019-12-10 21:54:13+01:00,4.6664248
2019-12-10 21:54:13.100000+01:00,4.670553
2019-12-10 21:54:13.200000+01:00,4.670046
2019-12-10 21:54:13.300000+01:00,4.6638556
2019-12-10 21:54:13.400000+01:00,4.6561837
2019-12-10 21:54:13.500000+01:00,4.6561837
2019-12-10 21:54:13.600000+01:00,4.6580577
2019-12-10 21:54:13.700000+01:00,4.660122
2019-12-10 21:54:13.800000+01:00,4.668298
2019-12-10 21:54:13.900000+01:00,4.67449
2019-12-10 21:54:14+01:00,4.685904
2019-12-10 21:54:14.100000+01:00,4.6900325
2019-12-10 21:54:14.200000+01:00,4.695149
2019-12-10 21:54:14.300000+01:00,4.6932764
2019-12-10 21:54:14.400000+01:00,4.6912136
2019-12-10 21:54:14.500000+01:00,4.692397
2019-12-10 21:54:14.600000+01:00,4.696525
2019-12-10 21:54:14.700000+01:00,4.694155
2019-12-10 21:54:14.800000+01:00,4.6859016
2019-12-10 21:54:14.900000+01:00,4.675667
2019-12-10 21:54:15+01:00,4.675667
2019-12-10 21:54:15.100000+01:00,4.681283
2019-12-10 21:54:15.200000+01:00,4.687475
2019-12-10 21:54:15.300000+01:00,4.69889
2019-12-10 21:54:15.400000+01:00,4.703018
2019-12-10 21:54:15.500000+01:00,4.7081366
2019-12-10 21:54:15.600000+01:00,4.702523
2019-12-10 21:54:15.700000+01:00,4.696333
2019-12-10 21:54:15.800000+01:00,4.694268
2019-12-10 21:54:15.900000+01:00,4.7004604
2019-12-10 21:54:16+01:00,4.7081366
2019-12-10 21:54:16.100000+01:00,4.706266
2019-12-10 21:54:16.200000+01:00,4.704202
2019-12-10 21:54:16.300000+01:00,4.7016425
2019-12-10 21:54:16.400000+01:00,4.699772
2019-12-10 21:54:16.500000+01:00,4.697707
2019-12-10 21:54:16.600000+01:00,4.695149
2019-12-10 21:54:16.700000+01:00,4.695149
2019-12-10 21:54:16.800000+01:00,4.695149
2019-12-10 21:54:16.900000+01:00,4.6970196
2019-12-10 21:54:17+01:00,4.6990833
2019-12-10 21:54:17.100000+01:00,4.7016425
2019-12-10 21:54:17.200000+01:00,4.7016425
2019-12-10 21:54:17.300000+01:00,4.7016425
2019-12-10 21:54:17.400000+01:00,4.7035127
2019-12-10 21:54:17.500000+01:00,4.7055774
2019-12-10 21:54:17.600000+01:00,4.7081366
2019-12-10 21:54:17.700000+01:00,4.717482
2019-12-10 21:54:17.800000+01:00,4.727804
2019-12-10 21:54:17.900000+01:00,4.740605
2019-12-10 21:54:18+01:00,4.740605
2019-12-10 21:54:18.100000+01:00,4.7387366
2019-12-10 21:54:18.200000+01:00,4.736673
2019-12-10 21:54:18.300000+01:00,4.7341113
2019-12-10 21:54:18.400000+01:00,4.7341113
2019-12-10 21:54:18.500000+01:00,4.7341113
2019-12-10 21:54:18.600000+01:00,4.7341113
2019-12-10 21:54:18.700000+01:00,4.7341113
2019-12-10 21:54:18.800000+01:00,4.7341113
2019-12-10 21:54:18.900000+01:00,4.7341113
2019-12-10 21:54:19+01:00,4.7341113
2019-12-10 21:54:19.100000+01:00,4.7341113
2019-12-10 21:54:19.200000+01:00,4.7378464
2019-12-10 21:54:19.300000+01:00,4.741975
2019-12-10 21:54:19.400000+01:00,4.747098
2019-12-10 21:54:19.500000+01:00,4.747098
2019-12-10 21:54:19.600000+01:00,4.747098
2019-12-10 21:54:19.700000+01:00,4.747098
2019-12-10 21:54:19.800000+01:00,4.747098
2019-12-10 21:54:19.900000+01:00,4.747098
2019-12-10 21:54:20+01:00,4.7489653
2019-12-10 21:54:20.100000+01:00,4.751029
2019-12-10 21:54:20.200000+01:00,4.7535915
2019-12-10 21:54:20.300000+01:00,4.7535915
2019-12-10 21:54:20.400000+01:00,4.7535915
2019-12-10 21:54:20.500000+01:00,4.7517247
2019-12-10 21:54:20.600000+01:00,4.749661
2019-12-10 21:54:20.700000+01:00,4.747098
2019-12-10 21:54:20.800000+01:00,4.7489653
2019-12-10 21:54:20.900000+01:00,4.751029
2019-12-10 21:54:21+01:00,4.7535915
2019-12-10 21:54:21.100000+01:00,4.7498565
2019-12-10 21:54:21.200000+01:00,4.7457294
2019-12-10 21:54:21.300000+01:00,4.7462063
2019-12-10 21:54:21.400000+01:00,4.752399
2019-12-10 21:54:21.500000+01:00,4.7563515
2019-12-10 21:54:21.600000+01:00,4.752224
2019-12-10 21:54:21.700000+01:00,4.747098
2019-12-10 21:54:21.800000+01:00,4.747098
2019-12-10 21:54:21.900000+01:00,4.747098
2019-12-10 21:54:22+01:00,4.747098
2019-12-10 21:54:22.100000+01:00,4.750832
2019-12-10 21:54:22.200000+01:00,4.7549605
2019-12-10 21:54:22.300000+01:00,4.760085
2019-12-10 21:54:22.400000+01:00,4.761951
2019-12-10 21:54:22.500000+01:00,4.764015
2019-12-10 21:54:22.600000+01:00,4.7684436
2019-12-10 21:54:22.700000+01:00,4.770508
2019-12-10 21:54:22.800000+01:00,4.7768
2019-12-10 21:54:22.900000+01:00,4.7809286
2019-12-10 21:54:23+01:00,4.7860565
2019-12-10 21:54:23.100000+01:00,4.7860565
2019-12-10 21:54:23.200000+01:00,4.780462
2019-12-10 21:54:23.300000+01:00,4.774271
2019-12-10 21:54:23.400000+01:00,4.7684436
2019-12-10 21:54:23.500000+01:00,4.7705073
2019-12-10 21:54:23.600000+01:00,4.7768
2019-12-10 21:54:23.700000+01:00,4.7809286
2019-12-10 21:54:23.800000+01:00,4.7860565
2019-12-10 21:54:23.900000+01:00,4.784192
2019-12-10 21:54:24+01:00,4.7821283
2019-12-10 21:54:24.100000+01:00,4.777699
2019-12-10 21:54:24.200000+01:00,4.7756352
2019-12-10 21:54:24.300000+01:00,4.773071
2019-12-10 21:54:24.400000+01:00,4.773071
2019-12-10 21:54:24.500000+01:00,4.7768
2019-12-10 21:54:24.600000+01:00,4.7809286
2019-12-10 21:54:24.700000+01:00,4.787921
2019-12-10 21:54:24.800000+01:00,4.789984
2019-12-10 21:54:24.900000+01:00,4.786956
2019-12-10 21:54:25+01:00,4.780766
2019-12-10 21:54:25.100000+01:00,4.773071
2019-12-10 21:54:25.200000+01:00,4.7749357
2019-12-10 21:54:25.300000+01:00,4.777
2019-12-10 21:54:25.400000+01:00,4.777699
2019-12-10 21:54:25.500000+01:00,4.7756352
2019-12-10 21:54:25.600000+01:00,4.773071
2019-12-10 21:54:25.700000+01:00,4.773071
2019-12-10 21:54:25.800000+01:00,4.773071
2019-12-10 21:54:25.900000+01:00,4.773071
2019-12-10 21:54:26+01:00,4.773071
2019-12-10 21:54:26.100000+01:00,4.773071
2019-12-10 21:54:26.200000+01:00,4.771206
2019-12-10 21:54:26.300000+01:00,4.7691417
2019-12-10 21:54:26.400000+01:00,4.766578
2019-12-10 21:54:26.500000+01:00,4.770309
2019-12-10 21:54:26.600000+01:00,4.774437
2019-12-10 21:54:26.700000+01:00,4.779564
2019-12-10 21:54:26.800000+01:00,5.19383
2019-12-10 21:54:26.900000+01:00,5.6718073
2019-12-10 21:54:27+01:00,6.0729575
2019-12-10 21:54:27.100000+01:00,5.8586044
2019-12-10 21:54:27.200000+01:00,5.582649
2019-12-10 21:54:27.300000+01:00,5.31477
2019-12-10 21:54:27.400000+01:00,5.0166492
2019-12-10 21:54:27.500000+01:00,4.659176
2019-12-10 21:54:27.600000+01:00,4.6839585
2019-12-10 21:54:27.700000+01:00,4.7165003
2019-12-10 21:54:27.800000+01:00,4.7185636
2019-12-10 21:54:27.900000+01:00,4.721124
2019-12-10 21:54:28+01:00,4.721124
2019-12-10 21:54:28.100000+01:00,4.724862
2019-12-10 21:54:28.200000+01:00,4.72899
2019-12-10 21:54:28.300000+01:00,4.730374
2019-12-10 21:54:28.400000+01:00,4.7262464
2019-12-10 21:54:28.500000+01:00,4.721124
2019-12-10 21:54:28.600000+01:00,4.7267294
2019-12-10 21:54:28.700000+01:00,4.7329226
2019-12-10 21:54:28.800000+01:00,4.7387366
2019-12-10 21:54:28.900000+01:00,4.736673
2019-12-10 21:54:29+01:00,4.7341113
2019-12-10 21:54:29.100000+01:00,4.732243
2019-12-10 21:54:29.200000+01:00,4.730179
2019-12-10 21:54:29.300000+01:00,4.7276177
2019-12-10 21:54:29.400000+01:00,4.731354
2019-12-10 21:54:29.500000+01:00,4.735482
2019-12-10 21:54:29.600000+01:00,4.7443395
2019-12-10 21:54:29.700000+01:00,4.7484684
2019-12-10 21:54:29.800000+01:00,4.7535915
2019-12-10 21:54:29.900000+01:00,4.747989
2019-12-10 21:54:30+01:00,4.741799
2019-12-10 21:54:30.100000+01:00,4.743447
2019-12-10 21:54:30.200000+01:00,4.753769
2019-12-10 21:54:30.300000+01:00,4.766578
2019-12-10 21:54:30.400000+01:00,4.760979
2019-12-10 21:54:30.500000+01:00,4.7547874
2019-12-10 21:54:30.600000+01:00,4.747098
2019-12-10 21:54:30.700000+01:00,4.7433624
2019-12-10 21:54:30.800000+01:00,4.739236
2019-12-10 21:54:30.900000+01:00,4.7341113
2019-12-10 21:54:31+01:00,4.7341113
2019-12-10 21:54:31.100000+01:00,4.7341113
2019-12-10 21:54:31.200000+01:00,4.7341113
2019-12-10 21:54:31.300000+01:00,4.7341113
2019-12-10 21:54:31.400000+01:00,4.7341113
2019-12-10 21:54:31.500000+01:00,4.7378464
2019-12-10 21:54:31.600000+01:00,4.741975
2019-12-10 21:54:31.700000+01:00,4.747098
2019-12-10 21:54:31.800000+01:00,4.747098
2019-12-10 21:54:31.900000+01:00,4.747098
2019-12-10 21:54:32+01:00,4.747098
2019-12-10 21:54:32.100000+01:00,4.747098
2019-12-10 21:54:32.200000+01:00,4.7489653
2019-12-10 21:54:32.300000+01:00,4.751029
2019-12-10 21:54:32.400000+01:00,4.7517247
2019-12-10 21:54:32.500000+01:00,4.749661
2019-12-10 21:54:32.600000+01:00,4.747098
2019-12-10 21:54:32.700000+01:00,4.747098
2019-12-10 21:54:32.800000+01:00,4.7526975
2019-12-10 21:54:32.900000+01:00,4.7588906
2019-12-10 21:54:33+01:00,4.7628455
2019-12-10 21:54:33.100000+01:00,4.758719
2019-12-10 21:54:33.200000+01:00,4.7461205
2019-12-10 21:54:33.300000+01:00,4.7378664
2019-12-10 21:54:33.400000+01:00,4.7276177
2019-12-10 21:54:33.500000+01:00,4.729486
2019-12-10 21:54:33.600000+01:00,4.73155
2019-12-10 21:54:33.700000+01:00,4.7378464
2019-12-10 21:54:33.800000+01:00,4.741975
2019-12-10 21:54:33.900000+01:00,4.747098
2019-12-10 21:54:34+01:00,4.747098
2019-12-10 21:54:34.100000+01:00,4.747098
2019-12-10 21:54:34.200000+01:00,4.747098
2019-12-10 21:54:34.300000+01:00,4.7489653
2019-12-10 21:54:34.400000+01:00,4.751029
2019-12-10 21:54:34.500000+01:00,4.7535915
2019-12-10 21:54:34.600000+01:00,4.7535915
2019-12-10 21:54:34.700000+01:00,4.7535915
2019-12-10 21:54:34.800000+01:00,4.7535915
2019-12-10 21:54:34.900000+01:00,4.7535915
2019-12-10 21:54:35+01:00,4.7535915
2019-12-10 21:54:35.100000+01:00,4.7517247
2019-12-10 21:54:35.200000+01:00,4.749661
2019-12-10 21:54:35.300000+01:00,4.747098
2019-12-10 21:54:35.400000+01:00,4.7526975
2019-12-10 21:54:35.500000+01:00,4.7588906
2019-12-10 21:54:35.600000+01:00,4.7628455
2019-12-10 21:54:35.700000+01:00,4.758719
2019-12-10 21:54:35.800000+01:00,4.7517247
2019-12-10 21:54:35.900000+01:00,4.749661
2019-12-10 21:54:36+01:00,4.747098
2019-12-10 21:54:36.100000+01:00,4.747098
2019-12-10 21:54:36.200000+01:00,4.747098
2019-12-10 21:54:36.300000+01:00,4.747098
2019-12-10 21:54:36.400000+01:00,4.7489653
2019-12-10 21:54:36.500000+01:00,4.751029
2019-12-10 21:54:36.600000+01:00,4.772235
2019-12-10 21:54:36.700000+01:00,4.7928843
2019-12-10 21:54:36.800000+01:00,4.8185186
2019-12-10 21:54:36.900000+01:00,4.812932
2019-12-10 21:54:37+01:00,4.806741
2019-12-10 21:54:37.100000+01:00,4.856561
2019-12-10 21:54:37.200000+01:00,4.9206467
2019-12-10 21:54:37.300000+01:00,5.0002294
2019-12-10 21:54:37.400000+01:00,5.0002294
2019-12-10 21:54:37.500000+01:00,4.9983826
2019-12-10 21:54:37.600000+01:00,4.99632
2019-12-10 21:54:37.700000+01:00,4.958556
2019-12-10 21:54:37.800000+01:00,4.9193935
2019-12-10 21:54:37.900000+01:00,4.9038005
2019-12-10 21:54:38+01:00,4.9409842
2019-12-10 21:54:38.100000+01:00,4.987256
2019-12-10 21:54:38.200000+01:00,5.0935354
2019-12-10 21:54:38.300000+01:00,5.2135816
2019-12-10 21:54:38.400000+01:00,5.363
2019-12-10 21:54:38.500000+01:00,5.3792963
2019-12-10 21:54:38.600000+01:00,5.397859
2019-12-10 21:54:38.700000+01:00,7.47188
2019-12-10 21:54:38.800000+01:00,10.2518
2019-12-10 21:54:38.900000+01:00,13.4773855
2019-12-10 21:54:39+01:00,13.205023
2019-12-10 21:54:39.100000+01:00,12.653894
2019-12-10 21:54:39.200000+01:00,11.692444
2019-12-10 21:54:39.300000+01:00,11.149765
2019-12-10 21:54:39.400000+01:00,10.484158
2019-12-10 21:54:39.500000+01:00,10.500952
2019-12-10 21:54:39.600000+01:00,10.5288515
2019-12-10 21:54:39.700000+01:00,10.562523
2019-12-10 21:54:39.800000+01:00,10.553499
2019-12-10 21:54:39.900000+01:00,10.5384865
2019-12-10 21:54:40+01:00,10.512579
2019-12-10 21:54:40.100000+01:00,10.499718
2019-12-10 21:54:40.200000+01:00,10.484158
2019-12-10 21:54:40.300000+01:00,10.475085
2019-12-10 21:54:40.400000+01:00,10.460095
2019-12-10 21:54:40.500000+01:00,10.4406395
2019-12-10 21:54:40.600000+01:00,10.438499
2019-12-10 21:54:40.700000+01:00,10.435906
2019-12-10 21:54:40.800000+01:00,10.426805
2019-12-10 21:54:40.900000+01:00,10.411826
2019-12-10 21:54:41+01:00,10.393668
2019-12-10 21:54:41.100000+01:00,10.391062
2019-12-10 21:54:41.200000+01:00,10.386784
2019-12-10 21:54:41.300000+01:00,10.407583
2019-12-10 21:54:41.400000+01:00,10.45046
2019-12-10 21:54:41.500000+01:00,10.502247
2019-12-10 21:54:41.600000+01:00,11.060728
2019-12-10 21:54:41.700000+01:00,12.074804
2019-12-10 21:54:41.800000+01:00,13.351112
2019-12-10 21:54:41.900000+01:00,13.575726
2019-12-10 21:54:42+01:00,13.937817
2019-12-10 21:54:42.100000+01:00,14.180479
2019-12-10 21:54:42.200000+01:00,14.454326
2019-12-10 21:54:42.300000+01:00,14.454326
2019-12-10 21:54:42.400000+01:00,14.484378
2019-12-10 21:54:42.500000+01:00,14.555653
2019-12-10 21:54:42.600000+01:00,14.681825
2019-12-10 21:54:42.700000+01:00,14.79256
2019-12-10 21:54:42.800000+01:00,14.917088
2019-12-10 21:54:42.900000+01:00,14.917088
2019-12-10 21:54:43+01:00,14.917088
2019-12-10 21:54:43.100000+01:00,14.937666
2019-12-10 21:54:43.200000+01:00,14.988534
2019-12-10 21:54:43.300000+01:00,15.045706
2019-12-10 21:54:43.400000+01:00,15.06053
2019-12-10 21:54:43.500000+01:00,15.09757
2019-12-10 21:54:43.600000+01:00,15.139172
2019-12-10 21:54:43.700000+01:00,15.125312
2019-12-10 21:54:43.800000+01:00,15.090601
2019-12-10 21:54:43.900000+01:00,15.0394535
2019-12-10 21:54:44+01:00,15.009399
2019-12-10 21:54:44.100000+01:00,14.969017
2019-12-10 21:54:44.200000+01:00,14.952844
2019-12-10 21:54:44.300000+01:00,14.934632
2019-12-10 21:54:44.400000+01:00,14.926185
2019-12-10 21:54:44.500000+01:00,14.905405
2019-12-10 21:54:44.600000+01:00,14.881992
2019-12-10 21:54:44.700000+01:00,14.897017
2019-12-10 21:54:44.800000+01:00,14.933981
2019-12-10 21:54:44.900000+01:00,14.975563
2019-12-10 21:54:45+01:00,14.969954
2019-12-10 21:54:45.100000+01:00,14.956091
2019-12-10 21:54:45.200000+01:00,14.941419
2019-12-10 21:54:45.300000+01:00,14.943729
2019-12-10 21:54:45.400000+01:00,14.940704
2019-12-10 21:54:45.500000+01:00,14.926847
2019-12-10 21:54:45.600000+01:00,14.91124
2019-12-10 21:54:45.700000+01:00,14.91124
2019-12-10 21:54:45.800000+01:00,14.8961735
2019-12-10 21:54:45.900000+01:00,14.859259
2019-12-10 21:54:46+01:00,14.837433
2019-12-10 21:54:46.100000+01:00,14.885924
2019-12-10 21:54:46.200000+01:00,14.940481
2019-12-10 21:54:46.300000+01:00,14.938606
2019-12-10 21:54:46.400000+01:00,14.933986
2019-12-10 21:54:46.500000+01:00,14.920332
2019-12-10 21:54:46.600000+01:00,14.899555
2019-12-10 21:54:46.700000+01:00,14.87614
2019-12-10 21:54:46.800000+01:00,14.87614
2019-12-10 21:54:46.900000+01:00,14.87614
2019-12-10 21:54:47+01:00,14.87614
2019-12-10 21:54:47.100000+01:00,14.882728
2019-12-10 21:54:47.200000+01:00,14.8988905
2019-12-10 21:54:47.300000+01:00,14.923653
2019-12-10 21:54:47.400000+01:00,14.939823
2019-12-10 21:54:47.500000+01:00,14.947713
2019-12-10 21:54:47.600000+01:00,14.922312
2019-12-10 21:54:47.700000+01:00,14.89369
2019-12-10 21:54:47.800000+01:00,14.89369
2019-12-10 21:54:47.900000+01:00,14.89369
2019-12-10 21:54:48+01:00,14.89369
2019-12-10 21:54:48.100000+01:00,14.88427
2019-12-10 21:54:48.200000+01:00,14.8611965
2019-12-10 21:54:48.300000+01:00,14.835182
2019-12-10 21:54:48.400000+01:00,14.839904
2019-12-10 21:54:48.500000+01:00,14.851442
2019-12-10 21:54:48.600000+01:00,14.867269
2019-12-10 21:54:48.700000+01:00,14.874191
2019-12-10 21:54:48.800000+01:00,14.856461
2019-12-10 21:54:48.900000+01:00,14.794229
2019-12-10 21:54:49+01:00,14.723957
2019-12-10 21:54:49.100000+01:00,14.741071
2019-12-10 21:54:49.200000+01:00,14.782574
2019-12-10 21:54:49.300000+01:00,14.829332
2019-12-10 21:54:49.400000+01:00,14.825547
2019-12-10 21:54:49.500000+01:00,14.816321
2019-12-10 21:54:49.600000+01:00,14.814434
2019-12-10 21:54:49.700000+01:00,14.835197
2019-12-10 21:54:49.800000+01:00,14.858589
2019-12-10 21:54:49.900000+01:00,14.845355
2019-12-10 21:54:50+01:00,14.813074
2019-12-10 21:54:50.100000+01:00,14.782345
2019-12-10 21:54:50.200000+01:00,14.79618
2019-12-10 21:54:50.300000+01:00,14.811774
2019-12-10 21:54:50.400000+01:00,14.811774
2019-12-10 21:54:50.500000+01:00,14.811774
2019-12-10 21:54:50.600000+01:00,14.811774
2019-12-10 21:54:50.700000+01:00,14.80988
2019-12-10 21:54:50.800000+01:00,14.805269
2019-12-10 21:54:50.900000+01:00,14.781053
2019-12-10 21:54:51+01:00,14.734989
2019-12-10 21:54:51.100000+01:00,14.682956
2019-12-10 21:54:51.200000+01:00,14.695367
2019-12-10 21:54:51.300000+01:00,14.725319
2019-12-10 21:54:51.400000+01:00,14.753377
2019-12-10 21:54:51.500000+01:00,14.739555
2019-12-10 21:54:51.600000+01:00,14.723957
2019-12-10 21:54:51.700000+01:00,14.723957
2019-12-10 21:54:51.800000+01:00,14.723002
2019-12-10 21:54:51.900000+01:00,14.720698
2019-12-10 21:54:52+01:00,14.553263
2019-12-10 21:54:52.100000+01:00,14.170486
2019-12-10 21:54:52.200000+01:00,13.435603
2019-12-10 21:54:52.300000+01:00,12.827654
2019-12-10 21:54:52.400000+01:00,12.107727
2019-12-10 21:54:52.500000+01:00,11.692731
2019-12-10 21:54:52.600000+01:00,10.974023
2019-12-10 21:54:52.700000+01:00,10.07938
2019-12-10 21:54:52.800000+01:00,10.052681
2019-12-10 21:54:52.900000+01:00,10.0102215
2019-12-10 21:54:53+01:00,9.948845
2019-12-10 21:54:53.100000+01:00,9.933993
2019-12-10 21:54:53.200000+01:00,9.915814
2019-12-10 21:54:53.300000+01:00,9.923879
2019-12-10 21:54:53.400000+01:00,9.936618
2019-12-10 21:54:53.500000+01:00,9.965585
2019-12-10 21:54:53.600000+01:00,9.986838
2019-12-10 21:54:53.700000+01:00,10.012775
2019-12-10 21:54:53.800000+01:00,10.007425
2019-12-10 21:54:53.900000+01:00,9.998928
2019-12-10 21:54:54+01:00,9.988545
2019-12-10 21:54:54.100000+01:00,9.856505
2019-12-10 21:54:54.200000+01:00,9.652747
2019-12-10 21:54:54.300000+01:00,9.447524
2019-12-10 21:54:54.400000+01:00,9.521448
2019-12-10 21:54:54.500000+01:00,9.612182
2019-12-10 21:54:54.600000+01:00,9.567994
2019-12-10 21:54:54.700000+01:00,9.500685
2019-12-10 21:54:54.800000+01:00,8.748547
2019-12-10 21:54:54.900000+01:00,7.874544
2019-12-10 21:54:55+01:00,6.460867
2019-12-10 21:54:55.100000+01:00,6.196308
2019-12-10 21:54:55.200000+01:00,5.8531833
2019-12-10 21:54:55.300000+01:00,5.8531833
2019-12-10 21:54:55.400000+01:00,5.8231087
2019-12-10 21:54:55.500000+01:00,5.7881517
2019-12-10 21:54:55.600000+01:00,5.7827144
2019-12-10 21:54:55.700000+01:00,5.8280754
2019-12-10 21:54:55.800000+01:00,5.8853264
2019-12-10 21:54:55.900000+01:00,5.883565
2019-12-10 21:54:56+01:00,5.8815064
2019-12-10 21:54:56.100000+01:00,5.8859396
2019-12-10 21:54:56.200000+01:00,5.894175
2019-12-10 21:54:56.300000+01:00,5.904604
2019-12-10 21:54:56.400000+01:00,5.913391
2019-12-10 21:54:56.500000+01:00,5.9236846
2019-12-10 21:54:56.600000+01:00,5.936723
2019-12-10 21:54:56.700000+01:00,5.936723
2019-12-10 21:54:56.800000+01:00,5.936723
2019-12-10 21:54:56.900000+01:00,5.94374
2019-12-10 21:54:57+01:00,5.951975
2019-12-10 21:54:57.100000+01:00,5.9676633
2019-12-10 21:54:57.200000+01:00,5.9738383
2019-12-10 21:54:57.300000+01:00,5.9816656
2019-12-10 21:54:57.400000+01:00,5.9851656
2019-12-10 21:54:57.500000+01:00,5.989282
2019-12-10 21:54:57.600000+01:00,5.994501
2019-12-10 21:54:57.700000+01:00,5.9910007
2019-12-10 21:54:57.800000+01:00,5.9868865
2019-12-10 21:54:57.900000+01:00,5.9816656
2019-12-10 21:54:58+01:00,5.9869146
2019-12-10 21:54:58.100000+01:00,5.99309
2019-12-10 21:54:58.200000+01:00,6.0096536
2019-12-10 21:54:58.300000+01:00,6.019945
2019-12-10 21:54:58.400000+01:00,6.026006
2019-12-10 21:54:58.500000+01:00,6.017779
2019-12-10 21:54:58.600000+01:00,6.007333
2019-12-10 21:54:58.700000+01:00,6.007333
2019-12-10 21:54:58.800000+01:00,6.009082
2019-12-10 21:54:58.900000+01:00,6.0111394
2019-12-10 21:54:59+01:00,6.0189877
2019-12-10 21:54:59.100000+01:00,6.0251627
2019-12-10 21:54:59.200000+01:00,6.0329924
2019-12-10 21:54:59.300000+01:00,6.0329924
2019-12-10 21:54:59.400000+01:00,6.0329924
2019-12-10 21:54:59.500000+01:00,6.034737
2019-12-10 21:54:59.600000+01:00,6.036795
2019-12-10 21:54:59.700000+01:00,6.03766
2019-12-10 21:54:59.800000+01:00,6.035603
2019-12-10 21:54:59.900000+01:00,6.0329924
2019-12-10 21:55:00+01:00,6.0329924
2019-12-10 21:55:00.100000+01:00,6.034737
2019-12-10 21:55:00.200000+01:00,6.036795
2019-12-10 21:55:00.300000+01:00,6.0446362
2019-12-10 21:55:00.400000+01:00,6.050811
2019-12-10 21:55:00.500000+01:00,6.062125
2019-12-10 21:55:00.600000+01:00,6.066241
2019-12-10 21:55:00.700000+01:00,6.0714626
2019-12-10 21:55:00.800000+01:00,6.073203
2019-12-10 21:55:00.900000+01:00,6.0752606
2019-12-10 21:55:01+01:00,6.0813518
2019-12-10 21:55:01.100000+01:00,6.0854673
2019-12-10 21:55:01.200000+01:00,6.090688
2019-12-10 21:55:01.300000+01:00,6.090688
2019-12-10 21:55:01.400000+01:00,6.1063175
2019-12-10 21:55:01.500000+01:00,6.1248436
2019-12-10 21:55:01.600000+01:00,6.1344523
2019-12-10 21:55:01.700000+01:00,6.118005
2019-12-10 21:55:01.800000+01:00,6.1127186
2019-12-10 21:55:01.900000+01:00,6.1312456
2019-12-10 21:55:02+01:00,6.1547384
2019-12-10 21:55:02.100000+01:00,6.123459
2019-12-10 21:55:02.200000+01:00,6.0864787
2019-12-10 21:55:02.300000+01:00,6.039405
2019-12-10 21:55:02.400000+01:00,6.0026383
2019-12-10 21:55:02.500000+01:00,5.9594903
2019-12-10 21:55:02.600000+01:00,5.9466467
2019-12-10 21:55:02.700000+01:00,5.9961185
2019-12-10 21:55:02.800000+01:00,6.0586405
2019-12-10 21:55:02.900000+01:00,6.0586405
2019-12-10 21:55:03+01:00,6.0586405
2019-12-10 21:55:03.100000+01:00,6.105477
2019-12-10 21:55:03.200000+01:00,6.1611276
2019-12-10 21:55:03.300000+01:00,6.231515
2019-12-10 21:55:03.400000+01:00,6.231515
2019-12-10 21:55:03.500000+01:00,6.210783
2019-12-10 21:55:03.600000+01:00,6.1861215
2019-12-10 21:55:03.700000+01:00,6.1443324
2019-12-10 21:55:03.800000+01:00,6.1319957
2019-12-10 21:55:03.900000+01:00,6.0762196
2019-12-10 21:55:04+01:00,6.028979
2019-12-10 21:55:04.100000+01:00,5.9688277
2019-12-10 21:55:04.200000+01:00,7.069192
2019-12-10 21:55:04.300000+01:00,8.529567
2019-12-10 21:55:04.400000+01:00,10.820027
2019-12-10 21:55:04.500000+01:00,11.804253
2019-12-10 21:55:04.600000+01:00,12.94518
2019-12-10 21:55:04.700000+01:00,12.94518
2019-12-10 21:55:04.800000+01:00,12.421254
2019-12-10 21:55:04.900000+01:00,11.472417
2019-12-10 21:55:05+01:00,10.343149
2019-12-10 21:55:05.100000+01:00,10.428945
2019-12-10 21:55:05.200000+01:00,10.531099
2019-12-10 21:55:05.300000+01:00,10.528954
2019-12-10 21:55:05.400000+01:00,10.5263605
2019-12-10 21:55:05.500000+01:00,10.516023
2019-12-10 21:55:05.600000+01:00,10.498878
2019-12-10 21:55:05.700000+01:00,10.471648
2019-12-10 21:55:05.800000+01:00,10.460939
2019-12-10 21:55:05.900000+01:00,10.44797
2019-12-10 21:55:06+01:00,10.440177
2019-12-10 21:55:06.100000+01:00,10.427335
2019-12-10 21:55:06.200000+01:00,10.411771
2019-12-10 21:55:06.300000+01:00,10.407868
2019-12-10 21:55:06.400000+01:00,10.401448
2019-12-10 21:55:06.500000+01:00,10.937595
2019-12-10 21:55:06.600000+01:00,11.914853
2019-12-10 21:55:06.700000+01:00,13.045845
2019-12-10 21:55:06.800000+01:00,13.059899
2019-12-10 21:55:06.900000+01:00,13.089121
2019-12-10 21:55:07+01:00,13.12278
2019-12-10 21:55:07.100000+01:00,13.129236
2019-12-10 21:55:07.200000+01:00,13.1427355
2019-12-10 21:55:07.300000+01:00,13.1764965
2019-12-10 21:55:07.400000+01:00,13.214791
2019-12-10 21:55:07.500000+01:00,13.258807
2019-12-10 21:55:07.600000+01:00,13.267328
2019-12-10 21:55:07.700000+01:00,13.28537
2019-12-10 21:55:07.800000+01:00,13.305029
2019-12-10 21:55:07.900000+01:00,13.302774
2019-12-10 21:55:08+01:00,13.301245
2019-12-10 21:55:08.100000+01:00,13.3035
2019-12-10 21:55:08.200000+01:00,13.30609
2019-12-10 21:55:08.300000+01:00,13.30609
2019-12-10 21:55:08.400000+01:00,13.307154
2019-12-10 21:55:08.500000+01:00,13.309412
2019-12-10 21:55:08.600000+01:00,13.3098755
2019-12-10 21:55:08.700000+01:00,13.305365
2019-12-10 21:55:08.800000+01:00,13.300182
2019-12-10 21:55:08.900000+01:00,13.301245
2019-12-10 21:55:09+01:00,13.3035
2019-12-10 21:55:09.100000+01:00,13.302902
2019-12-10 21:55:09.200000+01:00,13.296137
2019-12-10 21:55:09.300000+01:00,13.2915535
2019-12-10 21:55:09.400000+01:00,13.298319
2019-12-10 21:55:09.500000+01:00,13.30609
2019-12-10 21:55:09.600000+01:00,13.30609
2019-12-10 21:55:09.700000+01:00,13.295445
2019-12-10 21:55:09.800000+01:00,13.27291
2019-12-10 21:55:09.900000+01:00,13.249116
2019-12-10 21:55:10+01:00,13.253623
2019-12-10 21:55:10.100000+01:00,13.258807
2019-12-10 21:55:10.200000+01:00,13.256673
2019-12-10 21:55:10.300000+01:00,13.252167
2019-12-10 21:55:10.400000+01:00,13.24805
2019-12-10 21:55:10.500000+01:00,13.250303
2019-12-10 21:55:10.600000+01:00,13.252893
2019-12-10 21:55:10.700000+01:00,13.249692
2019-12-10 21:55:10.800000+01:00,13.242932
2019-12-10 21:55:10.900000+01:00,13.235158
2019-12-10 21:55:11+01:00,13.236226
2019-12-10 21:55:11.100000+01:00,13.23848
2019-12-10 21:55:11.200000+01:00,13.243205
2019-12-10 21:55:11.300000+01:00,13.247712
2019-12-10 21:55:11.400000+01:00,13.248624
2019-12-10 21:55:11.500000+01:00,13.239613
2019-12-10 21:55:11.600000+01:00,13.229245
2019-12-10 21:55:11.700000+01:00,13.229245
2019-12-10 21:55:11.800000+01:00,13.2324505
2019-12-10 21:55:11.900000+01:00,13.23921
2019-12-10 21:55:12+01:00,13.249116
2019-12-10 21:55:12.100000+01:00,13.253623
2019-12-10 21:55:12.200000+01:00,13.258807
2019-12-10 21:55:12.300000+01:00,13.249192
2019-12-10 21:55:12.400000+01:00,13.228925
2019-12-10 21:55:12.500000+01:00,13.205591
2019-12-10 21:55:12.600000+01:00,13.205591
2019-12-10 21:55:12.700000+01:00,13.208803
2019-12-10 21:55:12.800000+01:00,13.21556
2019-12-10 21:55:12.900000+01:00,13.223333
2019-12-10 21:55:13+01:00,13.223333
2019-12-10 21:55:13.100000+01:00,13.219053
2019-12-10 21:55:13.200000+01:00,13.210048
2019-12-10 21:55:13.300000+01:00,13.199679
2019-12-10 21:55:13.400000+01:00,13.199679
2019-12-10 21:55:13.500000+01:00,13.193245
2019-12-10 21:55:13.600000+01:00,13.179743
2019-12-10 21:55:13.700000+01:00,13.164193
2019-12-10 21:55:13.800000+01:00,13.164193
2019-12-10 21:55:13.900000+01:00,13.164193
2019-12-10 21:55:14+01:00,13.162045
2019-12-10 21:55:14.100000+01:00,13.157544
2019-12-10 21:55:14.200000+01:00,13.152363
2019-12-10 21:55:14.300000+01:00,13.152363
2019-12-10 21:55:14.400000+01:00,13.032026
2019-12-10 21:55:14.500000+01:00,12.786815
2019-12-10 21:55:14.600000+01:00,12.281905
2019-12-10 21:55:14.700000+01:00,11.871257
2019-12-10 21:55:14.800000+01:00,11.170171
2019-12-10 21:55:14.900000+01:00,10.812874
2019-12-10 21:55:15+01:00,10.375562
2019-12-10 21:55:15.100000+01:00,10.284541
2019-12-10 21:55:15.200000+01:00,10.138092
2019-12-10 21:55:15.300000+01:00,9.958246
2019-12-10 21:55:15.400000+01:00,9.972976
2019-12-10 21:55:15.500000+01:00,9.996361
2019-12-10 21:55:15.600000+01:00,10.024888
2019-12-10 21:55:15.700000+01:00,10.043542
2019-12-10 21:55:15.800000+01:00,10.073348
2019-12-10 21:55:15.900000+01:00,10.105658
2019-12-10 21:55:16+01:00,10.099273
2019-12-10 21:55:16.100000+01:00,10.0968
2019-12-10 21:55:16.200000+01:00,10.105317
2019-12-10 21:55:16.300000+01:00,10.115694
2019-12-10 21:55:16.400000+01:00,10.115694
2019-12-10 21:55:16.500000+01:00,10.113037
2019-12-10 21:55:16.600000+01:00,10.108781
2019-12-10 21:55:16.700000+01:00,10.1022625
2019-12-10 21:55:16.800000+01:00,10.100134
2019-12-10 21:55:16.900000+01:00,10.130625
2019-12-10 21:55:17+01:00,10.183981
2019-12-10 21:55:17.100000+01:00,10.248729
2019-12-10 21:55:17.200000+01:00,10.754308
2019-12-10 21:55:17.300000+01:00,11.648214
2019-12-10 21:55:17.400000+01:00,12.7009735
2019-12-10 21:55:17.500000+01:00,12.73449
2019-12-10 21:55:17.600000+01:00,12.773307
2019-12-10 21:55:17.700000+01:00,12.773307
2019-12-10 21:55:17.800000+01:00,12.771097
2019-12-10 21:55:17.900000+01:00,12.766628
2019-12-10 21:55:18+01:00,12.765866
2019-12-10 21:55:18.100000+01:00,12.774809
2019-12-10 21:55:18.200000+01:00,12.785166
2019-12-10 21:55:18.300000+01:00,12.785166
2019-12-10 21:55:18.400000+01:00,12.785166
2019-12-10 21:55:18.500000+01:00,12.791783
2019-12-10 21:55:18.600000+01:00,12.8052025
2019-12-10 21:55:18.700000+01:00,12.8416
2019-12-10 21:55:18.800000+01:00,12.884165
2019-12-10 21:55:18.900000+01:00,12.933332
2019-12-10 21:55:19+01:00,12.955109
2019-12-10 21:55:19.100000+01:00,13.000005
2019-12-10 21:55:19.200000+01:00,13.051763
2019-12-10 21:55:19.300000+01:00,13.057174
2019-12-10 21:55:19.400000+01:00,13.068407
2019-12-10 21:55:19.500000+01:00,13.087834
2019-12-10 21:55:19.600000+01:00,13.101324
2019-12-10 21:55:19.700000+01:00,13.116863
2019-12-10 21:55:19.800000+01:00,13.131919
2019-12-10 21:55:19.900000+01:00,13.16343
2019-12-10 21:55:20+01:00,13.199679
2019-12-10 21:55:20.100000+01:00,13.218909
2019-12-10 21:55:20.200000+01:00,13.259488
2019-12-10 21:55:20.300000+01:00,13.31034
2019-12-10 21:55:20.400000+01:00,13.3193655
2019-12-10 21:55:20.500000+01:00,13.329731
2019-12-10 21:55:20.600000+01:00,13.3329115
2019-12-10 21:55:20.700000+01:00,13.339682
2019-12-10 21:55:20.800000+01:00,13.349575
2019-12-10 21:55:20.900000+01:00,13.35409
2019-12-10 21:55:21+01:00,13.359272
2019-12-10 21:55:21.100000+01:00,13.362449
2019-12-10 21:55:21.200000+01:00,13.369221
2019-12-10 21:55:21.300000+01:00,13.376996
2019-12-10 21:55:21.400000+01:00,13.379109
2019-12-10 21:55:21.500000+01:00,13.383628
2019-12-10 21:55:21.600000+01:00,13.393032
2019-12-10 21:55:21.700000+01:00,13.40207
2019-12-10 21:55:21.800000+01:00,13.412435
2019-12-10 21:55:21.900000+01:00,13.406101
2019-12-10 21:55:22+01:00,13.39255
2019-12-10 21:55:22.100000+01:00,13.375937
2019-12-10 21:55:22.200000+01:00,13.373681
2019-12-10 21:55:22.300000+01:00,13.375316
2019-12-10 21:55:22.400000+01:00,13.384352
2019-12-10 21:55:22.500000+01:00,13.394717
2019-12-10 21:55:22.600000+01:00,13.394717
2019-12-10 21:55:22.700000+01:00,13.398937
2019-12-10 21:55:22.800000+01:00,13.407974
2019-12-10 21:55:22.900000+01:00,13.416232
2019-12-10 21:55:23+01:00,13.411714
2019-12-10 21:55:23.100000+01:00,13.406528
2019-12-10 21:55:23.200000+01:00,13.408638
2019-12-10 21:55:23.300000+01:00,13.4131565
2019-12-10 21:55:23.400000+01:00,13.416232
2019-12-10 21:55:23.500000+01:00,13.411714
2019-12-10 21:55:23.600000+01:00,13.406528
2019-12-10 21:55:23.700000+01:00,13.408638
2019-12-10 21:55:23.800000+01:00,13.4131565
2019-12-10 21:55:23.900000+01:00,13.418343
2019-12-10 21:55:24+01:00,13.417287
2019-12-10 21:55:24.100000+01:00,13.415027
2019-12-10 21:55:24.200000+01:00,13.41349
2019-12-10 21:55:24.300000+01:00,13.415749
2019-12-10 21:55:24.400000+01:00,13.410954
2019-12-10 21:55:24.500000+01:00,13.395145
2019-12-10 21:55:24.600000+01:00,13.376996
2019-12-10 21:55:24.700000+01:00,13.379109
2019-12-10 21:55:24.800000+01:00,13.383628
2019-12-10 21:55:24.900000+01:00,13.388809
2019-12-10 21:55:25+01:00,13.263963
2019-12-10 21:55:25.100000+01:00,13.00441
2019-12-10 21:55:25.200000+01:00,12.702132
2019-12-10 21:55:25.300000+01:00,12.445232
2019-12-10 21:55:25.400000+01:00,11.957989
2019-12-10 21:55:25.500000+01:00,11.110813
2019-12-10 21:55:25.600000+01:00,10.668104
2019-12-10 21:55:25.700000+01:00,10.072353
2019-12-10 21:55:25.800000+01:00,9.993894
2019-12-10 21:55:25.900000+01:00,9.897624
2019-12-10 21:55:26+01:00,9.897624
2019-12-10 21:55:26.100000+01:00,9.904352
2019-12-10 21:55:26.200000+01:00,9.914965
2019-12-10 21:55:26.300000+01:00,9.945377
2019-12-10 21:55:26.400000+01:00,9.973005
2019-12-10 21:55:26.500000+01:00,10.009391
2019-12-10 21:55:26.600000+01:00,10.013642
2019-12-10 21:55:26.700000+01:00,10.018832
2019-12-10 21:55:26.800000+01:00,10.020169
2019-12-10 21:55:26.900000+01:00,10.022294
2019-12-10 21:55:27+01:00,10.026223
2019-12-10 21:55:27.100000+01:00,10.02835
2019-12-10 21:55:27.200000+01:00,10.030944
2019-12-10 21:55:27.300000+01:00,10.030944
2019-12-10 21:55:27.400000+01:00,10.030944
2019-12-10 21:55:27.500000+01:00,10.030944
2019-12-10 21:55:27.600000+01:00,10.048261
2019-12-10 21:55:27.700000+01:00,10.075939
2019-12-10 21:55:27.800000+01:00,10.64604
2019-12-10 21:55:27.900000+01:00,11.586289
2019-12-10 21:55:28+01:00,12.6784
2019-12-10 21:55:28.100000+01:00,12.695046
2019-12-10 21:55:28.200000+01:00,12.7285595
2019-12-10 21:55:28.300000+01:00,12.780615
2019-12-10 21:55:28.400000+01:00,12.807461
2019-12-10 21:55:28.500000+01:00,12.838524
2019-12-10 21:55:28.600000+01:00,12.838524
2019-12-10 21:55:28.700000+01:00,12.858261
2019-12-10 21:55:28.800000+01:00,12.898596
2019-12-10 21:55:28.900000+01:00,12.950631
2019-12-10 21:55:29+01:00,12.9618435
2019-12-10 21:55:29.100000+01:00,12.9932575
2019-12-10 21:55:29.200000+01:00,13.031437
2019-12-10 21:55:29.300000+01:00,13.075439
2019-12-10 21:55:29.400000+01:00,13.099142
2019-12-10 21:55:29.500000+01:00,13.14865
2019-12-10 21:55:29.600000+01:00,13.205591
2019-12-10 21:55:29.700000+01:00,13.225879
2019-12-10 21:55:29.800000+01:00,13.26872
2019-12-10 21:55:29.900000+01:00,13.33169
2019-12-10 21:55:30+01:00,13.361043
2019-12-10 21:55:30.100000+01:00,13.394717
2019-12-10 21:55:30.200000+01:00,13.406314
2019-12-10 21:55:30.300000+01:00,13.431177
2019-12-10 21:55:30.400000+01:00,13.46912
2019-12-10 21:55:30.500000+01:00,13.489483
2019-12-10 21:55:30.600000+01:00,13.512806
2019-12-10 21:55:30.700000+01:00,13.512806
2019-12-10 21:55:30.800000+01:00,13.529512
2019-12-10 21:55:30.900000+01:00,13.565758
2019-12-10 21:55:31+01:00,13.60617
2019-12-10 21:55:31.100000+01:00,13.603905
2019-12-10 21:55:31.200000+01:00,13.603393
2019-12-10 21:55:31.300000+01:00,13.607924
2019-12-10 21:55:31.400000+01:00,13.61311
2019-12-10 21:55:31.500000+01:00,13.61311
2019-12-10 21:55:31.600000+01:00,13.61311
2019-12-10 21:55:31.700000+01:00,13.60895
2019-12-10 21:55:31.800000+01:00,13.599886
2019-12-10 21:55:31.900000+01:00,13.589513
2019-12-10 21:55:32+01:00,13.591595
2019-12-10 21:55:32.100000+01:00,13.596125
2019-12-10 21:55:32.200000+01:00,13.601311
2019-12-10 21:55:32.300000+01:00,13.607545
2019-12-10 21:55:32.400000+01:00,13.621147
2019-12-10 21:55:32.500000+01:00,13.638775
2019-12-10 21:55:32.600000+01:00,13.643311
2019-12-10 21:55:32.700000+01:00,13.648495
2019-12-10 21:55:32.800000+01:00,13.640195
2019-12-10 21:55:32.900000+01:00,13.622064
2019-12-10 21:55:33+01:00,13.601311
2019-12-10 21:55:33.100000+01:00,13.607545
2019-12-10 21:55:33.200000+01:00,13.621147
2019-12-10 21:55:33.300000+01:00,13.629432
2019-12-10 21:55:33.400000+01:00,13.613569
2019-12-10 21:55:33.500000+01:00,13.595413
2019-12-10 21:55:33.600000+01:00,13.6058
2019-12-10 21:55:33.700000+01:00,13.628476
2019-12-10 21:55:33.800000+01:00,13.653358
2019-12-10 21:55:33.900000+01:00,13.651088
2019-12-10 21:55:34+01:00,13.648495
2019-12-10 21:55:34.100000+01:00,13.646423
2019-12-10 21:55:34.200000+01:00,13.641888
2019-12-10 21:55:34.300000+01:00,13.636701
2019-12-10 21:55:34.400000+01:00,13.635662
2019-12-10 21:55:34.500000+01:00,13.633395
2019-12-10 21:55:34.600000+01:00,13.6297655
2019-12-10 21:55:34.700000+01:00,13.627499
2019-12-10 21:55:34.800000+01:00,13.624907
2019-12-10 21:55:34.900000+01:00,13.626981
2019-12-10 21:55:35+01:00,13.6315155
2019-12-10 21:55:35.100000+01:00,13.634625
2019-12-10 21:55:35.200000+01:00,13.630093
2019-12-10 21:55:35.300000+01:00,13.61763
2019-12-10 21:55:35.400000+01:00,13.601769
2019-12-10 21:55:35.500000+01:00,13.583616
2019-12-10 21:55:35.600000+01:00,13.583616
2019-12-10 21:55:35.700000+01:00,13.264268
2019-12-10 21:55:35.800000+01:00,12.61948
2019-12-10 21:55:35.900000+01:00,11.486876
2019-12-10 21:55:36+01:00,10.861635
2019-12-10 21:55:36.100000+01:00,10.085434
2019-12-10 21:55:36.200000+01:00,10.065435
2019-12-10 21:55:36.300000+01:00,10.033569
2019-12-10 21:55:36.400000+01:00,8.233478
2019-12-10 21:55:36.500000+01:00,6.360124
2019-12-10 21:55:36.600000+01:00,3.492253
2019-12-10 21:55:36.700000+01:00,2.8040662
2019-12-10 21:55:36.800000+01:00,2.1250336
2019-12-10 21:55:36.900000+01:00,1.4052944
2019-12-10 21:55:37+01:00,2.266565
2019-12-10 21:55:37.100000+01:00,3.2046385
2019-12-10 21:55:37.200000+01:00,4.2702227
2019-12-10 21:55:37.300000+01:00,4.224914
2019-12-10 21:55:37.400000+01:00,4.1770196
2019-12-10 21:55:37.500000+01:00,4.185265
2019-12-10 21:55:37.600000+01:00,4.195328
2019-12-10 21:55:37.700000+01:00,4.2086496
2019-12-10 21:55:37.800000+01:00,4.223084
2019-12-10 21:55:37.900000+01:00,4.2407174
2019-12-10 21:55:38+01:00,4.24452
2019-12-10 21:55:38.100000+01:00,4.248645
2019-12-10 21:55:38.200000+01:00,4.25369
2019-12-10 21:55:38.300000+01:00,4.265088
2019-12-10 21:55:38.400000+01:00,4.2774634
2019-12-10 21:55:38.500000+01:00,4.2983046
2019-12-10 21:55:38.600000+01:00,4.304493
2019-12-10 21:55:38.700000+01:00,4.313972
2019-12-10 21:55:38.800000+01:00,4.3160343
2019-12-10 21:55:38.900000+01:00,4.3185625
2019-12-10 21:55:39+01:00,4.322357
2019-12-10 21:55:39.100000+01:00,4.3264823
2019-12-10 21:55:39.200000+01:00,4.3315415
2019-12-10 21:55:39.300000+01:00,4.3391237
2019-12-10 21:55:39.400000+01:00,4.3473763
2019-12-10 21:55:39.500000+01:00,4.3575006
2019-12-10 21:55:39.600000+01:00,4.3575006
2019-12-10 21:55:39.700000+01:00,4.3575006
2019-12-10 21:55:39.800000+01:00,4.366969
2019-12-10 21:55:39.900000+01:00,4.377286
2019-12-10 21:55:40+01:00,4.391846
2019-12-10 21:55:40.100000+01:00,4.3939095
2019-12-10 21:55:40.200000+01:00,4.3964443
2019-12-10 21:55:40.300000+01:00,4.3964443
2019-12-10 21:55:40.400000+01:00,4.394552
2019-12-10 21:55:40.500000+01:00,4.392489
2019-12-10 21:55:40.600000+01:00,4.3956304
2019-12-10 21:55:40.700000+01:00,4.40182
2019-12-10 21:55:40.800000+01:00,4.407536
2019-12-10 21:55:40.900000+01:00,4.4054728
2019-12-10 21:55:41+01:00,4.4029365
2019-12-10 21:55:41.100000+01:00,4.406719
2019-12-10 21:55:41.200000+01:00,4.4108458
2019-12-10 21:55:41.300000+01:00,4.4178114
2019-12-10 21:55:41.400000+01:00,4.4198737
2019-12-10 21:55:41.500000+01:00,4.4224114
2019-12-10 21:55:41.600000+01:00,4.4224114
2019-12-10 21:55:41.700000+01:00,4.418629
2019-12-10 21:55:41.800000+01:00,4.4145036
2019-12-10 21:55:41.900000+01:00,4.41321
2019-12-10 21:55:42+01:00,4.4173365
2019-12-10 21:55:42.100000+01:00,4.4224114
2019-12-10 21:55:42.200000+01:00,4.4224114
2019-12-10 21:55:42.300000+01:00,4.4224114
2019-12-10 21:55:42.400000+01:00,4.4243016
2019-12-10 21:55:42.500000+01:00,4.4263654
2019-12-10 21:55:42.600000+01:00,4.428903
2019-12-10 21:55:42.700000+01:00,4.425122
2019-12-10 21:55:42.800000+01:00,4.420996
2019-12-10 21:55:42.900000+01:00,4.4234805
2019-12-10 21:55:43+01:00,4.4317355
2019-12-10 21:55:43.100000+01:00,4.441888
2019-12-10 21:55:43.200000+01:00,6.040752
2019-12-10 21:55:43.300000+01:00,8.013014
2019-12-10 21:55:43.400000+01:00,10.428058
2019-12-10 21:55:43.500000+01:00,10.596121
2019-12-10 21:55:43.600000+01:00,10.7973
2019-12-10 21:55:43.700000+01:00,10.691975
2019-12-10 21:55:43.800000+01:00,10.516806
2019-12-10 21:55:43.900000+01:00,10.303103
2019-12-10 21:55:44+01:00,10.313575
2019-12-10 21:55:44.100000+01:00,10.33068
2019-12-10 21:55:44.200000+01:00,10.346186
2019-12-10 21:55:44.300000+01:00,10.337637
2019-12-10 21:55:44.400000+01:00,10.327262
2019-12-10 21:55:44.500000+01:00,10.323335
2019-12-10 21:55:44.600000+01:00,10.316925
2019-12-10 21:55:44.700000+01:00,10.302588
2019-12-10 21:55:44.800000+01:00,10.291913
2019-12-10 21:55:44.900000+01:00,10.27894
2019-12-10 21:55:45+01:00,10.27894
2019-12-10 21:55:45.100000+01:00,10.275002
2019-12-10 21:55:45.200000+01:00,10.268597
2019-12-10 21:55:45.300000+01:00,10.296143
2019-12-10 21:55:45.400000+01:00,10.353948
2019-12-10 21:55:45.500000+01:00,10.461358
2019-12-10 21:55:45.600000+01:00,10.523637
2019-12-10 21:55:45.700000+01:00,10.598673
2019-12-10 21:55:45.800000+01:00,10.638295
2019-12-10 21:55:45.900000+01:00,10.705092
2019-12-10 21:55:46+01:00,11.18812
2019-12-10 21:55:46.100000+01:00,11.926613
2019-12-10 21:55:46.200000+01:00,12.773307
2019-12-10 21:55:46.300000+01:00,12.766671
2019-12-10 21:55:46.400000+01:00,12.753267
2019-12-10 21:55:46.500000+01:00,12.737722
2019-12-10 21:55:46.600000+01:00,12.737722
2019-12-10 21:55:46.700000+01:00,12.737722
2019-12-10 21:55:46.800000+01:00,12.743257
2019-12-10 21:55:46.900000+01:00,12.75443
2019-12-10 21:55:47+01:00,12.767378
2019-12-10 21:55:47.100000+01:00,12.768482
2019-12-10 21:55:47.200000+01:00,12.770718
2019-12-10 21:55:47.300000+01:00,12.773307
2019-12-10 21:55:47.400000+01:00,12.775516
2019-12-10 21:55:47.500000+01:00,12.779986
2019-12-10 21:55:47.600000+01:00,12.785166
2019-12-10 21:55:47.700000+01:00,12.785166
2019-12-10 21:55:47.800000+01:00,12.785166
2019-12-10 21:55:47.900000+01:00,12.7873745
2019-12-10 21:55:48+01:00,12.791846
2019-12-10 21:55:48.100000+01:00,12.79923
2019-12-10 21:55:48.200000+01:00,12.803702
2019-12-10 21:55:48.300000+01:00,12.811087
2019-12-10 21:55:48.400000+01:00,12.8155575
2019-12-10 21:55:48.500000+01:00,12.820739
2019-12-10 21:55:48.600000+01:00,12.820739
2019-12-10 21:55:48.700000+01:00,12.828437
2019-12-10 21:55:48.800000+01:00,12.844105
2019-12-10 21:55:48.900000+01:00,12.871002
2019-12-10 21:55:49+01:00,12.888921
2019-12-10 21:55:49.100000+01:00,12.909634
2019-12-10 21:55:49.200000+01:00,12.917284
2019-12-10 21:55:49.300000+01:00,12.932977
2019-12-10 21:55:49.400000+01:00,12.9565525
2019-12-10 21:55:49.500000+01:00,12.967766
2019-12-10 21:55:49.600000+01:00,12.981803
2019-12-10 21:55:49.700000+01:00,12.984049
2019-12-10 21:55:49.800000+01:00,12.986638
2019-12-10 21:55:49.900000+01:00,12.986638
2019-12-10 21:55:50+01:00,12.997501
2019-12-10 21:55:50.100000+01:00,13.01995
2019-12-10 21:55:50.200000+01:00,13.062057
2019-12-10 21:55:50.300000+01:00,13.095779
2019-12-10 21:55:50.400000+01:00,13.134613
2019-12-10 21:55:50.500000+01:00,13.145361
2019-12-10 21:55:50.600000+01:00,13.167868
2019-12-10 21:55:50.700000+01:00,13.203397
2019-12-10 21:55:50.800000+01:00,13.223672
2019-12-10 21:55:50.900000+01:00,13.246983
2019-12-10 21:55:51+01:00,13.25125
2019-12-10 21:55:51.100000+01:00,13.260264
2019-12-10 21:55:51.200000+01:00,13.270628
2019-12-10 21:55:51.300000+01:00,13.274889
2019-12-10 21:55:51.400000+01:00,13.283908
2019-12-10 21:55:51.500000+01:00,13.299587
2019-12-10 21:55:51.600000+01:00,13.310866
2019-12-10 21:55:51.700000+01:00,13.327004
2019-12-10 21:55:51.800000+01:00,13.333774
2019-12-10 21:55:51.900000+01:00,13.341548
2019-12-10 21:55:52+01:00,13.345786
2019-12-10 21:55:52.100000+01:00,13.354814
2019-12-10 21:55:52.200000+01:00,13.36518
2019-12-10 21:55:52.300000+01:00,13.366238
2019-12-10 21:55:52.400000+01:00,13.368497
2019-12-10 21:55:52.500000+01:00,13.37109
2019-12-10 21:55:52.600000+01:00,13.376373
2019-12-10 21:55:52.700000+01:00,13.387666
2019-12-10 21:55:52.800000+01:00,13.393226
2019-12-10 21:55:52.900000+01:00,13.377421
2019-12-10 21:55:53+01:00,13.361389
2019-12-10 21:55:53.100000+01:00,13.365904
2019-12-10 21:55:53.200000+01:00,13.37109
2019-12-10 21:55:53.300000+01:00,13.37109
2019-12-10 21:55:53.400000+01:00,13.3837595
2019-12-10 21:55:53.500000+01:00,13.410877
2019-12-10 21:55:53.600000+01:00,13.446168
2019-12-10 21:55:53.700000+01:00,13.455212
2019-12-10 21:55:53.800000+01:00,13.468731
2019-12-10 21:55:53.900000+01:00,13.4755125
2019-12-10 21:55:54+01:00,13.483288
2019-12-10 21:55:54.100000+01:00,13.47909
2019-12-10 21:55:54.200000+01:00,13.470046
2019-12-10 21:55:54.300000+01:00,13.461777
2019-12-10 21:55:54.400000+01:00,13.466299
2019-12-10 21:55:54.500000+01:00,13.471481
2019-12-10 21:55:54.600000+01:00,13.471481
2019-12-10 21:55:54.700000+01:00,13.4672785
2019-12-10 21:55:54.800000+01:00,13.458236
2019-12-10 21:55:54.900000+01:00,13.451021
2019-12-10 21:55:55+01:00,13.457804
2019-12-10 21:55:55.100000+01:00,13.469779
2019-12-10 21:55:55.200000+01:00,13.478826
2019-12-10 21:55:55.300000+01:00,13.489192
2019-12-10 21:55:55.400000+01:00,13.482896
2019-12-10 21:55:55.500000+01:00,13.469328
2019-12-10 21:55:55.600000+01:00,13.45377
2019-12-10 21:55:55.700000+01:00,13.459023
2019-12-10 21:55:55.800000+01:00,13.47033
2019-12-10 21:55:55.900000+01:00,13.483288
2019-12-10 21:55:56+01:00,13.485388
2019-12-10 21:55:56.100000+01:00,13.489913
2019-12-10 21:55:56.200000+01:00,13.49195
2019-12-10 21:55:56.300000+01:00,13.485165
2019-12-10 21:55:56.400000+01:00,13.488913
2019-12-10 21:55:56.500000+01:00,13.513808
2019-12-10 21:55:56.600000+01:00,13.542312
2019-12-10 21:55:56.700000+01:00,13.639112
2019-12-10 21:55:56.800000+01:00,13.85326
2019-12-10 21:55:56.900000+01:00,14.096039
2019-12-10 21:55:57+01:00,14.118996
2019-12-10 21:55:57.100000+01:00,14.171588
2019-12-10 21:55:57.200000+01:00,14.263773
2019-12-10 21:55:57.300000+01:00,14.339421
2019-12-10 21:55:57.400000+01:00,14.42499
2019-12-10 21:55:57.500000+01:00,14.41227
2019-12-10 21:55:57.600000+01:00,14.382471
2019-12-10 21:55:57.700000+01:00,14.344757
2019-12-10 21:55:57.800000+01:00,14.33559
2019-12-10 21:55:57.900000+01:00,14.325204
2019-12-10 21:55:58+01:00,14.325204
2019-12-10 21:55:58.100000+01:00,13.75258
2019-12-10 21:55:58.200000+01:00,12.597981
2019-12-10 21:55:58.300000+01:00,10.925654
2019-12-10 21:55:58.400000+01:00,10.490856
2019-12-10 21:55:58.500000+01:00,9.965585
2019-12-10 21:55:58.600000+01:00,9.986838
2019-12-10 21:55:58.700000+01:00,10.012775
2019-12-10 21:55:58.800000+01:00,10.015447
2019-12-10 21:55:58.900000+01:00,10.019699
2019-12-10 21:55:59+01:00,10.018206
2019-12-10 21:55:59.100000+01:00,10.007583
2019-12-10 21:55:59.200000+01:00,9.994602
2019-12-10 21:55:59.300000+01:00,9.994602
2019-12-10 21:55:59.400000+01:00,9.994602
2019-12-10 21:55:59.500000+01:00,9.994602
2019-12-10 21:55:59.600000+01:00,10.005294
2019-12-10 21:55:59.700000+01:00,10.022306
2019-12-10 21:55:59.800000+01:00,10.440585
2019-12-10 21:55:59.900000+01:00,11.123618
2019-12-10 21:56:00+01:00,11.917021
2019-12-10 21:56:00.100000+01:00,11.897018
2019-12-10 21:56:00.200000+01:00,11.859659
2019-12-10 21:56:00.300000+01:00,11.472384
2019-12-10 21:56:00.400000+01:00,10.8824415
2019-12-10 21:56:00.500000+01:00,10.151992
2019-12-10 21:56:00.600000+01:00,10.16653
2019-12-10 21:56:00.700000+01:00,10.189995
2019-12-10 21:56:00.800000+01:00,10.218509
2019-12-10 21:56:00.900000+01:00,10.219827
2019-12-10 21:56:01+01:00,10.22196
2019-12-10 21:56:01.100000+01:00,10.21928
2019-12-10 21:56:01.200000+01:00,10.210752
2019-12-10 21:56:01.300000+01:00,10.188479
2019-12-10 21:56:01.400000+01:00,10.169307
2019-12-10 21:56:01.500000+01:00,10.145944
2019-12-10 21:56:01.600000+01:00,10.145944
2019-12-10 21:56:01.700000+01:00,10.141968
2019-12-10 21:56:01.800000+01:00,10.135579
2019-12-10 21:56:01.900000+01:00,10.118502
2019-12-10 21:56:02+01:00,10.103605
2019-12-10 21:56:02.100000+01:00,10.085434
2019-12-10 21:56:02.200000+01:00,10.057407
2019-12-10 21:56:02.300000+01:00,10.012823
2019-12-10 21:56:02.400000+01:00,9.948845
2019-12-10 21:56:02.500000+01:00,9.933993
2019-12-10 21:56:02.600000+01:00,9.923879
2019-12-10 21:56:02.700000+01:00,9.936618
2019-12-10 21:56:02.800000+01:00,9.952186
2019-12-10 21:56:02.900000+01:00,9.952186
2019-12-10 21:56:03+01:00,9.944126
2019-12-10 21:56:03.100000+01:00,9.9313965
2019-12-10 21:56:03.200000+01:00,9.919848
2019-12-10 21:56:03.300000+01:00,9.926215
2019-12-10 21:56:03.400000+01:00,9.934002
2019-12-10 21:56:03.500000+01:00,9.928624
2019-12-10 21:56:03.600000+01:00,9.920137
2019-12-10 21:56:03.700000+01:00,9.878676
2019-12-10 21:56:03.800000+01:00,9.830007
2019-12-10 21:56:03.900000+01:00,9.770191
2019-12-10 21:56:04+01:00,9.747028
2019-12-10 21:56:04.100000+01:00,9.711115
2019-12-10 21:56:04.200000+01:00,9.666907
2019-12-10 21:56:04.300000+01:00,9.664171
2019-12-10 21:56:04.400000+01:00,9.6599455
2019-12-10 21:56:04.500000+01:00,9.709167
2019-12-10 21:56:04.600000+01:00,9.794037
2019-12-10 21:56:04.700000+01:00,9.831071
2019-12-10 21:56:04.800000+01:00,9.727714
2019-12-10 21:56:04.900000+01:00,9.600017
2019-12-10 21:56:05+01:00,9.4258
2019-12-10 21:56:05.100000+01:00,9.1678915
2019-12-10 21:56:05.200000+01:00,8.842331
2019-12-10 21:56:05.300000+01:00,7.689518
2019-12-10 21:56:05.400000+01:00,6.379493
2019-12-10 21:56:05.500000+01:00,4.500325
2019-12-10 21:56:05.600000+01:00,4.4073873
2019-12-10 21:56:05.700000+01:00,4.306573
2019-12-10 21:56:05.800000+01:00,4.8595004
2019-12-10 21:56:05.900000+01:00,5.6320972
2019-12-10 21:56:06+01:00,6.566133
2019-12-10 21:56:06.100000+01:00,6.5620213
2019-12-10 21:56:06.200000+01:00,6.5567875
2019-12-10 21:56:06.300000+01:00,6.5567875
2019-12-10 21:56:06.400000+01:00,6.573648
2019-12-10 21:56:06.500000+01:00,6.594225
2019-12-10 21:56:06.600000+01:00,6.637159
2019-12-10 21:56:06.700000+01:00,6.657735
2019-12-10 21:56:06.800000+01:00,6.6872296
2019-12-10 21:56:06.900000+01:00,6.6913433
2019-12-10 21:56:07+01:00,6.696575
2019-12-10 21:56:07.100000+01:00,6.698249
2019-12-10 21:56:07.200000+01:00,6.7003055
2019-12-10 21:56:07.300000+01:00,6.9808717
2019-12-10 21:56:07.400000+01:00,7.3371887
2019-12-10 21:56:07.500000+01:00,7.778464
2019-12-10 21:56:07.600000+01:00,7.778464
2019-12-10 21:56:07.700000+01:00,7.461691
2019-12-10 21:56:07.800000+01:00,7.065086
2019-12-10 21:56:07.900000+01:00,6.7216535
2019-12-10 21:56:08+01:00,6.943442
2019-12-10 21:56:08.100000+01:00,7.3799295
2019-12-10 21:56:08.200000+01:00,7.587587
2019-12-10 21:56:08.300000+01:00,7.8470106
2019-12-10 21:56:08.400000+01:00,8.294131
2019-12-10 21:56:08.500000+01:00,8.936642
2019-12-10 21:56:08.600000+01:00,9.803871
2019-12-10 21:56:08.700000+01:00,9.953001
2019-12-10 21:56:08.800000+01:00,10.133845
2019-12-10 21:56:08.900000+01:00,10.133845
2019-12-10 21:56:09+01:00,10.172106
2019-12-10 21:56:09.100000+01:00,10.234065
2019-12-10 21:56:09.200000+01:00,10.309143
2019-12-10 21:56:09.300000+01:00,10.309143
2019-12-10 21:56:09.400000+01:00,9.506131
2019-12-10 21:56:09.500000+01:00,8.420062
2019-12-10 21:56:09.600000+01:00,6.924627
2019-12-10 21:56:09.700000+01:00,7.0322
2019-12-10 21:56:09.800000+01:00,7.1686897
2019-12-10 21:56:09.900000+01:00,7.3404846
2019-12-10 21:56:10+01:00,7.3724437
2019-12-10 21:56:10.100000+01:00,7.413707
2019-12-10 21:56:10.200000+01:00,7.505516
2019-12-10 21:56:10.300000+01:00,7.557151
2019-12-10 21:56:10.400000+01:00,7.622399
2019-12-10 21:56:10.500000+01:00,7.606637
2019-12-10 21:56:10.600000+01:00,7.5860333
2019-12-10 21:56:10.700000+01:00,7.488177
2019-12-10 21:56:10.800000+01:00,7.395804
2019-12-10 21:56:10.900000+01:00,7.277661
2019-12-10 21:56:11+01:00,7.277661
2019-12-10 21:56:11.100000+01:00,7.6326265
2019-12-10 21:56:11.200000+01:00,8.113519
2019-12-10 21:56:11.300000+01:00,8.46787
2019-12-10 21:56:11.400000+01:00,8.15065
2019-12-10 21:56:11.500000+01:00,6.538464
2019-12-10 21:56:11.600000+01:00,5.2524996
2019-12-10 21:56:11.700000+01:00,3.466657
2019-12-10 21:56:11.800000+01:00,3.8827667
2019-12-10 21:56:11.900000+01:00,4.3370366
2019-12-10 21:56:12+01:00,5.1043463
2019-12-10 21:56:12.100000+01:00,5.3556333
2019-12-10 21:56:12.200000+01:00,5.6753945
2019-12-10 21:56:12.300000+01:00,5.685695
2019-12-10 21:56:12.400000+01:00,5.6987076
2019-12-10 21:56:12.500000+01:00,5.6987076
2019-12-10 21:56:12.600000+01:00,5.711153
2019-12-10 21:56:12.700000+01:00,5.7255745
2019-12-10 21:56:12.800000+01:00,5.7437954
2019-12-10 21:56:12.900000+01:00,5.7437954
2019-12-10 21:56:13+01:00,5.7437954
2019-12-10 21:56:13.100000+01:00,5.7242303
2019-12-10 21:56:13.200000+01:00,5.701596
2019-12-10 21:56:13.300000+01:00,5.7701125
2019-12-10 21:56:13.400000+01:00,5.8837614
2019-12-10 21:56:13.500000+01:00,6.0265784
2019-12-10 21:56:13.600000+01:00,5.819946
2019-12-10 21:56:13.700000+01:00,5.583101
2019-12-10 21:56:13.800000+01:00,5.2788835
2019-12-10 21:56:13.900000+01:00,5.8169785
2019-12-10 21:56:14+01:00,6.4624567
2019-12-10 21:56:14.100000+01:00,7.515879
2019-12-10 21:56:14.200000+01:00,7.8668375
2019-12-10 21:56:14.300000+01:00,8.300088
2019-12-10 21:56:14.400000+01:00,8.079472
2019-12-10 21:56:14.500000+01:00,7.7875276
2019-12-10 21:56:14.600000+01:00,7.409518
2019-12-10 21:56:14.700000+01:00,7.3839054
2019-12-10 21:56:14.800000+01:00,7.3509946
2019-12-10 21:56:14.900000+01:00,7.3506703
2019-12-10 21:56:15+01:00,7.404333
2019-12-10 21:56:15.100000+01:00,7.472207
2019-12-10 21:56:15.200000+01:00,7.1982355
2019-12-10 21:56:15.300000+01:00,6.859586
2019-12-10 21:56:15.400000+01:00,6.677287
2019-12-10 21:56:15.500000+01:00,7.003824
2019-12-10 21:56:15.600000+01:00,7.351678
2019-12-10 21:56:15.700000+01:00,7.2777667
2019-12-10 21:56:15.800000+01:00,7.1833005
2019-12-10 21:56:15.900000+01:00,7.1833005
2019-12-10 21:56:16+01:00,7.099873
2019-12-10 21:56:16.100000+01:00,6.995387
2019-12-10 21:56:16.200000+01:00,6.796335
2019-12-10 21:56:16.300000+01:00,6.716389
2019-12-10 21:56:16.400000+01:00,6.6140127
2019-12-10 21:56:16.500000+01:00,6.5119553
2019-12-10 21:56:16.600000+01:00,6.3891616
2019-12-10 21:56:16.700000+01:00,6.139287
2019-12-10 21:56:16.800000+01:00,6.0306845
2019-12-10 21:56:16.900000+01:00,5.9128323
2019-12-10 21:56:17+01:00,5.9375496
2019-12-10 21:56:17.100000+01:00,5.9688277
2019-12-10 21:56:17.200000+01:00,5.9688277
2019-12-10 21:56:17.300000+01:00,5.8411226
2019-12-10 21:56:17.400000+01:00,5.6936536
2019-12-10 21:56:17.500000+01:00,5.5249457
2019-12-10 21:56:17.600000+01:00,5.5476265
2019-12-10 21:56:17.700000+01:00,6.0851393
2019-12-10 21:56:17.800000+01:00,6.705714
2019-12-10 21:56:17.900000+01:00,7.4659405
2019-12-10 21:56:18+01:00,7.1952443
2019-12-10 21:56:18.100000+01:00,6.8605895
2019-12-10 21:56:18.200000+01:00,6.4230566
2019-12-10 21:56:18.300000+01:00,6.6020446
2019-12-10 21:56:18.400000+01:00,6.823791
2019-12-10 21:56:18.500000+01:00,7.1014023
2019-12-10 21:56:18.600000+01:00,6.713297
2019-12-10 21:56:18.700000+01:00,6.253537
2019-12-10 21:56:18.800000+01:00,5.819396
2019-12-10 21:56:18.900000+01:00,6.0224266
2019-12-10 21:56:19+01:00,6.3002725
2019-12-10 21:56:19.100000+01:00,6.3290925
2019-12-10 21:56:19.200000+01:00,6.365655
2019-12-10 21:56:19.300000+01:00,6.365655
2019-12-10 21:56:19.400000+01:00,6.4268236
2019-12-10 21:56:19.500000+01:00,6.5010448
2019-12-10 21:56:19.600000+01:00,6.616796
2019-12-10 21:56:19.700000+01:00,6.643553
2019-12-10 21:56:19.800000+01:00,6.677532
2019-12-10 21:56:19.900000+01:00,7.087313
2019-12-10 21:56:20+01:00,7.621928
2019-12-10 21:56:20.100000+01:00,8.36763
2019-12-10 21:56:20.200000+01:00,8.497009
2019-12-10 21:56:20.300000+01:00,8.631464
2019-12-10 21:56:20.400000+01:00,8.594056
2019-12-10 21:56:20.500000+01:00,8.547069
2019-12-10 21:56:20.600000+01:00,8.547069
2019-12-10 21:56:20.700000+01:00,8.532273
2019-12-10 21:56:20.800000+01:00,8.511501
2019-12-10 21:56:20.900000+01:00,8.431665
2019-12-10 21:56:21+01:00,8.357148
2019-12-10 21:56:21.100000+01:00,8.219065
2019-12-10 21:56:21.200000+01:00,8.159129
2019-12-10 21:56:21.300000+01:00,8.083246
2019-12-10 21:56:21.400000+01:00,8.071033
2019-12-10 21:56:21.500000+01:00,8.05449
2019-12-10 21:56:21.600000+01:00,7.887269
2019-12-10 21:56:21.700000+01:00,7.694722
2019-12-10 21:56:21.800000+01:00,7.4471383
2019-12-10 21:56:21.900000+01:00,7.4471383
2019-12-10 21:56:22+01:00,7.458269
2019-12-10 21:56:22.100000+01:00,7.472701
2019-12-10 21:56:22.200000+01:00,7.0936413
2019-12-10 21:56:22.300000+01:00,6.612386
2019-12-10 21:56:22.400000+01:00,6.2764854
2019-12-10 21:56:22.500000+01:00,6.644899
2019-12-10 21:56:22.600000+01:00,7.1014023
2019-12-10 21:56:22.700000+01:00,6.896325
2019-12-10 21:56:22.800000+01:00,6.6459727
2019-12-10 21:56:22.900000+01:00,6.3209724
2019-12-10 21:56:23+01:00,6.651149
2019-12-10 21:56:23.100000+01:00,7.066171
2019-12-10 21:56:23.200000+01:00,7.546956
2019-12-10 21:56:23.300000+01:00,7.505799
2019-12-10 21:56:23.400000+01:00,7.4534063
2019-12-10 21:56:23.500000+01:00,7.5181823
2019-12-10 21:56:23.600000+01:00,7.6029835
2019-12-10 21:56:23.700000+01:00,7.630928
2019-12-10 21:56:23.800000+01:00,7.528259
2019-12-10 21:56:23.900000+01:00,7.3969727
2019-12-10 21:56:24+01:00,7.0667357
2019-12-10 21:56:24.100000+01:00,6.6644783
2019-12-10 21:56:24.200000+01:00,6.13553
2019-12-10 21:56:24.300000+01:00,6.324521
2019-12-10 21:56:24.400000+01:00,6.5545797
2019-12-10 21:56:24.500000+01:00,7.027689
2019-12-10 21:56:24.600000+01:00,7.264301
2019-12-10 21:56:24.700000+01:00,7.559863
2019-12-10 21:56:24.800000+01:00,7.420172
2019-12-10 21:56:24.900000+01:00,7.2423162
2019-12-10 21:56:25+01:00,7.016357
2019-12-10 21:56:25.100000+01:00,7.0204725
2019-12-10 21:56:25.200000+01:00,7.025705
2019-12-10 21:56:25.300000+01:00,7.025705
2019-12-10 21:56:25.400000+01:00,7.048578
2019-12-10 21:56:25.500000+01:00,7.077413
2019-12-10 21:56:25.600000+01:00,7.1140094
2019-12-10 21:56:25.700000+01:00,7.1140094
2019-12-10 21:56:25.800000+01:00,7.1140094
2019-12-10 21:56:25.900000+01:00,7.1140094
2019-12-10 21:56:26+01:00,7.1140094
2019-12-10 21:56:26.100000+01:00,7.115638
2019-12-10 21:56:26.200000+01:00,7.1176953
2019-12-10 21:56:26.300000+01:00,7.044815
2019-12-10 21:56:26.400000+01:00,6.950545
2019-12-10 21:56:26.500000+01:00,6.8297105
2019-12-10 21:56:26.600000+01:00,6.8528814
2019-12-10 21:56:26.700000+01:00,6.8817043
2019-12-10 21:56:26.800000+01:00,6.918303
2019-12-10 21:56:26.900000+01:00,6.9331255
2019-12-10 21:56:27+01:00,6.9516497
2019-12-10 21:56:27.100000+01:00,6.97683
