2019-12-10 18:34:38.900000+01:00,4.18701171875
2019-12-10 18:34:39+01:00,4.18701171875
2019-12-10 18:34:39.100000+01:00,1.263427734375
2019-12-10 18:34:39.200000+01:00,1.263427734375
2019-12-10 18:34:39.300000+01:00,1.263427734375
2019-12-10 18:34:39.400000+01:00,1.129150390625
2019-12-10 18:34:39.500000+01:00,1.129150390625
2019-12-10 18:34:39.600000+01:00,1.129150390625
2019-12-10 18:34:39.700000+01:00,4.107666015625
2019-12-10 18:34:39.800000+01:00,4.107666015625
2019-12-10 18:34:39.900000+01:00,4.071044921875
2019-12-10 18:34:40+01:00,4.071044921875
2019-12-10 18:34:40.100000+01:00,4.071044921875
2019-12-10 18:34:40.200000+01:00,9.2529296875
2019-12-10 18:34:40.300000+01:00,9.2529296875
2019-12-10 18:34:40.400000+01:00,10.77880859375
2019-12-10 18:34:40.500000+01:00,10.77880859375
2019-12-10 18:34:40.600000+01:00,9.08203125
2019-12-10 18:34:40.700000+01:00,9.08203125
2019-12-10 18:34:40.800000+01:00,9.08203125
2019-12-10 18:34:40.900000+01:00,9.08203125
2019-12-10 18:34:41+01:00,9.19189453125
2019-12-10 18:34:41.100000+01:00,9.19189453125
2019-12-10 18:34:41.200000+01:00,10.24169921875
2019-12-10 18:34:41.300000+01:00,10.24169921875
2019-12-10 18:34:41.400000+01:00,10.24169921875
2019-12-10 18:34:41.500000+01:00,10.345458984375
2019-12-10 18:34:41.600000+01:00,10.345458984375
2019-12-10 18:34:41.700000+01:00,10.3271484375
2019-12-10 18:34:41.800000+01:00,10.3271484375
2019-12-10 18:34:41.900000+01:00,10.31494140625
2019-12-10 18:34:42+01:00,10.31494140625
2019-12-10 18:34:42.100000+01:00,10.31494140625
2019-12-10 18:34:42.200000+01:00,10.31494140625
2019-12-10 18:34:42.300000+01:00,10.25390625
2019-12-10 18:34:42.400000+01:00,10.25390625
2019-12-10 18:34:42.500000+01:00,10.2783203125
2019-12-10 18:34:42.600000+01:00,10.2783203125
2019-12-10 18:34:42.700000+01:00,10.2783203125
2019-12-10 18:34:42.800000+01:00,10.302734375
2019-12-10 18:34:42.900000+01:00,10.302734375
2019-12-10 18:34:43+01:00,10.15625
2019-12-10 18:34:43.100000+01:00,10.15625
2019-12-10 18:34:43.200000+01:00,10.15625
2019-12-10 18:34:43.300000+01:00,9.136962890625
2019-12-10 18:34:43.400000+01:00,9.136962890625
2019-12-10 18:34:43.500000+01:00,9.136962890625
2019-12-10 18:34:43.600000+01:00,8.87451171875
2019-12-10 18:34:43.700000+01:00,8.87451171875
2019-12-10 18:34:43.800000+01:00,9.1064453125
2019-12-10 18:34:43.900000+01:00,9.1064453125
2019-12-10 18:34:44+01:00,9.19189453125
2019-12-10 18:34:44.100000+01:00,9.19189453125
2019-12-10 18:34:44.200000+01:00,9.19189453125
2019-12-10 18:34:44.300000+01:00,9.19189453125
2019-12-10 18:34:44.400000+01:00,9.039306640625
2019-12-10 18:34:44.500000+01:00,9.039306640625
2019-12-10 18:34:44.600000+01:00,9.2529296875
2019-12-10 18:34:44.700000+01:00,9.2529296875
2019-12-10 18:34:44.800000+01:00,9.2529296875
2019-12-10 18:34:44.900000+01:00,9.0576171875
2019-12-10 18:34:45+01:00,9.0576171875
2019-12-10 18:34:45.100000+01:00,9.0576171875
2019-12-10 18:34:45.200000+01:00,9.0576171875
2019-12-10 18:34:45.300000+01:00,9.063720703125
2019-12-10 18:34:45.400000+01:00,9.063720703125
2019-12-10 18:34:45.500000+01:00,9.063720703125
2019-12-10 18:34:45.600000+01:00,9.063720703125
2019-12-10 18:34:45.700000+01:00,10.009765625
2019-12-10 18:34:45.800000+01:00,10.009765625
2019-12-10 18:34:45.900000+01:00,9.722900390625
2019-12-10 18:34:46+01:00,9.722900390625
2019-12-10 18:34:46.100000+01:00,10.125732421875
2019-12-10 18:34:46.200000+01:00,10.125732421875
2019-12-10 18:34:46.300000+01:00,10.125732421875
2019-12-10 18:34:46.400000+01:00,10.0830078125
2019-12-10 18:34:46.500000+01:00,10.0830078125
2019-12-10 18:34:46.600000+01:00,10.0830078125
2019-12-10 18:34:46.700000+01:00,10.0830078125
2019-12-10 18:34:46.800000+01:00,10.0830078125
2019-12-10 18:34:46.900000+01:00,10.0830078125
2019-12-10 18:34:47+01:00,10.113525390625
2019-12-10 18:34:47.100000+01:00,10.113525390625
2019-12-10 18:34:47.200000+01:00,10.076904296875
2019-12-10 18:34:47.300000+01:00,10.076904296875
2019-12-10 18:34:47.400000+01:00,10.089111328125
2019-12-10 18:34:47.500000+01:00,10.089111328125
2019-12-10 18:34:47.600000+01:00,10.089111328125
2019-12-10 18:34:47.700000+01:00,10.07080078125
2019-12-10 18:34:47.800000+01:00,10.07080078125
2019-12-10 18:34:47.900000+01:00,10.07080078125
2019-12-10 18:34:48+01:00,10.076904296875
2019-12-10 18:34:48.100000+01:00,10.076904296875
2019-12-10 18:34:48.200000+01:00,10.076904296875
2019-12-10 18:34:48.300000+01:00,10.09521484375
2019-12-10 18:34:48.400000+01:00,10.09521484375
2019-12-10 18:34:48.500000+01:00,10.052490234375
2019-12-10 18:34:48.600000+01:00,10.052490234375
2019-12-10 18:34:48.700000+01:00,10.09521484375
2019-12-10 18:34:48.800000+01:00,10.09521484375
2019-12-10 18:34:48.900000+01:00,10.09521484375
2019-12-10 18:34:49+01:00,10.07080078125
2019-12-10 18:34:49.100000+01:00,10.07080078125
2019-12-10 18:34:49.200000+01:00,10.07080078125
2019-12-10 18:34:49.300000+01:00,10.04638671875
2019-12-10 18:34:49.400000+01:00,10.04638671875
2019-12-10 18:34:49.500000+01:00,10.052490234375
2019-12-10 18:34:49.600000+01:00,10.052490234375
2019-12-10 18:34:49.700000+01:00,10.052490234375
2019-12-10 18:34:49.800000+01:00,10.040283203125
2019-12-10 18:34:49.900000+01:00,10.040283203125
2019-12-10 18:34:50+01:00,9.197998046875
2019-12-10 18:34:50.100000+01:00,9.197998046875
2019-12-10 18:34:50.200000+01:00,9.197998046875
2019-12-10 18:34:50.300000+01:00,9.197998046875
2019-12-10 18:34:50.400000+01:00,8.89892578125
2019-12-10 18:34:50.500000+01:00,8.89892578125
2019-12-10 18:34:50.600000+01:00,8.935546875
2019-12-10 18:34:50.700000+01:00,8.935546875
2019-12-10 18:34:50.800000+01:00,9.0576171875
2019-12-10 18:34:50.900000+01:00,9.0576171875
2019-12-10 18:34:51+01:00,9.0576171875
2019-12-10 18:34:51.100000+01:00,9.283447265625
2019-12-10 18:34:51.200000+01:00,9.283447265625
2019-12-10 18:34:51.300000+01:00,9.06982421875
2019-12-10 18:34:51.400000+01:00,9.06982421875
2019-12-10 18:34:51.500000+01:00,9.06982421875
2019-12-10 18:34:51.600000+01:00,8.9111328125
2019-12-10 18:34:51.700000+01:00,8.9111328125
2019-12-10 18:34:51.800000+01:00,8.9111328125
2019-12-10 18:34:51.900000+01:00,9.27734375
2019-12-10 18:34:52+01:00,9.27734375
2019-12-10 18:34:52.100000+01:00,8.59375
2019-12-10 18:34:52.200000+01:00,8.59375
2019-12-10 18:34:52.300000+01:00,8.59375
2019-12-10 18:34:52.400000+01:00,8.59375
2019-12-10 18:34:52.500000+01:00,8.59375
2019-12-10 18:34:52.600000+01:00,8.59375
2019-12-10 18:34:52.700000+01:00,13.519287109375
2019-12-10 18:34:52.800000+01:00,13.519287109375
2019-12-10 18:34:52.900000+01:00,10.516357421875
2019-12-10 18:34:53+01:00,10.516357421875
2019-12-10 18:34:53.100000+01:00,10.516357421875
2019-12-10 18:34:53.200000+01:00,10.491943359375
2019-12-10 18:34:53.300000+01:00,10.491943359375
2019-12-10 18:34:53.400000+01:00,10.467529296875
2019-12-10 18:34:53.500000+01:00,10.467529296875
2019-12-10 18:34:53.600000+01:00,10.467529296875
2019-12-10 18:34:53.700000+01:00,10.467529296875
2019-12-10 18:34:53.800000+01:00,10.455322265625
2019-12-10 18:34:53.900000+01:00,10.455322265625
2019-12-10 18:34:54+01:00,10.406494140625
2019-12-10 18:34:54.100000+01:00,10.406494140625
2019-12-10 18:34:54.200000+01:00,10.369873046875
2019-12-10 18:34:54.300000+01:00,10.369873046875
2019-12-10 18:34:54.400000+01:00,10.369873046875
2019-12-10 18:34:54.500000+01:00,10.491943359375
2019-12-10 18:34:54.600000+01:00,10.491943359375
2019-12-10 18:34:54.700000+01:00,10.467529296875
2019-12-10 18:34:54.800000+01:00,10.467529296875
2019-12-10 18:34:54.900000+01:00,10.455322265625
2019-12-10 18:34:55+01:00,10.455322265625
2019-12-10 18:34:55.100000+01:00,10.455322265625
2019-12-10 18:34:55.200000+01:00,10.455322265625
2019-12-10 18:34:55.300000+01:00,10.43701171875
2019-12-10 18:34:55.400000+01:00,10.43701171875
2019-12-10 18:34:55.500000+01:00,10.394287109375
2019-12-10 18:34:55.600000+01:00,10.394287109375
2019-12-10 18:34:55.700000+01:00,10.394287109375
2019-12-10 18:34:55.800000+01:00,10.394287109375
2019-12-10 18:34:55.900000+01:00,10.394287109375
2019-12-10 18:34:56+01:00,10.3515625
2019-12-10 18:34:56.100000+01:00,10.3515625
2019-12-10 18:34:56.200000+01:00,10.3515625
2019-12-10 18:34:56.300000+01:00,10.369873046875
2019-12-10 18:34:56.400000+01:00,10.369873046875
2019-12-10 18:34:56.500000+01:00,10.369873046875
2019-12-10 18:34:56.600000+01:00,10.345458984375
2019-12-10 18:34:56.700000+01:00,10.345458984375
2019-12-10 18:34:56.800000+01:00,10.345458984375
2019-12-10 18:34:56.900000+01:00,10.345458984375
2019-12-10 18:34:57+01:00,10.33935546875
2019-12-10 18:34:57.100000+01:00,10.33935546875
2019-12-10 18:34:57.200000+01:00,10.33935546875
2019-12-10 18:34:57.300000+01:00,10.3271484375
2019-12-10 18:34:57.400000+01:00,10.3271484375
2019-12-10 18:34:57.500000+01:00,10.3271484375
2019-12-10 18:34:57.600000+01:00,10.302734375
2019-12-10 18:34:57.700000+01:00,10.302734375
2019-12-10 18:34:57.800000+01:00,10.302734375
2019-12-10 18:34:57.900000+01:00,10.296630859375
2019-12-10 18:34:58+01:00,10.296630859375
2019-12-10 18:34:58.100000+01:00,10.308837890625
2019-12-10 18:34:58.200000+01:00,10.308837890625
2019-12-10 18:34:58.300000+01:00,10.406494140625
2019-12-10 18:34:58.400000+01:00,10.406494140625
2019-12-10 18:34:58.500000+01:00,10.406494140625
2019-12-10 18:34:58.600000+01:00,10.406494140625
2019-12-10 18:34:58.700000+01:00,10.3515625
2019-12-10 18:34:58.800000+01:00,10.3515625
2019-12-10 18:34:58.900000+01:00,10.382080078125
2019-12-10 18:34:59+01:00,10.382080078125
2019-12-10 18:34:59.100000+01:00,10.382080078125
2019-12-10 18:34:59.200000+01:00,10.400390625
2019-12-10 18:34:59.300000+01:00,10.400390625
2019-12-10 18:34:59.400000+01:00,10.333251953125
2019-12-10 18:34:59.500000+01:00,10.333251953125
2019-12-10 18:34:59.600000+01:00,10.25390625
2019-12-10 18:34:59.700000+01:00,10.25390625
2019-12-10 18:34:59.800000+01:00,10.25390625
2019-12-10 18:34:59.900000+01:00,10.25390625
2019-12-10 18:35:00+01:00,10.101318359375
2019-12-10 18:35:00.100000+01:00,10.101318359375
2019-12-10 18:35:00.200000+01:00,10.357666015625
2019-12-10 18:35:00.300000+01:00,10.357666015625
2019-12-10 18:35:00.400000+01:00,10.05859375
2019-12-10 18:35:00.500000+01:00,10.05859375
2019-12-10 18:35:00.600000+01:00,10.05859375
2019-12-10 18:35:00.700000+01:00,10.09521484375
2019-12-10 18:35:00.800000+01:00,10.09521484375
2019-12-10 18:35:00.900000+01:00,10.15625
2019-12-10 18:35:01+01:00,10.15625
2019-12-10 18:35:01.100000+01:00,10.15625
2019-12-10 18:35:01.200000+01:00,10.15625
2019-12-10 18:35:01.300000+01:00,10.150146484375
2019-12-10 18:35:01.400000+01:00,10.150146484375
2019-12-10 18:35:01.500000+01:00,10.11962890625
2019-12-10 18:35:01.600000+01:00,10.11962890625
2019-12-10 18:35:01.700000+01:00,10.107421875
2019-12-10 18:35:01.800000+01:00,10.107421875
2019-12-10 18:35:01.900000+01:00,10.107421875
2019-12-10 18:35:02+01:00,10.113525390625
2019-12-10 18:35:02.100000+01:00,10.113525390625
2019-12-10 18:35:02.200000+01:00,10.113525390625
2019-12-10 18:35:02.300000+01:00,10.107421875
2019-12-10 18:35:02.400000+01:00,10.107421875
2019-12-10 18:35:02.500000+01:00,10.09521484375
2019-12-10 18:35:02.600000+01:00,10.09521484375
2019-12-10 18:35:02.700000+01:00,10.09521484375
2019-12-10 18:35:02.800000+01:00,10.089111328125
2019-12-10 18:35:02.900000+01:00,10.089111328125
2019-12-10 18:35:03+01:00,10.113525390625
2019-12-10 18:35:03.100000+01:00,10.113525390625
2019-12-10 18:35:03.200000+01:00,10.113525390625
2019-12-10 18:35:03.300000+01:00,10.113525390625
2019-12-10 18:35:03.400000+01:00,10.089111328125
2019-12-10 18:35:03.500000+01:00,10.089111328125
2019-12-10 18:35:03.600000+01:00,10.345458984375
2019-12-10 18:35:03.700000+01:00,10.345458984375
2019-12-10 18:35:03.800000+01:00,10.55908203125
2019-12-10 18:35:03.900000+01:00,10.55908203125
2019-12-10 18:35:04+01:00,10.55908203125
2019-12-10 18:35:04.100000+01:00,10.595703125
2019-12-10 18:35:04.200000+01:00,10.595703125
2019-12-10 18:35:04.300000+01:00,10.498046875
2019-12-10 18:35:04.400000+01:00,10.498046875
2019-12-10 18:35:04.500000+01:00,10.498046875
2019-12-10 18:35:04.600000+01:00,10.498046875
2019-12-10 18:35:04.700000+01:00,10.4248046875
2019-12-10 18:35:04.800000+01:00,10.4248046875
2019-12-10 18:35:04.900000+01:00,10.41259765625
2019-12-10 18:35:05+01:00,10.41259765625
2019-12-10 18:35:05.100000+01:00,10.41259765625
2019-12-10 18:35:05.200000+01:00,10.41259765625
2019-12-10 18:35:05.300000+01:00,10.41259765625
2019-12-10 18:35:05.400000+01:00,10.41259765625
2019-12-10 18:35:05.500000+01:00,10.41259765625
2019-12-10 18:35:05.600000+01:00,10.418701171875
2019-12-10 18:35:05.700000+01:00,10.418701171875
2019-12-10 18:35:05.800000+01:00,10.418701171875
2019-12-10 18:35:05.900000+01:00,10.400390625
2019-12-10 18:35:06+01:00,10.400390625
2019-12-10 18:35:06.100000+01:00,10.400390625
2019-12-10 18:35:06.200000+01:00,10.4248046875
2019-12-10 18:35:06.300000+01:00,10.4248046875
2019-12-10 18:35:06.400000+01:00,10.418701171875
2019-12-10 18:35:06.500000+01:00,10.418701171875
2019-12-10 18:35:06.600000+01:00,10.418701171875
2019-12-10 18:35:06.700000+01:00,10.400390625
2019-12-10 18:35:06.800000+01:00,10.400390625
2019-12-10 18:35:06.900000+01:00,10.400390625
2019-12-10 18:35:07+01:00,10.400390625
2019-12-10 18:35:07.100000+01:00,10.400390625
2019-12-10 18:35:07.200000+01:00,10.41259765625
2019-12-10 18:35:07.300000+01:00,10.41259765625
2019-12-10 18:35:07.400000+01:00,10.41259765625
2019-12-10 18:35:07.500000+01:00,10.400390625
2019-12-10 18:35:07.600000+01:00,10.400390625
2019-12-10 18:35:07.700000+01:00,10.394287109375
2019-12-10 18:35:07.800000+01:00,10.394287109375
2019-12-10 18:35:07.900000+01:00,10.382080078125
2019-12-10 18:35:08+01:00,10.382080078125
2019-12-10 18:35:08.100000+01:00,10.382080078125
2019-12-10 18:35:08.200000+01:00,10.382080078125
2019-12-10 18:35:08.300000+01:00,10.382080078125
2019-12-10 18:35:08.400000+01:00,10.382080078125
2019-12-10 18:35:08.500000+01:00,10.3759765625
2019-12-10 18:35:08.600000+01:00,10.3759765625
2019-12-10 18:35:08.700000+01:00,10.3759765625
2019-12-10 18:35:08.800000+01:00,10.382080078125
2019-12-10 18:35:08.900000+01:00,10.382080078125
2019-12-10 18:35:09+01:00,10.406494140625
2019-12-10 18:35:09.100000+01:00,10.406494140625
2019-12-10 18:35:09.200000+01:00,10.406494140625
2019-12-10 18:35:09.300000+01:00,10.3759765625
2019-12-10 18:35:09.400000+01:00,10.3759765625
2019-12-10 18:35:09.500000+01:00,10.3759765625
2019-12-10 18:35:09.600000+01:00,10.369873046875
2019-12-10 18:35:09.700000+01:00,10.369873046875
2019-12-10 18:35:09.800000+01:00,10.382080078125
2019-12-10 18:35:09.900000+01:00,10.382080078125
2019-12-10 18:35:10+01:00,10.382080078125
2019-12-10 18:35:10.100000+01:00,9.906005859375
2019-12-10 18:35:10.200000+01:00,9.906005859375
2019-12-10 18:35:10.300000+01:00,9.991455078125
2019-12-10 18:35:10.400000+01:00,9.991455078125
2019-12-10 18:35:10.500000+01:00,9.991455078125
2019-12-10 18:35:10.600000+01:00,9.967041015625
2019-12-10 18:35:10.700000+01:00,9.967041015625
2019-12-10 18:35:10.800000+01:00,9.967041015625
2019-12-10 18:35:10.900000+01:00,10.09521484375
2019-12-10 18:35:11+01:00,10.09521484375
2019-12-10 18:35:11.100000+01:00,10.04638671875
2019-12-10 18:35:11.200000+01:00,10.04638671875
2019-12-10 18:35:11.300000+01:00,10.040283203125
2019-12-10 18:35:11.400000+01:00,10.040283203125
2019-12-10 18:35:11.500000+01:00,10.040283203125
2019-12-10 18:35:11.600000+01:00,10.040283203125
2019-12-10 18:35:11.700000+01:00,10.064697265625
2019-12-10 18:35:11.800000+01:00,10.064697265625
2019-12-10 18:35:11.900000+01:00,10.05859375
2019-12-10 18:35:12+01:00,10.05859375
2019-12-10 18:35:12.100000+01:00,10.05859375
2019-12-10 18:35:12.200000+01:00,10.05859375
2019-12-10 18:35:12.300000+01:00,10.05859375
2019-12-10 18:35:12.400000+01:00,10.052490234375
2019-12-10 18:35:12.500000+01:00,10.052490234375
2019-12-10 18:35:12.600000+01:00,10.05859375
2019-12-10 18:35:12.700000+01:00,10.05859375
2019-12-10 18:35:12.800000+01:00,10.05859375
2019-12-10 18:35:12.900000+01:00,10.05859375
2019-12-10 18:35:13+01:00,10.05859375
2019-12-10 18:35:13.100000+01:00,10.05859375
2019-12-10 18:35:13.200000+01:00,10.076904296875
2019-12-10 18:35:13.300000+01:00,10.076904296875
2019-12-10 18:35:13.400000+01:00,10.089111328125
2019-12-10 18:35:13.500000+01:00,10.089111328125
2019-12-10 18:35:13.600000+01:00,10.089111328125
2019-12-10 18:35:13.700000+01:00,10.07080078125
2019-12-10 18:35:13.800000+01:00,10.07080078125
2019-12-10 18:35:13.900000+01:00,10.064697265625
2019-12-10 18:35:14+01:00,10.064697265625
2019-12-10 18:35:14.100000+01:00,10.064697265625
2019-12-10 18:35:14.200000+01:00,10.064697265625
2019-12-10 18:35:14.300000+01:00,10.0830078125
2019-12-10 18:35:14.400000+01:00,10.0830078125
2019-12-10 18:35:14.500000+01:00,10.0830078125
2019-12-10 18:35:14.600000+01:00,10.0830078125
2019-12-10 18:35:14.700000+01:00,10.07080078125
2019-12-10 18:35:14.800000+01:00,10.07080078125
2019-12-10 18:35:14.900000+01:00,10.07080078125
2019-12-10 18:35:15+01:00,10.076904296875
2019-12-10 18:35:15.100000+01:00,10.076904296875
2019-12-10 18:35:15.200000+01:00,10.076904296875
2019-12-10 18:35:15.300000+01:00,10.089111328125
2019-12-10 18:35:15.400000+01:00,10.089111328125
2019-12-10 18:35:15.500000+01:00,10.052490234375
2019-12-10 18:35:15.600000+01:00,10.052490234375
2019-12-10 18:35:15.700000+01:00,10.052490234375
2019-12-10 18:35:15.800000+01:00,10.1806640625
2019-12-10 18:35:15.900000+01:00,10.1806640625
2019-12-10 18:35:16+01:00,10.2294921875
2019-12-10 18:35:16.100000+01:00,10.2294921875
2019-12-10 18:35:16.200000+01:00,10.2294921875
2019-12-10 18:35:16.300000+01:00,10.2294921875
2019-12-10 18:35:16.400000+01:00,10.19287109375
2019-12-10 18:35:16.500000+01:00,10.19287109375
2019-12-10 18:35:16.600000+01:00,10.1806640625
2019-12-10 18:35:16.700000+01:00,10.1806640625
2019-12-10 18:35:16.800000+01:00,10.107421875
2019-12-10 18:35:16.900000+01:00,10.107421875
2019-12-10 18:35:17+01:00,10.107421875
2019-12-10 18:35:17.100000+01:00,10.113525390625
2019-12-10 18:35:17.200000+01:00,10.113525390625
2019-12-10 18:35:17.300000+01:00,9.9853515625
2019-12-10 18:35:17.400000+01:00,9.9853515625
2019-12-10 18:35:17.500000+01:00,9.9853515625
2019-12-10 18:35:17.600000+01:00,9.9853515625
2019-12-10 18:35:17.700000+01:00,10.052490234375
2019-12-10 18:35:17.800000+01:00,10.052490234375
2019-12-10 18:35:17.900000+01:00,10.028076171875
2019-12-10 18:35:18+01:00,10.028076171875
2019-12-10 18:35:18.100000+01:00,10.064697265625
2019-12-10 18:35:18.200000+01:00,10.064697265625
2019-12-10 18:35:18.300000+01:00,10.064697265625
2019-12-10 18:35:18.400000+01:00,10.040283203125
2019-12-10 18:35:18.500000+01:00,10.040283203125
2019-12-10 18:35:18.600000+01:00,10.05859375
2019-12-10 18:35:18.700000+01:00,10.05859375
2019-12-10 18:35:18.800000+01:00,10.05859375
2019-12-10 18:35:18.900000+01:00,9.92431640625
2019-12-10 18:35:19+01:00,9.92431640625
2019-12-10 18:35:19.100000+01:00,9.92431640625
2019-12-10 18:35:19.200000+01:00,9.912109375
2019-12-10 18:35:19.300000+01:00,9.912109375
2019-12-10 18:35:19.400000+01:00,3.851318359375
2019-12-10 18:35:19.500000+01:00,3.851318359375
2019-12-10 18:35:19.600000+01:00,3.851318359375
2019-12-10 18:35:19.700000+01:00,1.397705078125
2019-12-10 18:35:19.800000+01:00,1.397705078125
2019-12-10 18:35:19.900000+01:00,1.397705078125
2019-12-10 18:35:20+01:00,4.266357421875
2019-12-10 18:35:20.100000+01:00,4.266357421875
2019-12-10 18:35:20.200000+01:00,4.229736328125
2019-12-10 18:35:20.300000+01:00,4.229736328125
2019-12-10 18:35:20.400000+01:00,4.229736328125
2019-12-10 18:35:20.500000+01:00,4.23583984375
2019-12-10 18:35:20.600000+01:00,4.23583984375
2019-12-10 18:35:20.700000+01:00,4.278564453125
2019-12-10 18:35:20.800000+01:00,4.278564453125
2019-12-10 18:35:20.900000+01:00,4.296875
2019-12-10 18:35:21+01:00,4.296875
2019-12-10 18:35:21.100000+01:00,4.296875
2019-12-10 18:35:21.200000+01:00,4.296875
2019-12-10 18:35:21.300000+01:00,4.30908203125
2019-12-10 18:35:21.400000+01:00,4.30908203125
2019-12-10 18:35:21.500000+01:00,4.315185546875
2019-12-10 18:35:21.600000+01:00,4.315185546875
2019-12-10 18:35:21.700000+01:00,4.315185546875
2019-12-10 18:35:21.800000+01:00,4.351806640625
2019-12-10 18:35:21.900000+01:00,4.351806640625
2019-12-10 18:35:22+01:00,4.35791015625
2019-12-10 18:35:22.100000+01:00,4.35791015625
2019-12-10 18:35:22.200000+01:00,4.742431640625
2019-12-10 18:35:22.300000+01:00,4.742431640625
2019-12-10 18:35:22.400000+01:00,4.742431640625
2019-12-10 18:35:22.500000+01:00,4.742431640625
2019-12-10 18:35:22.600000+01:00,6.0546875
2019-12-10 18:35:22.700000+01:00,6.0546875
2019-12-10 18:35:22.800000+01:00,6.09130859375
2019-12-10 18:35:22.900000+01:00,6.09130859375
2019-12-10 18:35:23+01:00,6.09130859375
2019-12-10 18:35:23.100000+01:00,6.109619140625
2019-12-10 18:35:23.200000+01:00,6.109619140625
2019-12-10 18:35:23.300000+01:00,6.146240234375
2019-12-10 18:35:23.400000+01:00,6.146240234375
2019-12-10 18:35:23.500000+01:00,6.146240234375
2019-12-10 18:35:23.600000+01:00,6.219482421875
2019-12-10 18:35:23.700000+01:00,6.219482421875
2019-12-10 18:35:23.800000+01:00,6.219482421875
2019-12-10 18:35:23.900000+01:00,6.304931640625
2019-12-10 18:35:24+01:00,6.304931640625
2019-12-10 18:35:24.100000+01:00,6.3720703125
2019-12-10 18:35:24.200000+01:00,6.3720703125
2019-12-10 18:35:24.300000+01:00,6.3720703125
2019-12-10 18:35:24.400000+01:00,6.3720703125
2019-12-10 18:35:24.500000+01:00,6.3720703125
2019-12-10 18:35:24.600000+01:00,6.390380859375
2019-12-10 18:35:24.700000+01:00,6.390380859375
2019-12-10 18:35:24.800000+01:00,6.390380859375
2019-12-10 18:35:24.900000+01:00,6.3720703125
2019-12-10 18:35:25+01:00,6.3720703125
2019-12-10 18:35:25.100000+01:00,6.3720703125
2019-12-10 18:35:25.200000+01:00,6.353759765625
2019-12-10 18:35:25.300000+01:00,6.353759765625
2019-12-10 18:35:25.400000+01:00,4.5166015625
2019-12-10 18:35:25.500000+01:00,4.5166015625
2019-12-10 18:35:25.600000+01:00,4.510498046875
2019-12-10 18:35:25.700000+01:00,4.510498046875
2019-12-10 18:35:25.800000+01:00,4.510498046875
2019-12-10 18:35:25.900000+01:00,4.510498046875
2019-12-10 18:35:26+01:00,4.534912109375
2019-12-10 18:35:26.100000+01:00,4.534912109375
2019-12-10 18:35:26.200000+01:00,4.541015625
2019-12-10 18:35:26.300000+01:00,4.541015625
2019-12-10 18:35:26.400000+01:00,4.5654296875
2019-12-10 18:35:26.500000+01:00,4.5654296875
2019-12-10 18:35:26.600000+01:00,4.5654296875
2019-12-10 18:35:26.700000+01:00,4.55322265625
2019-12-10 18:35:26.800000+01:00,4.55322265625
2019-12-10 18:35:26.900000+01:00,4.57763671875
2019-12-10 18:35:27+01:00,4.57763671875
2019-12-10 18:35:27.100000+01:00,4.57763671875
2019-12-10 18:35:27.200000+01:00,4.57763671875
2019-12-10 18:35:27.300000+01:00,4.58984375
2019-12-10 18:35:27.400000+01:00,4.58984375
2019-12-10 18:35:27.500000+01:00,4.571533203125
2019-12-10 18:35:27.600000+01:00,4.571533203125
2019-12-10 18:35:27.700000+01:00,4.58984375
2019-12-10 18:35:27.800000+01:00,4.58984375
2019-12-10 18:35:27.900000+01:00,4.58984375
2019-12-10 18:35:28+01:00,4.595947265625
2019-12-10 18:35:28.100000+01:00,4.595947265625
2019-12-10 18:35:28.200000+01:00,4.595947265625
2019-12-10 18:35:28.300000+01:00,4.583740234375
2019-12-10 18:35:28.400000+01:00,4.583740234375
2019-12-10 18:35:28.500000+01:00,4.583740234375
2019-12-10 18:35:28.600000+01:00,4.60205078125
2019-12-10 18:35:28.700000+01:00,4.60205078125
2019-12-10 18:35:28.800000+01:00,4.6142578125
2019-12-10 18:35:28.900000+01:00,4.6142578125
2019-12-10 18:35:29+01:00,4.620361328125
2019-12-10 18:35:29.100000+01:00,4.620361328125
2019-12-10 18:35:29.200000+01:00,4.620361328125
2019-12-10 18:35:29.300000+01:00,4.620361328125
2019-12-10 18:35:29.400000+01:00,4.620361328125
2019-12-10 18:35:29.500000+01:00,4.620361328125
2019-12-10 18:35:29.600000+01:00,4.62646484375
2019-12-10 18:35:29.700000+01:00,4.62646484375
2019-12-10 18:35:29.800000+01:00,4.644775390625
2019-12-10 18:35:29.900000+01:00,4.644775390625
2019-12-10 18:35:30+01:00,4.644775390625
2019-12-10 18:35:30.100000+01:00,4.632568359375
2019-12-10 18:35:30.200000+01:00,4.632568359375
2019-12-10 18:35:30.300000+01:00,4.638671875
2019-12-10 18:35:30.400000+01:00,4.638671875
2019-12-10 18:35:30.500000+01:00,4.638671875
2019-12-10 18:35:30.600000+01:00,4.638671875
2019-12-10 18:35:30.700000+01:00,4.669189453125
2019-12-10 18:35:30.800000+01:00,4.669189453125
2019-12-10 18:35:30.900000+01:00,6.488037109375
2019-12-10 18:35:31+01:00,6.488037109375
2019-12-10 18:35:31.100000+01:00,6.512451171875
2019-12-10 18:35:31.200000+01:00,6.512451171875
2019-12-10 18:35:31.300000+01:00,6.512451171875
2019-12-10 18:35:31.400000+01:00,6.50634765625
2019-12-10 18:35:31.500000+01:00,6.50634765625
2019-12-10 18:35:31.600000+01:00,6.48193359375
2019-12-10 18:35:31.700000+01:00,6.48193359375
2019-12-10 18:35:31.800000+01:00,6.48193359375
2019-12-10 18:35:31.900000+01:00,6.48193359375
2019-12-10 18:35:32+01:00,6.48193359375
2019-12-10 18:35:32.100000+01:00,6.48193359375
2019-12-10 18:35:32.200000+01:00,6.4697265625
2019-12-10 18:35:32.300000+01:00,6.4697265625
2019-12-10 18:35:32.400000+01:00,6.463623046875
2019-12-10 18:35:32.500000+01:00,6.463623046875
2019-12-10 18:35:32.600000+01:00,6.463623046875
2019-12-10 18:35:32.700000+01:00,6.463623046875
2019-12-10 18:35:32.800000+01:00,6.463623046875
2019-12-10 18:35:32.900000+01:00,6.4697265625
2019-12-10 18:35:33+01:00,6.4697265625
2019-12-10 18:35:33.100000+01:00,6.4697265625
2019-12-10 18:35:33.200000+01:00,6.48193359375
2019-12-10 18:35:33.300000+01:00,6.48193359375
2019-12-10 18:35:33.400000+01:00,6.48193359375
2019-12-10 18:35:33.500000+01:00,6.4697265625
2019-12-10 18:35:33.600000+01:00,6.4697265625
2019-12-10 18:35:33.700000+01:00,6.48193359375
2019-12-10 18:35:33.800000+01:00,6.48193359375
2019-12-10 18:35:33.900000+01:00,6.48193359375
2019-12-10 18:35:34+01:00,5.743408203125
2019-12-10 18:35:34.100000+01:00,5.743408203125
2019-12-10 18:35:34.200000+01:00,5.743408203125
2019-12-10 18:35:34.300000+01:00,4.47998046875
2019-12-10 18:35:34.400000+01:00,4.47998046875
2019-12-10 18:35:34.500000+01:00,4.4921875
2019-12-10 18:35:34.600000+01:00,4.4921875
2019-12-10 18:35:34.700000+01:00,4.4921875
2019-12-10 18:35:34.800000+01:00,4.5166015625
2019-12-10 18:35:34.900000+01:00,4.5166015625
2019-12-10 18:35:35+01:00,4.52880859375
2019-12-10 18:35:35.100000+01:00,4.52880859375
2019-12-10 18:35:35.200000+01:00,4.52880859375
2019-12-10 18:35:35.300000+01:00,4.52880859375
2019-12-10 18:35:35.400000+01:00,4.52880859375
2019-12-10 18:35:35.500000+01:00,4.52880859375
2019-12-10 18:35:35.600000+01:00,4.541015625
2019-12-10 18:35:35.700000+01:00,4.541015625
2019-12-10 18:35:35.800000+01:00,4.534912109375
2019-12-10 18:35:35.900000+01:00,4.534912109375
2019-12-10 18:35:36+01:00,4.534912109375
2019-12-10 18:35:36.100000+01:00,4.547119140625
2019-12-10 18:35:36.200000+01:00,4.547119140625
2019-12-10 18:35:36.300000+01:00,4.547119140625
2019-12-10 18:35:36.400000+01:00,4.547119140625
2019-12-10 18:35:36.500000+01:00,4.547119140625
2019-12-10 18:35:36.600000+01:00,4.55322265625
2019-12-10 18:35:36.700000+01:00,4.55322265625
2019-12-10 18:35:36.800000+01:00,4.55322265625
2019-12-10 18:35:36.900000+01:00,4.5654296875
2019-12-10 18:35:37+01:00,4.5654296875
2019-12-10 18:35:37.100000+01:00,4.55322265625
2019-12-10 18:35:37.200000+01:00,4.55322265625
2019-12-10 18:35:37.300000+01:00,4.57763671875
2019-12-10 18:35:37.400000+01:00,4.57763671875
2019-12-10 18:35:37.500000+01:00,4.57763671875
2019-12-10 18:35:37.600000+01:00,4.57763671875
2019-12-10 18:35:37.700000+01:00,4.57763671875
2019-12-10 18:35:37.800000+01:00,4.57763671875
2019-12-10 18:35:37.900000+01:00,4.57763671875
2019-12-10 18:35:38+01:00,4.57763671875
2019-12-10 18:35:38.100000+01:00,4.57763671875
2019-12-10 18:35:38.200000+01:00,4.583740234375
2019-12-10 18:35:38.300000+01:00,4.583740234375
2019-12-10 18:35:38.400000+01:00,4.57763671875
2019-12-10 18:35:38.500000+01:00,4.57763671875
2019-12-10 18:35:38.600000+01:00,4.60205078125
2019-12-10 18:35:38.700000+01:00,4.60205078125
2019-12-10 18:35:38.800000+01:00,4.60205078125
2019-12-10 18:35:38.900000+01:00,4.60205078125
2019-12-10 18:35:39+01:00,4.58984375
2019-12-10 18:35:39.100000+01:00,4.58984375
2019-12-10 18:35:39.200000+01:00,4.608154296875
2019-12-10 18:35:39.300000+01:00,4.608154296875
2019-12-10 18:35:39.400000+01:00,4.608154296875
2019-12-10 18:35:39.500000+01:00,4.766845703125
2019-12-10 18:35:39.600000+01:00,4.766845703125
2019-12-10 18:35:39.700000+01:00,4.644775390625
2019-12-10 18:35:39.800000+01:00,4.644775390625
2019-12-10 18:35:39.900000+01:00,4.638671875
2019-12-10 18:35:40+01:00,4.638671875
2019-12-10 18:35:40.100000+01:00,4.638671875
2019-12-10 18:35:40.200000+01:00,4.638671875
2019-12-10 18:35:40.300000+01:00,4.65087890625
2019-12-10 18:35:40.400000+01:00,4.65087890625
2019-12-10 18:35:40.500000+01:00,4.644775390625
2019-12-10 18:35:40.600000+01:00,4.644775390625
2019-12-10 18:35:40.700000+01:00,4.644775390625
2019-12-10 18:35:40.800000+01:00,4.644775390625
2019-12-10 18:35:40.900000+01:00,4.644775390625
2019-12-10 18:35:41+01:00,4.65087890625
2019-12-10 18:35:41.100000+01:00,4.65087890625
2019-12-10 18:35:41.200000+01:00,4.65087890625
2019-12-10 18:35:41.300000+01:00,4.656982421875
2019-12-10 18:35:41.400000+01:00,4.656982421875
2019-12-10 18:35:41.500000+01:00,4.656982421875
2019-12-10 18:35:41.600000+01:00,4.644775390625
2019-12-10 18:35:41.700000+01:00,4.644775390625
2019-12-10 18:35:41.800000+01:00,4.638671875
2019-12-10 18:35:41.900000+01:00,4.638671875
2019-12-10 18:35:42+01:00,4.6630859375
2019-12-10 18:35:42.100000+01:00,4.6630859375
2019-12-10 18:35:42.200000+01:00,4.6630859375
2019-12-10 18:35:42.300000+01:00,4.6630859375
2019-12-10 18:35:42.400000+01:00,4.6630859375
2019-12-10 18:35:42.500000+01:00,4.6630859375
2019-12-10 18:35:42.600000+01:00,4.6630859375
2019-12-10 18:35:42.700000+01:00,4.6630859375
2019-12-10 18:35:42.800000+01:00,4.67529296875
2019-12-10 18:35:42.900000+01:00,4.67529296875
2019-12-10 18:35:43+01:00,4.67529296875
2019-12-10 18:35:43.100000+01:00,4.6630859375
2019-12-10 18:35:43.200000+01:00,4.6630859375
2019-12-10 18:35:43.300000+01:00,4.656982421875
2019-12-10 18:35:43.400000+01:00,4.656982421875
2019-12-10 18:35:43.500000+01:00,4.656982421875
2019-12-10 18:35:43.600000+01:00,4.656982421875
2019-12-10 18:35:43.700000+01:00,4.6630859375
2019-12-10 18:35:43.800000+01:00,4.6630859375
2019-12-10 18:35:43.900000+01:00,4.791259765625
2019-12-10 18:35:44+01:00,4.791259765625
2019-12-10 18:35:44.100000+01:00,4.803466796875
2019-12-10 18:35:44.200000+01:00,4.803466796875
2019-12-10 18:35:44.300000+01:00,4.803466796875
2019-12-10 18:35:44.400000+01:00,4.8095703125
2019-12-10 18:35:44.500000+01:00,4.8095703125
2019-12-10 18:35:44.600000+01:00,4.840087890625
2019-12-10 18:35:44.700000+01:00,4.840087890625
2019-12-10 18:35:44.800000+01:00,4.840087890625
2019-12-10 18:35:44.900000+01:00,4.833984375
2019-12-10 18:35:45+01:00,4.833984375
2019-12-10 18:35:45.100000+01:00,4.833984375
2019-12-10 18:35:45.200000+01:00,4.82177734375
2019-12-10 18:35:45.300000+01:00,4.82177734375
2019-12-10 18:35:45.400000+01:00,4.815673828125
2019-12-10 18:35:45.500000+01:00,4.815673828125
2019-12-10 18:35:45.600000+01:00,4.815673828125
2019-12-10 18:35:45.700000+01:00,4.82177734375
2019-12-10 18:35:45.800000+01:00,4.82177734375
2019-12-10 18:35:45.900000+01:00,4.82177734375
2019-12-10 18:35:46+01:00,4.815673828125
2019-12-10 18:35:46.100000+01:00,4.815673828125
2019-12-10 18:35:46.200000+01:00,4.827880859375
2019-12-10 18:35:46.300000+01:00,4.827880859375
2019-12-10 18:35:46.400000+01:00,4.827880859375
2019-12-10 18:35:46.500000+01:00,4.79736328125
2019-12-10 18:35:46.600000+01:00,4.79736328125
2019-12-10 18:35:46.700000+01:00,4.8095703125
2019-12-10 18:35:46.800000+01:00,4.8095703125
2019-12-10 18:35:46.900000+01:00,4.8095703125
2019-12-10 18:35:47+01:00,4.82177734375
2019-12-10 18:35:47.100000+01:00,4.82177734375
2019-12-10 18:35:47.200000+01:00,4.82177734375
2019-12-10 18:35:47.300000+01:00,4.79736328125
2019-12-10 18:35:47.400000+01:00,4.79736328125
2019-12-10 18:35:47.500000+01:00,4.803466796875
2019-12-10 18:35:47.600000+01:00,4.803466796875
2019-12-10 18:35:47.700000+01:00,4.803466796875
2019-12-10 18:35:47.800000+01:00,4.779052734375
2019-12-10 18:35:47.900000+01:00,4.779052734375
2019-12-10 18:35:48+01:00,4.77294921875
2019-12-10 18:35:48.100000+01:00,4.77294921875
2019-12-10 18:35:48.200000+01:00,4.77294921875
2019-12-10 18:35:48.300000+01:00,4.77294921875
2019-12-10 18:35:48.400000+01:00,4.77294921875
2019-12-10 18:35:48.500000+01:00,4.77294921875
2019-12-10 18:35:48.600000+01:00,4.77294921875
2019-12-10 18:35:48.700000+01:00,4.77294921875
2019-12-10 18:35:48.800000+01:00,4.779052734375
2019-12-10 18:35:48.900000+01:00,4.779052734375
2019-12-10 18:35:49+01:00,4.779052734375
2019-12-10 18:35:49.100000+01:00,4.77294921875
2019-12-10 18:35:49.200000+01:00,4.77294921875
2019-12-10 18:35:49.300000+01:00,4.766845703125
2019-12-10 18:35:49.400000+01:00,4.766845703125
2019-12-10 18:35:49.500000+01:00,4.766845703125
2019-12-10 18:35:49.600000+01:00,4.78515625
2019-12-10 18:35:49.700000+01:00,4.78515625
2019-12-10 18:35:49.800000+01:00,4.78515625
2019-12-10 18:35:49.900000+01:00,4.754638671875
2019-12-10 18:35:50+01:00,4.754638671875
2019-12-10 18:35:50.100000+01:00,4.78515625
2019-12-10 18:35:50.200000+01:00,4.78515625
2019-12-10 18:35:50.300000+01:00,4.779052734375
2019-12-10 18:35:50.400000+01:00,4.779052734375
2019-12-10 18:35:50.500000+01:00,4.779052734375
2019-12-10 18:35:50.600000+01:00,4.791259765625
2019-12-10 18:35:50.700000+01:00,4.791259765625
2019-12-10 18:35:50.800000+01:00,4.791259765625
2019-12-10 18:35:50.900000+01:00,4.791259765625
2019-12-10 18:35:51+01:00,4.791259765625
2019-12-10 18:35:51.100000+01:00,4.791259765625
2019-12-10 18:35:51.200000+01:00,4.79736328125
2019-12-10 18:35:51.300000+01:00,4.79736328125
2019-12-10 18:35:51.400000+01:00,4.791259765625
2019-12-10 18:35:51.500000+01:00,4.791259765625
2019-12-10 18:35:51.600000+01:00,4.803466796875
2019-12-10 18:35:51.700000+01:00,4.803466796875
2019-12-10 18:35:51.800000+01:00,4.803466796875
2019-12-10 18:35:51.900000+01:00,4.803466796875
2019-12-10 18:35:52+01:00,4.78515625
2019-12-10 18:35:52.100000+01:00,4.78515625
2019-12-10 18:35:52.200000+01:00,4.791259765625
2019-12-10 18:35:52.300000+01:00,4.791259765625
2019-12-10 18:35:52.400000+01:00,4.791259765625
2019-12-10 18:35:52.500000+01:00,4.815673828125
2019-12-10 18:35:52.600000+01:00,4.815673828125
2019-12-10 18:35:52.700000+01:00,4.803466796875
2019-12-10 18:35:52.800000+01:00,4.803466796875
2019-12-10 18:35:52.900000+01:00,4.803466796875
2019-12-10 18:35:53+01:00,4.803466796875
2019-12-10 18:35:53.100000+01:00,4.803466796875
2019-12-10 18:35:53.200000+01:00,4.803466796875
2019-12-10 18:35:53.300000+01:00,4.803466796875
2019-12-10 18:35:53.400000+01:00,4.803466796875
2019-12-10 18:35:53.500000+01:00,4.803466796875
2019-12-10 18:35:53.600000+01:00,4.803466796875
2019-12-10 18:35:53.700000+01:00,4.8095703125
2019-12-10 18:35:53.800000+01:00,4.8095703125
2019-12-10 18:35:53.900000+01:00,4.8095703125
2019-12-10 18:35:54+01:00,4.803466796875
2019-12-10 18:35:54.100000+01:00,4.803466796875
2019-12-10 18:35:54.200000+01:00,4.79736328125
2019-12-10 18:35:54.300000+01:00,4.79736328125
2019-12-10 18:35:54.400000+01:00,4.79736328125
2019-12-10 18:35:54.500000+01:00,4.79736328125
2019-12-10 18:35:54.600000+01:00,4.8095703125
2019-12-10 18:35:54.700000+01:00,4.8095703125
2019-12-10 18:35:54.800000+01:00,4.8095703125
2019-12-10 18:35:54.900000+01:00,4.8095703125
2019-12-10 18:35:55+01:00,4.815673828125
2019-12-10 18:35:55.100000+01:00,4.815673828125
2019-12-10 18:35:55.200000+01:00,4.815673828125
2019-12-10 18:35:55.300000+01:00,4.82177734375
2019-12-10 18:35:55.400000+01:00,4.82177734375
2019-12-10 18:35:55.500000+01:00,4.82177734375
2019-12-10 18:35:55.600000+01:00,4.803466796875
2019-12-10 18:35:55.700000+01:00,4.803466796875
2019-12-10 18:35:55.800000+01:00,4.815673828125
2019-12-10 18:35:55.900000+01:00,4.815673828125
2019-12-10 18:35:56+01:00,4.815673828125
2019-12-10 18:35:56.100000+01:00,4.8095703125
2019-12-10 18:35:56.200000+01:00,4.8095703125
2019-12-10 18:35:56.300000+01:00,5.645751953125
2019-12-10 18:35:56.400000+01:00,5.645751953125
2019-12-10 18:35:56.500000+01:00,5.645751953125
2019-12-10 18:35:56.600000+01:00,6.439208984375
2019-12-10 18:35:56.700000+01:00,6.439208984375
2019-12-10 18:35:56.800000+01:00,6.439208984375
2019-12-10 18:35:56.900000+01:00,4.82177734375
2019-12-10 18:35:57+01:00,4.82177734375
2019-12-10 18:35:57.100000+01:00,4.779052734375
2019-12-10 18:35:57.200000+01:00,4.779052734375
2019-12-10 18:35:57.300000+01:00,4.779052734375
2019-12-10 18:35:57.400000+01:00,4.79736328125
2019-12-10 18:35:57.500000+01:00,4.79736328125
2019-12-10 18:35:57.600000+01:00,4.827880859375
2019-12-10 18:35:57.700000+01:00,4.827880859375
2019-12-10 18:35:57.800000+01:00,4.827880859375
2019-12-10 18:35:57.900000+01:00,4.827880859375
2019-12-10 18:35:58+01:00,4.827880859375
2019-12-10 18:35:58.100000+01:00,4.827880859375
2019-12-10 18:35:58.200000+01:00,4.827880859375
2019-12-10 18:35:58.300000+01:00,4.827880859375
2019-12-10 18:35:58.400000+01:00,4.84619140625
2019-12-10 18:35:58.500000+01:00,4.84619140625
2019-12-10 18:35:58.600000+01:00,4.84619140625
2019-12-10 18:35:58.700000+01:00,4.84619140625
2019-12-10 18:35:58.800000+01:00,4.84619140625
2019-12-10 18:35:58.900000+01:00,4.852294921875
2019-12-10 18:35:59+01:00,4.852294921875
2019-12-10 18:35:59.100000+01:00,4.852294921875
2019-12-10 18:35:59.200000+01:00,4.840087890625
2019-12-10 18:35:59.300000+01:00,4.840087890625
2019-12-10 18:35:59.400000+01:00,4.840087890625
2019-12-10 18:35:59.500000+01:00,4.84619140625
2019-12-10 18:35:59.600000+01:00,4.84619140625
2019-12-10 18:35:59.700000+01:00,4.864501953125
2019-12-10 18:35:59.800000+01:00,4.864501953125
2019-12-10 18:35:59.900000+01:00,4.864501953125
2019-12-10 18:36:00+01:00,4.833984375
2019-12-10 18:36:00.100000+01:00,4.833984375
2019-12-10 18:36:00.200000+01:00,4.833984375
2019-12-10 18:36:00.300000+01:00,4.852294921875
2019-12-10 18:36:00.400000+01:00,4.852294921875
2019-12-10 18:36:00.500000+01:00,4.827880859375
2019-12-10 18:36:00.600000+01:00,4.827880859375
2019-12-10 18:36:00.700000+01:00,4.827880859375
2019-12-10 18:36:00.800000+01:00,4.84619140625
2019-12-10 18:36:00.900000+01:00,4.84619140625
2019-12-10 18:36:01+01:00,4.833984375
2019-12-10 18:36:01.100000+01:00,4.833984375
2019-12-10 18:36:01.200000+01:00,4.852294921875
2019-12-10 18:36:01.300000+01:00,4.852294921875
2019-12-10 18:36:01.400000+01:00,4.852294921875
2019-12-10 18:36:01.500000+01:00,4.852294921875
2019-12-10 18:36:01.600000+01:00,4.833984375
2019-12-10 18:36:01.700000+01:00,4.833984375
2019-12-10 18:36:01.800000+01:00,4.8583984375
2019-12-10 18:36:01.900000+01:00,4.8583984375
2019-12-10 18:36:02+01:00,4.8583984375
2019-12-10 18:36:02.100000+01:00,4.840087890625
2019-12-10 18:36:02.200000+01:00,4.840087890625
2019-12-10 18:36:02.300000+01:00,4.840087890625
2019-12-10 18:36:02.400000+01:00,4.840087890625
2019-12-10 18:36:02.500000+01:00,4.833984375
2019-12-10 18:36:02.600000+01:00,4.833984375
2019-12-10 18:36:02.700000+01:00,4.833984375
2019-12-10 18:36:02.800000+01:00,4.833984375
2019-12-10 18:36:02.900000+01:00,4.852294921875
2019-12-10 18:36:03+01:00,4.852294921875
2019-12-10 18:36:03.100000+01:00,4.852294921875
2019-12-10 18:36:03.200000+01:00,4.852294921875
2019-12-10 18:36:03.300000+01:00,4.852294921875
2019-12-10 18:36:03.400000+01:00,4.864501953125
2019-12-10 18:36:03.500000+01:00,4.864501953125
2019-12-10 18:36:03.600000+01:00,4.852294921875
2019-12-10 18:36:03.700000+01:00,4.852294921875
2019-12-10 18:36:03.800000+01:00,4.852294921875
2019-12-10 18:36:03.900000+01:00,4.8583984375
2019-12-10 18:36:04+01:00,4.8583984375
2019-12-10 18:36:04.100000+01:00,4.8583984375
2019-12-10 18:36:04.200000+01:00,4.8583984375
2019-12-10 18:36:04.300000+01:00,4.8583984375
2019-12-10 18:36:04.400000+01:00,4.8583984375
2019-12-10 18:36:04.500000+01:00,4.8583984375
2019-12-10 18:36:04.600000+01:00,4.864501953125
2019-12-10 18:36:04.700000+01:00,4.864501953125
2019-12-10 18:36:04.800000+01:00,4.864501953125
2019-12-10 18:36:04.900000+01:00,4.864501953125
2019-12-10 18:36:05+01:00,4.864501953125
2019-12-10 18:36:05.100000+01:00,4.864501953125
2019-12-10 18:36:05.200000+01:00,4.84619140625
2019-12-10 18:36:05.300000+01:00,4.84619140625
2019-12-10 18:36:05.400000+01:00,4.84619140625
2019-12-10 18:36:05.500000+01:00,4.864501953125
2019-12-10 18:36:05.600000+01:00,4.864501953125
2019-12-10 18:36:05.700000+01:00,4.87060546875
2019-12-10 18:36:05.800000+01:00,4.87060546875
2019-12-10 18:36:05.900000+01:00,4.8583984375
2019-12-10 18:36:06+01:00,4.8583984375
2019-12-10 18:36:06.100000+01:00,4.8583984375
2019-12-10 18:36:06.200000+01:00,4.8583984375
2019-12-10 18:36:06.300000+01:00,4.876708984375
2019-12-10 18:36:06.400000+01:00,4.876708984375
2019-12-10 18:36:06.500000+01:00,4.803466796875
2019-12-10 18:36:06.600000+01:00,4.803466796875
2019-12-10 18:36:06.700000+01:00,4.876708984375
2019-12-10 18:36:06.800000+01:00,4.876708984375
2019-12-10 18:36:06.900000+01:00,4.876708984375
2019-12-10 18:36:07+01:00,4.98046875
2019-12-10 18:36:07.100000+01:00,4.98046875
2019-12-10 18:36:07.200000+01:00,4.962158203125
2019-12-10 18:36:07.300000+01:00,4.962158203125
2019-12-10 18:36:07.400000+01:00,4.962158203125
2019-12-10 18:36:07.500000+01:00,4.962158203125
2019-12-10 18:36:07.600000+01:00,4.96826171875
2019-12-10 18:36:07.700000+01:00,4.96826171875
2019-12-10 18:36:07.800000+01:00,5.09033203125
2019-12-10 18:36:07.900000+01:00,5.09033203125
2019-12-10 18:36:08+01:00,5.33447265625
2019-12-10 18:36:08.100000+01:00,5.33447265625
2019-12-10 18:36:08.200000+01:00,5.33447265625
2019-12-10 18:36:08.300000+01:00,10.601806640625
2019-12-10 18:36:08.400000+01:00,10.601806640625
2019-12-10 18:36:08.500000+01:00,10.601806640625
2019-12-10 18:36:08.600000+01:00,13.0615234375
2019-12-10 18:36:08.700000+01:00,13.0615234375
2019-12-10 18:36:08.800000+01:00,13.0615234375
2019-12-10 18:36:08.900000+01:00,10.3515625
2019-12-10 18:36:09+01:00,10.3515625
2019-12-10 18:36:09.100000+01:00,10.528564453125
2019-12-10 18:36:09.200000+01:00,10.528564453125
2019-12-10 18:36:09.300000+01:00,10.51025390625
2019-12-10 18:36:09.400000+01:00,10.51025390625
2019-12-10 18:36:09.500000+01:00,10.51025390625
2019-12-10 18:36:09.600000+01:00,10.4736328125
2019-12-10 18:36:09.700000+01:00,10.4736328125
2019-12-10 18:36:09.800000+01:00,10.4736328125
2019-12-10 18:36:09.900000+01:00,10.4248046875
2019-12-10 18:36:10+01:00,10.4248046875
2019-12-10 18:36:10.100000+01:00,10.38818359375
2019-12-10 18:36:10.200000+01:00,10.38818359375
2019-12-10 18:36:10.300000+01:00,10.38818359375
2019-12-10 18:36:10.400000+01:00,10.36376953125
2019-12-10 18:36:10.500000+01:00,10.36376953125
2019-12-10 18:36:10.600000+01:00,10.345458984375
2019-12-10 18:36:10.700000+01:00,10.345458984375
2019-12-10 18:36:10.800000+01:00,10.345458984375
2019-12-10 18:36:10.900000+01:00,10.345458984375
2019-12-10 18:36:11+01:00,10.3271484375
2019-12-10 18:36:11.100000+01:00,10.3271484375
2019-12-10 18:36:11.200000+01:00,12.68310546875
2019-12-10 18:36:11.300000+01:00,12.68310546875
2019-12-10 18:36:11.400000+01:00,13.0859375
2019-12-10 18:36:11.500000+01:00,13.0859375
2019-12-10 18:36:11.600000+01:00,13.0859375
2019-12-10 18:36:11.700000+01:00,14.09912109375
2019-12-10 18:36:11.800000+01:00,14.09912109375
2019-12-10 18:36:11.900000+01:00,14.46533203125
2019-12-10 18:36:12+01:00,14.46533203125
2019-12-10 18:36:12.100000+01:00,14.46533203125
2019-12-10 18:36:12.200000+01:00,14.75830078125
2019-12-10 18:36:12.300000+01:00,14.75830078125
2019-12-10 18:36:12.400000+01:00,14.75830078125
2019-12-10 18:36:12.500000+01:00,14.84375
2019-12-10 18:36:12.600000+01:00,14.84375
2019-12-10 18:36:12.700000+01:00,14.84375
2019-12-10 18:36:12.800000+01:00,14.84375
2019-12-10 18:36:12.900000+01:00,14.84375
2019-12-10 18:36:13+01:00,14.9658203125
2019-12-10 18:36:13.100000+01:00,14.9658203125
2019-12-10 18:36:13.200000+01:00,14.996337890625
2019-12-10 18:36:13.300000+01:00,14.996337890625
2019-12-10 18:36:13.400000+01:00,14.996337890625
2019-12-10 18:36:13.500000+01:00,15.05126953125
2019-12-10 18:36:13.600000+01:00,15.05126953125
2019-12-10 18:36:13.700000+01:00,15.05126953125
2019-12-10 18:36:13.800000+01:00,14.97802734375
2019-12-10 18:36:13.900000+01:00,14.97802734375
2019-12-10 18:36:14+01:00,15.05126953125
2019-12-10 18:36:14.100000+01:00,15.05126953125
2019-12-10 18:36:14.200000+01:00,14.959716796875
2019-12-10 18:36:14.300000+01:00,14.959716796875
2019-12-10 18:36:14.400000+01:00,14.959716796875
2019-12-10 18:36:14.500000+01:00,14.959716796875
2019-12-10 18:36:14.600000+01:00,14.947509765625
2019-12-10 18:36:14.700000+01:00,14.947509765625
2019-12-10 18:36:14.800000+01:00,14.80712890625
2019-12-10 18:36:14.900000+01:00,14.80712890625
2019-12-10 18:36:15+01:00,14.80712890625
2019-12-10 18:36:15.100000+01:00,15.057373046875
2019-12-10 18:36:15.200000+01:00,15.057373046875
2019-12-10 18:36:15.300000+01:00,14.935302734375
2019-12-10 18:36:15.400000+01:00,14.935302734375
2019-12-10 18:36:15.500000+01:00,14.971923828125
2019-12-10 18:36:15.600000+01:00,14.971923828125
2019-12-10 18:36:15.700000+01:00,14.971923828125
2019-12-10 18:36:15.800000+01:00,14.971923828125
2019-12-10 18:36:15.900000+01:00,14.794921875
2019-12-10 18:36:16+01:00,14.794921875
2019-12-10 18:36:16.100000+01:00,14.923095703125
2019-12-10 18:36:16.200000+01:00,14.923095703125
2019-12-10 18:36:16.300000+01:00,14.923095703125
2019-12-10 18:36:16.400000+01:00,14.837646484375
2019-12-10 18:36:16.500000+01:00,14.837646484375
2019-12-10 18:36:16.600000+01:00,14.996337890625
2019-12-10 18:36:16.700000+01:00,14.996337890625
2019-12-10 18:36:16.800000+01:00,14.996337890625
2019-12-10 18:36:16.900000+01:00,14.892578125
2019-12-10 18:36:17+01:00,14.892578125
2019-12-10 18:36:17.100000+01:00,14.892578125
2019-12-10 18:36:17.200000+01:00,14.95361328125
2019-12-10 18:36:17.300000+01:00,14.95361328125
2019-12-10 18:36:17.400000+01:00,14.801025390625
2019-12-10 18:36:17.500000+01:00,14.801025390625
2019-12-10 18:36:17.600000+01:00,14.935302734375
2019-12-10 18:36:17.700000+01:00,14.935302734375
2019-12-10 18:36:17.800000+01:00,14.935302734375
2019-12-10 18:36:17.900000+01:00,14.886474609375
2019-12-10 18:36:18+01:00,14.886474609375
2019-12-10 18:36:18.100000+01:00,14.886474609375
2019-12-10 18:36:18.200000+01:00,14.874267578125
2019-12-10 18:36:18.300000+01:00,14.874267578125
2019-12-10 18:36:18.400000+01:00,14.874267578125
2019-12-10 18:36:18.500000+01:00,14.9658203125
2019-12-10 18:36:18.600000+01:00,14.9658203125
2019-12-10 18:36:18.700000+01:00,14.910888671875
2019-12-10 18:36:18.800000+01:00,14.910888671875
2019-12-10 18:36:18.900000+01:00,14.898681640625
2019-12-10 18:36:19+01:00,14.898681640625
2019-12-10 18:36:19.100000+01:00,14.898681640625
2019-12-10 18:36:19.200000+01:00,14.898681640625
2019-12-10 18:36:19.300000+01:00,14.8681640625
2019-12-10 18:36:19.400000+01:00,14.8681640625
2019-12-10 18:36:19.500000+01:00,14.813232421875
2019-12-10 18:36:19.600000+01:00,14.813232421875
2019-12-10 18:36:19.700000+01:00,14.825439453125
2019-12-10 18:36:19.800000+01:00,14.825439453125
2019-12-10 18:36:19.900000+01:00,14.825439453125
2019-12-10 18:36:20+01:00,14.78271484375
2019-12-10 18:36:20.100000+01:00,14.78271484375
2019-12-10 18:36:20.200000+01:00,14.801025390625
2019-12-10 18:36:20.300000+01:00,14.801025390625
2019-12-10 18:36:20.400000+01:00,14.801025390625
2019-12-10 18:36:20.500000+01:00,14.801025390625
2019-12-10 18:36:20.600000+01:00,14.825439453125
2019-12-10 18:36:20.700000+01:00,14.825439453125
2019-12-10 18:36:20.800000+01:00,14.75830078125
2019-12-10 18:36:20.900000+01:00,14.75830078125
2019-12-10 18:36:21+01:00,14.788818359375
2019-12-10 18:36:21.100000+01:00,14.788818359375
2019-12-10 18:36:21.200000+01:00,14.788818359375
2019-12-10 18:36:21.300000+01:00,14.7705078125
2019-12-10 18:36:21.400000+01:00,14.7705078125
2019-12-10 18:36:21.500000+01:00,14.801025390625
2019-12-10 18:36:21.600000+01:00,14.801025390625
2019-12-10 18:36:21.700000+01:00,14.801025390625
2019-12-10 18:36:21.800000+01:00,14.801025390625
2019-12-10 18:36:21.900000+01:00,12.188720703125
2019-12-10 18:36:22+01:00,12.188720703125
2019-12-10 18:36:22.100000+01:00,10.02197265625
2019-12-10 18:36:22.200000+01:00,10.02197265625
2019-12-10 18:36:22.300000+01:00,10.07080078125
2019-12-10 18:36:22.400000+01:00,10.07080078125
2019-12-10 18:36:22.500000+01:00,10.07080078125
2019-12-10 18:36:22.600000+01:00,9.9365234375
2019-12-10 18:36:22.700000+01:00,9.9365234375
2019-12-10 18:36:22.800000+01:00,9.9365234375
2019-12-10 18:36:22.900000+01:00,9.991455078125
2019-12-10 18:36:23+01:00,9.991455078125
2019-12-10 18:36:23.100000+01:00,9.942626953125
2019-12-10 18:36:23.200000+01:00,9.942626953125
2019-12-10 18:36:23.300000+01:00,9.942626953125
2019-12-10 18:36:23.400000+01:00,9.991455078125
2019-12-10 18:36:23.500000+01:00,9.991455078125
2019-12-10 18:36:23.600000+01:00,9.967041015625
2019-12-10 18:36:23.700000+01:00,9.967041015625
2019-12-10 18:36:23.800000+01:00,9.967041015625
2019-12-10 18:36:23.900000+01:00,9.6435546875
2019-12-10 18:36:24+01:00,9.6435546875
2019-12-10 18:36:24.100000+01:00,9.6435546875
2019-12-10 18:36:24.200000+01:00,9.53369140625
2019-12-10 18:36:24.300000+01:00,9.53369140625
2019-12-10 18:36:24.400000+01:00,9.55810546875
2019-12-10 18:36:24.500000+01:00,9.55810546875
2019-12-10 18:36:24.600000+01:00,9.55810546875
2019-12-10 18:36:24.700000+01:00,5.078125
2019-12-10 18:36:24.800000+01:00,5.078125
2019-12-10 18:36:24.900000+01:00,5.70068359375
2019-12-10 18:36:25+01:00,5.70068359375
2019-12-10 18:36:25.100000+01:00,5.70068359375
2019-12-10 18:36:25.200000+01:00,5.74951171875
2019-12-10 18:36:25.300000+01:00,5.74951171875
2019-12-10 18:36:25.400000+01:00,5.74951171875
2019-12-10 18:36:25.500000+01:00,5.792236328125
2019-12-10 18:36:25.600000+01:00,5.792236328125
2019-12-10 18:36:25.700000+01:00,5.816650390625
2019-12-10 18:36:25.800000+01:00,5.816650390625
2019-12-10 18:36:25.900000+01:00,5.816650390625
2019-12-10 18:36:26+01:00,5.8349609375
2019-12-10 18:36:26.100000+01:00,5.8349609375
2019-12-10 18:36:26.200000+01:00,5.84716796875
2019-12-10 18:36:26.300000+01:00,5.84716796875
2019-12-10 18:36:26.400000+01:00,5.84716796875
2019-12-10 18:36:26.500000+01:00,5.841064453125
2019-12-10 18:36:26.600000+01:00,5.841064453125
2019-12-10 18:36:26.700000+01:00,5.841064453125
2019-12-10 18:36:26.800000+01:00,5.8837890625
2019-12-10 18:36:26.900000+01:00,5.8837890625
2019-12-10 18:36:27+01:00,5.89599609375
2019-12-10 18:36:27.100000+01:00,5.89599609375
2019-12-10 18:36:27.200000+01:00,5.89599609375
2019-12-10 18:36:27.300000+01:00,5.89599609375
2019-12-10 18:36:27.400000+01:00,5.89599609375
2019-12-10 18:36:27.500000+01:00,5.89599609375
2019-12-10 18:36:27.600000+01:00,5.8837890625
2019-12-10 18:36:27.700000+01:00,5.8837890625
2019-12-10 18:36:27.800000+01:00,5.902099609375
2019-12-10 18:36:27.900000+01:00,5.902099609375
2019-12-10 18:36:28+01:00,5.902099609375
2019-12-10 18:36:28.100000+01:00,5.950927734375
2019-12-10 18:36:28.200000+01:00,5.950927734375
2019-12-10 18:36:28.300000+01:00,5.902099609375
2019-12-10 18:36:28.400000+01:00,5.902099609375
2019-12-10 18:36:28.500000+01:00,5.9326171875
2019-12-10 18:36:28.600000+01:00,5.9326171875
2019-12-10 18:36:28.700000+01:00,5.9326171875
2019-12-10 18:36:28.800000+01:00,5.9326171875
2019-12-10 18:36:28.900000+01:00,5.94482421875
2019-12-10 18:36:29+01:00,5.94482421875
2019-12-10 18:36:29.100000+01:00,5.9326171875
2019-12-10 18:36:29.200000+01:00,5.9326171875
2019-12-10 18:36:29.300000+01:00,5.9326171875
2019-12-10 18:36:29.400000+01:00,5.950927734375
2019-12-10 18:36:29.500000+01:00,5.950927734375
2019-12-10 18:36:29.600000+01:00,5.963134765625
2019-12-10 18:36:29.700000+01:00,5.963134765625
2019-12-10 18:36:29.800000+01:00,5.963134765625
2019-12-10 18:36:29.900000+01:00,5.963134765625
2019-12-10 18:36:30+01:00,5.963134765625
2019-12-10 18:36:30.100000+01:00,5.963134765625
2019-12-10 18:36:30.200000+01:00,5.987548828125
2019-12-10 18:36:30.300000+01:00,5.987548828125
2019-12-10 18:36:30.400000+01:00,6.005859375
2019-12-10 18:36:30.500000+01:00,6.005859375
2019-12-10 18:36:30.600000+01:00,6.036376953125
2019-12-10 18:36:30.700000+01:00,6.036376953125
2019-12-10 18:36:30.800000+01:00,6.036376953125
2019-12-10 18:36:30.900000+01:00,5.999755859375
2019-12-10 18:36:31+01:00,5.999755859375
2019-12-10 18:36:31.100000+01:00,5.999755859375
2019-12-10 18:36:31.200000+01:00,6.109619140625
2019-12-10 18:36:31.300000+01:00,6.109619140625
2019-12-10 18:36:31.400000+01:00,6.109619140625
2019-12-10 18:36:31.500000+01:00,6.231689453125
2019-12-10 18:36:31.600000+01:00,6.231689453125
2019-12-10 18:36:31.700000+01:00,6.146240234375
2019-12-10 18:36:31.800000+01:00,6.146240234375
2019-12-10 18:36:31.900000+01:00,5.96923828125
2019-12-10 18:36:32+01:00,5.96923828125
2019-12-10 18:36:32.100000+01:00,5.96923828125
2019-12-10 18:36:32.200000+01:00,5.96923828125
2019-12-10 18:36:32.300000+01:00,5.92041015625
2019-12-10 18:36:32.400000+01:00,5.92041015625
2019-12-10 18:36:32.500000+01:00,6.024169921875
2019-12-10 18:36:32.600000+01:00,6.024169921875
2019-12-10 18:36:32.700000+01:00,6.024169921875
2019-12-10 18:36:32.800000+01:00,6.097412109375
2019-12-10 18:36:32.900000+01:00,6.097412109375
2019-12-10 18:36:33+01:00,6.14013671875
2019-12-10 18:36:33.100000+01:00,6.14013671875
2019-12-10 18:36:33.200000+01:00,6.060791015625
2019-12-10 18:36:33.300000+01:00,6.060791015625
2019-12-10 18:36:33.400000+01:00,6.060791015625
2019-12-10 18:36:33.500000+01:00,6.060791015625
2019-12-10 18:36:33.600000+01:00,6.060791015625
2019-12-10 18:36:33.700000+01:00,6.060791015625
2019-12-10 18:36:33.800000+01:00,5.877685546875
2019-12-10 18:36:33.900000+01:00,5.877685546875
2019-12-10 18:36:34+01:00,13.1103515625
2019-12-10 18:36:34.100000+01:00,13.1103515625
2019-12-10 18:36:34.200000+01:00,13.1103515625
2019-12-10 18:36:34.300000+01:00,12.017822265625
2019-12-10 18:36:34.400000+01:00,12.017822265625
2019-12-10 18:36:34.500000+01:00,10.41259765625
2019-12-10 18:36:34.600000+01:00,10.41259765625
2019-12-10 18:36:34.700000+01:00,10.41259765625
2019-12-10 18:36:34.800000+01:00,10.41259765625
2019-12-10 18:36:34.900000+01:00,10.479736328125
2019-12-10 18:36:35+01:00,10.479736328125
2019-12-10 18:36:35.100000+01:00,10.46142578125
2019-12-10 18:36:35.200000+01:00,10.46142578125
2019-12-10 18:36:35.300000+01:00,10.41259765625
2019-12-10 18:36:35.400000+01:00,10.41259765625
2019-12-10 18:36:35.500000+01:00,10.41259765625
2019-12-10 18:36:35.600000+01:00,10.38818359375
2019-12-10 18:36:35.700000+01:00,10.38818359375
2019-12-10 18:36:35.800000+01:00,10.38818359375
2019-12-10 18:36:35.900000+01:00,10.357666015625
2019-12-10 18:36:36+01:00,10.357666015625
2019-12-10 18:36:36.100000+01:00,10.400390625
2019-12-10 18:36:36.200000+01:00,10.400390625
2019-12-10 18:36:36.300000+01:00,10.400390625
2019-12-10 18:36:36.400000+01:00,13.092041015625
2019-12-10 18:36:36.500000+01:00,13.092041015625
2019-12-10 18:36:36.600000+01:00,13.02490234375
2019-12-10 18:36:36.700000+01:00,13.02490234375
2019-12-10 18:36:36.800000+01:00,13.02490234375
2019-12-10 18:36:36.900000+01:00,13.031005859375
2019-12-10 18:36:37+01:00,13.031005859375
2019-12-10 18:36:37.100000+01:00,13.031005859375
2019-12-10 18:36:37.200000+01:00,13.04931640625
2019-12-10 18:36:37.300000+01:00,13.04931640625
2019-12-10 18:36:37.400000+01:00,13.09814453125
2019-12-10 18:36:37.500000+01:00,13.09814453125
2019-12-10 18:36:37.600000+01:00,13.09814453125
2019-12-10 18:36:37.700000+01:00,13.2080078125
2019-12-10 18:36:37.800000+01:00,13.2080078125
2019-12-10 18:36:37.900000+01:00,13.26904296875
2019-12-10 18:36:38+01:00,13.26904296875
2019-12-10 18:36:38.100000+01:00,13.26904296875
2019-12-10 18:36:38.200000+01:00,13.26904296875
2019-12-10 18:36:38.300000+01:00,13.26904296875
2019-12-10 18:36:38.400000+01:00,13.26904296875
2019-12-10 18:36:38.500000+01:00,13.311767578125
2019-12-10 18:36:38.600000+01:00,13.311767578125
2019-12-10 18:36:38.700000+01:00,13.360595703125
2019-12-10 18:36:38.800000+01:00,13.360595703125
2019-12-10 18:36:38.900000+01:00,13.360595703125
2019-12-10 18:36:39+01:00,13.360595703125
2019-12-10 18:36:39.100000+01:00,13.360595703125
2019-12-10 18:36:39.200000+01:00,13.348388671875
2019-12-10 18:36:39.300000+01:00,13.348388671875
2019-12-10 18:36:39.400000+01:00,13.348388671875
2019-12-10 18:36:39.500000+01:00,13.360595703125
2019-12-10 18:36:39.600000+01:00,13.360595703125
2019-12-10 18:36:39.700000+01:00,13.360595703125
2019-12-10 18:36:39.800000+01:00,13.330078125
2019-12-10 18:36:39.900000+01:00,13.330078125
2019-12-10 18:36:40+01:00,13.323974609375
2019-12-10 18:36:40.100000+01:00,13.323974609375
2019-12-10 18:36:40.200000+01:00,13.323974609375
2019-12-10 18:36:40.300000+01:00,13.3056640625
2019-12-10 18:36:40.400000+01:00,13.3056640625
2019-12-10 18:36:40.500000+01:00,13.29345703125
2019-12-10 18:36:40.600000+01:00,13.29345703125
2019-12-10 18:36:40.700000+01:00,13.29345703125
2019-12-10 18:36:40.800000+01:00,13.29345703125
2019-12-10 18:36:40.900000+01:00,13.29345703125
2019-12-10 18:36:41+01:00,13.29345703125
2019-12-10 18:36:41.100000+01:00,13.26904296875
2019-12-10 18:36:41.200000+01:00,13.26904296875
2019-12-10 18:36:41.300000+01:00,13.24462890625
2019-12-10 18:36:41.400000+01:00,13.24462890625
2019-12-10 18:36:41.500000+01:00,13.2568359375
2019-12-10 18:36:41.600000+01:00,13.2568359375
2019-12-10 18:36:41.700000+01:00,13.2568359375
2019-12-10 18:36:41.800000+01:00,13.2568359375
2019-12-10 18:36:41.900000+01:00,13.24462890625
2019-12-10 18:36:42+01:00,13.24462890625
2019-12-10 18:36:42.100000+01:00,13.22021484375
2019-12-10 18:36:42.200000+01:00,13.22021484375
2019-12-10 18:36:42.300000+01:00,13.22021484375
2019-12-10 18:36:42.400000+01:00,13.2080078125
2019-12-10 18:36:42.500000+01:00,13.2080078125
2019-12-10 18:36:42.600000+01:00,13.214111328125
2019-12-10 18:36:42.700000+01:00,13.214111328125
2019-12-10 18:36:42.800000+01:00,13.214111328125
2019-12-10 18:36:42.900000+01:00,13.214111328125
2019-12-10 18:36:43+01:00,13.214111328125
2019-12-10 18:36:43.100000+01:00,13.214111328125
2019-12-10 18:36:43.200000+01:00,13.165283203125
2019-12-10 18:36:43.300000+01:00,13.165283203125
2019-12-10 18:36:43.400000+01:00,13.17138671875
2019-12-10 18:36:43.500000+01:00,13.17138671875
2019-12-10 18:36:43.600000+01:00,13.17138671875
2019-12-10 18:36:43.700000+01:00,13.1591796875
2019-12-10 18:36:43.800000+01:00,13.1591796875
2019-12-10 18:36:43.900000+01:00,13.153076171875
2019-12-10 18:36:44+01:00,13.153076171875
2019-12-10 18:36:44.100000+01:00,13.153076171875
2019-12-10 18:36:44.200000+01:00,11.602783203125
2019-12-10 18:36:44.300000+01:00,11.602783203125
2019-12-10 18:36:44.400000+01:00,11.602783203125
2019-12-10 18:36:44.500000+01:00,10.333251953125
2019-12-10 18:36:44.600000+01:00,10.333251953125
2019-12-10 18:36:44.700000+01:00,10.235595703125
2019-12-10 18:36:44.800000+01:00,10.235595703125
2019-12-10 18:36:44.900000+01:00,10.174560546875
2019-12-10 18:36:45+01:00,10.174560546875
2019-12-10 18:36:45.100000+01:00,10.174560546875
2019-12-10 18:36:45.200000+01:00,9.967041015625
2019-12-10 18:36:45.300000+01:00,9.967041015625
2019-12-10 18:36:45.400000+01:00,9.967041015625
2019-12-10 18:36:45.500000+01:00,10.028076171875
2019-12-10 18:36:45.600000+01:00,10.028076171875
2019-12-10 18:36:45.700000+01:00,10.028076171875
2019-12-10 18:36:45.800000+01:00,10.028076171875
2019-12-10 18:36:45.900000+01:00,10.028076171875
2019-12-10 18:36:46+01:00,10.0341796875
2019-12-10 18:36:46.100000+01:00,10.0341796875
2019-12-10 18:36:46.200000+01:00,10.0341796875
2019-12-10 18:36:46.300000+01:00,10.0341796875
2019-12-10 18:36:46.400000+01:00,10.0341796875
2019-12-10 18:36:46.500000+01:00,10.0341796875
2019-12-10 18:36:46.600000+01:00,10.02197265625
2019-12-10 18:36:46.700000+01:00,10.02197265625
2019-12-10 18:36:46.800000+01:00,11.663818359375
2019-12-10 18:36:46.900000+01:00,11.663818359375
2019-12-10 18:36:47+01:00,12.5244140625
2019-12-10 18:36:47.100000+01:00,12.5244140625
2019-12-10 18:36:47.200000+01:00,12.5244140625
2019-12-10 18:36:47.300000+01:00,12.493896484375
2019-12-10 18:36:47.400000+01:00,12.493896484375
2019-12-10 18:36:47.500000+01:00,12.481689453125
2019-12-10 18:36:47.600000+01:00,12.481689453125
2019-12-10 18:36:47.700000+01:00,12.481689453125
2019-12-10 18:36:47.800000+01:00,12.481689453125
2019-12-10 18:36:47.900000+01:00,12.5244140625
2019-12-10 18:36:48+01:00,12.5244140625
2019-12-10 18:36:48.100000+01:00,12.518310546875
2019-12-10 18:36:48.200000+01:00,12.518310546875
2019-12-10 18:36:48.300000+01:00,12.56103515625
2019-12-10 18:36:48.400000+01:00,12.56103515625
2019-12-10 18:36:48.500000+01:00,12.56103515625
2019-12-10 18:36:48.600000+01:00,12.591552734375
2019-12-10 18:36:48.700000+01:00,12.591552734375
2019-12-10 18:36:48.800000+01:00,12.591552734375
2019-12-10 18:36:48.900000+01:00,12.63427734375
2019-12-10 18:36:49+01:00,12.63427734375
2019-12-10 18:36:49.100000+01:00,12.677001953125
2019-12-10 18:36:49.200000+01:00,12.677001953125
2019-12-10 18:36:49.300000+01:00,12.677001953125
2019-12-10 18:36:49.400000+01:00,12.744140625
2019-12-10 18:36:49.500000+01:00,12.744140625
2019-12-10 18:36:49.600000+01:00,12.92724609375
2019-12-10 18:36:49.700000+01:00,12.92724609375
2019-12-10 18:36:49.800000+01:00,12.92724609375
2019-12-10 18:36:49.900000+01:00,12.982177734375
2019-12-10 18:36:50+01:00,12.982177734375
2019-12-10 18:36:50.100000+01:00,12.982177734375
2019-12-10 18:36:50.200000+01:00,13.12255859375
2019-12-10 18:36:50.300000+01:00,13.12255859375
2019-12-10 18:36:50.400000+01:00,13.201904296875
2019-12-10 18:36:50.500000+01:00,13.201904296875
2019-12-10 18:36:50.600000+01:00,13.201904296875
2019-12-10 18:36:50.700000+01:00,13.31787109375
2019-12-10 18:36:50.800000+01:00,13.31787109375
2019-12-10 18:36:50.900000+01:00,13.37890625
2019-12-10 18:36:51+01:00,13.37890625
2019-12-10 18:36:51.100000+01:00,13.37890625
2019-12-10 18:36:51.200000+01:00,13.421630859375
2019-12-10 18:36:51.300000+01:00,13.421630859375
2019-12-10 18:36:51.400000+01:00,13.421630859375
2019-12-10 18:36:51.500000+01:00,13.470458984375
2019-12-10 18:36:51.600000+01:00,13.470458984375
2019-12-10 18:36:51.700000+01:00,13.48876953125
2019-12-10 18:36:51.800000+01:00,13.48876953125
2019-12-10 18:36:51.900000+01:00,13.48876953125
2019-12-10 18:36:52+01:00,13.5498046875
2019-12-10 18:36:52.100000+01:00,13.5498046875
2019-12-10 18:36:52.200000+01:00,13.57421875
2019-12-10 18:36:52.300000+01:00,13.57421875
2019-12-10 18:36:52.400000+01:00,13.641357421875
2019-12-10 18:36:52.500000+01:00,13.641357421875
2019-12-10 18:36:52.600000+01:00,13.641357421875
2019-12-10 18:36:52.700000+01:00,13.641357421875
2019-12-10 18:36:52.800000+01:00,13.690185546875
2019-12-10 18:36:52.900000+01:00,13.690185546875
2019-12-10 18:36:53+01:00,13.68408203125
2019-12-10 18:36:53.100000+01:00,13.68408203125
2019-12-10 18:36:53.200000+01:00,13.68408203125
2019-12-10 18:36:53.300000+01:00,13.68408203125
2019-12-10 18:36:53.400000+01:00,13.68408203125
2019-12-10 18:36:53.500000+01:00,13.665771484375
2019-12-10 18:36:53.600000+01:00,13.665771484375
2019-12-10 18:36:53.700000+01:00,13.665771484375
2019-12-10 18:36:53.800000+01:00,13.665771484375
2019-12-10 18:36:53.900000+01:00,13.665771484375
2019-12-10 18:36:54+01:00,13.665771484375
2019-12-10 18:36:54.100000+01:00,13.671875
2019-12-10 18:36:54.200000+01:00,13.671875
2019-12-10 18:36:54.300000+01:00,13.6474609375
2019-12-10 18:36:54.400000+01:00,13.6474609375
2019-12-10 18:36:54.500000+01:00,13.653564453125
2019-12-10 18:36:54.600000+01:00,13.653564453125
2019-12-10 18:36:54.700000+01:00,13.653564453125
2019-12-10 18:36:54.800000+01:00,13.653564453125
2019-12-10 18:36:54.900000+01:00,11.468505859375
2019-12-10 18:36:55+01:00,11.468505859375
2019-12-10 18:36:55.100000+01:00,10.125732421875
2019-12-10 18:36:55.200000+01:00,10.125732421875
2019-12-10 18:36:55.300000+01:00,10.125732421875
2019-12-10 18:36:55.400000+01:00,10.076904296875
2019-12-10 18:36:55.500000+01:00,10.076904296875
2019-12-10 18:36:55.600000+01:00,9.86328125
2019-12-10 18:36:55.700000+01:00,9.86328125
2019-12-10 18:36:55.800000+01:00,9.9365234375
2019-12-10 18:36:55.900000+01:00,9.9365234375
2019-12-10 18:36:56+01:00,9.9365234375
2019-12-10 18:36:56.100000+01:00,9.9365234375
2019-12-10 18:36:56.200000+01:00,9.9365234375
2019-12-10 18:36:56.300000+01:00,9.9365234375
2019-12-10 18:36:56.400000+01:00,9.92431640625
2019-12-10 18:36:56.500000+01:00,9.92431640625
2019-12-10 18:36:56.600000+01:00,9.92431640625
2019-12-10 18:36:56.700000+01:00,9.930419921875
2019-12-10 18:36:56.800000+01:00,9.930419921875
2019-12-10 18:36:56.900000+01:00,9.94873046875
2019-12-10 18:36:57+01:00,9.94873046875
2019-12-10 18:36:57.100000+01:00,9.94873046875
2019-12-10 18:36:57.200000+01:00,9.930419921875
2019-12-10 18:36:57.300000+01:00,9.930419921875
2019-12-10 18:36:57.400000+01:00,9.930419921875
2019-12-10 18:36:57.500000+01:00,12.59765625
2019-12-10 18:36:57.600000+01:00,12.59765625
2019-12-10 18:36:57.700000+01:00,12.6708984375
2019-12-10 18:36:57.800000+01:00,12.6708984375
2019-12-10 18:36:57.900000+01:00,12.65869140625
2019-12-10 18:36:58+01:00,12.65869140625
2019-12-10 18:36:58.100000+01:00,12.65869140625
2019-12-10 18:36:58.200000+01:00,12.65869140625
2019-12-10 18:36:58.300000+01:00,12.65869140625
2019-12-10 18:36:58.400000+01:00,12.65869140625
2019-12-10 18:36:58.500000+01:00,12.677001953125
2019-12-10 18:36:58.600000+01:00,12.677001953125
2019-12-10 18:36:58.700000+01:00,12.677001953125
2019-12-10 18:36:58.800000+01:00,12.70751953125
2019-12-10 18:36:58.900000+01:00,12.70751953125
2019-12-10 18:36:59+01:00,12.7197265625
2019-12-10 18:36:59.100000+01:00,12.7197265625
2019-12-10 18:36:59.200000+01:00,12.744140625
2019-12-10 18:36:59.300000+01:00,12.744140625
2019-12-10 18:36:59.400000+01:00,12.744140625
2019-12-10 18:36:59.500000+01:00,12.744140625
2019-12-10 18:36:59.600000+01:00,12.750244140625
2019-12-10 18:36:59.700000+01:00,12.750244140625
2019-12-10 18:36:59.800000+01:00,12.75634765625
2019-12-10 18:36:59.900000+01:00,12.75634765625
2019-12-10 18:37:00+01:00,12.750244140625
2019-12-10 18:37:00.100000+01:00,12.750244140625
2019-12-10 18:37:00.200000+01:00,12.750244140625
2019-12-10 18:37:00.300000+01:00,12.78076171875
2019-12-10 18:37:00.400000+01:00,12.78076171875
2019-12-10 18:37:00.500000+01:00,12.835693359375
2019-12-10 18:37:00.600000+01:00,12.835693359375
2019-12-10 18:37:00.700000+01:00,12.835693359375
2019-12-10 18:37:00.800000+01:00,12.835693359375
2019-12-10 18:37:00.900000+01:00,12.90283203125
2019-12-10 18:37:01+01:00,12.90283203125
2019-12-10 18:37:01.100000+01:00,13.006591796875
2019-12-10 18:37:01.200000+01:00,13.006591796875
2019-12-10 18:37:01.300000+01:00,13.1103515625
2019-12-10 18:37:01.400000+01:00,13.1103515625
2019-12-10 18:37:01.500000+01:00,13.1103515625
2019-12-10 18:37:01.600000+01:00,13.140869140625
2019-12-10 18:37:01.700000+01:00,13.140869140625
2019-12-10 18:37:01.800000+01:00,13.226318359375
2019-12-10 18:37:01.900000+01:00,13.226318359375
2019-12-10 18:37:02+01:00,13.226318359375
2019-12-10 18:37:02.100000+01:00,13.226318359375
2019-12-10 18:37:02.200000+01:00,13.262939453125
2019-12-10 18:37:02.300000+01:00,13.262939453125
2019-12-10 18:37:02.400000+01:00,13.26904296875
2019-12-10 18:37:02.500000+01:00,13.26904296875
2019-12-10 18:37:02.600000+01:00,13.311767578125
2019-12-10 18:37:02.700000+01:00,13.311767578125
2019-12-10 18:37:02.800000+01:00,13.311767578125
2019-12-10 18:37:02.900000+01:00,13.31787109375
2019-12-10 18:37:03+01:00,13.31787109375
2019-12-10 18:37:03.100000+01:00,13.31787109375
2019-12-10 18:37:03.200000+01:00,13.36669921875
2019-12-10 18:37:03.300000+01:00,13.36669921875
2019-12-10 18:37:03.400000+01:00,13.397216796875
2019-12-10 18:37:03.500000+01:00,13.397216796875
2019-12-10 18:37:03.600000+01:00,13.397216796875
2019-12-10 18:37:03.700000+01:00,13.507080078125
2019-12-10 18:37:03.800000+01:00,13.507080078125
2019-12-10 18:37:03.900000+01:00,13.555908203125
2019-12-10 18:37:04+01:00,13.555908203125
2019-12-10 18:37:04.100000+01:00,13.555908203125
2019-12-10 18:37:04.200000+01:00,13.543701171875
2019-12-10 18:37:04.300000+01:00,13.543701171875
2019-12-10 18:37:04.400000+01:00,13.543701171875
2019-12-10 18:37:04.500000+01:00,13.56201171875
2019-12-10 18:37:04.600000+01:00,13.56201171875
2019-12-10 18:37:04.700000+01:00,13.5498046875
2019-12-10 18:37:04.800000+01:00,13.5498046875
2019-12-10 18:37:04.900000+01:00,13.5498046875
2019-12-10 18:37:05+01:00,13.568115234375
2019-12-10 18:37:05.100000+01:00,13.568115234375
2019-12-10 18:37:05.200000+01:00,12.921142578125
2019-12-10 18:37:05.300000+01:00,12.921142578125
2019-12-10 18:37:05.400000+01:00,11.3525390625
2019-12-10 18:37:05.500000+01:00,11.3525390625
2019-12-10 18:37:05.600000+01:00,11.3525390625
2019-12-10 18:37:05.700000+01:00,11.3525390625
2019-12-10 18:37:05.800000+01:00,9.75341796875
2019-12-10 18:37:05.900000+01:00,9.75341796875
2019-12-10 18:37:06+01:00,10.02197265625
2019-12-10 18:37:06.100000+01:00,10.02197265625
2019-12-10 18:37:06.200000+01:00,10.02197265625
2019-12-10 18:37:06.300000+01:00,2.740478515625
2019-12-10 18:37:06.400000+01:00,2.740478515625
2019-12-10 18:37:06.500000+01:00,2.740478515625
2019-12-10 18:37:06.600000+01:00,4.425048828125
2019-12-10 18:37:06.700000+01:00,4.425048828125
2019-12-10 18:37:06.800000+01:00,4.33349609375
2019-12-10 18:37:06.900000+01:00,4.33349609375
2019-12-10 18:37:07+01:00,4.33349609375
2019-12-10 18:37:07.100000+01:00,4.30908203125
2019-12-10 18:37:07.200000+01:00,4.30908203125
2019-12-10 18:37:07.300000+01:00,4.302978515625
2019-12-10 18:37:07.400000+01:00,4.302978515625
2019-12-10 18:37:07.500000+01:00,4.302978515625
2019-12-10 18:37:07.600000+01:00,4.33349609375
2019-12-10 18:37:07.700000+01:00,4.33349609375
2019-12-10 18:37:07.800000+01:00,4.3701171875
2019-12-10 18:37:07.900000+01:00,4.3701171875
2019-12-10 18:37:08+01:00,4.3701171875
2019-12-10 18:37:08.100000+01:00,4.3701171875
2019-12-10 18:37:08.200000+01:00,4.3701171875
2019-12-10 18:37:08.300000+01:00,4.3701171875
2019-12-10 18:37:08.400000+01:00,4.39453125
2019-12-10 18:37:08.500000+01:00,4.39453125
2019-12-10 18:37:08.600000+01:00,4.40673828125
2019-12-10 18:37:08.700000+01:00,4.40673828125
2019-12-10 18:37:08.800000+01:00,4.412841796875
2019-12-10 18:37:08.900000+01:00,4.412841796875
2019-12-10 18:37:09+01:00,4.412841796875
2019-12-10 18:37:09.100000+01:00,4.412841796875
2019-12-10 18:37:09.200000+01:00,4.43115234375
2019-12-10 18:37:09.300000+01:00,4.43115234375
2019-12-10 18:37:09.400000+01:00,4.443359375
2019-12-10 18:37:09.500000+01:00,4.443359375
2019-12-10 18:37:09.600000+01:00,4.443359375
2019-12-10 18:37:09.700000+01:00,4.449462890625
2019-12-10 18:37:09.800000+01:00,4.449462890625
2019-12-10 18:37:09.900000+01:00,4.45556640625
2019-12-10 18:37:10+01:00,4.45556640625
2019-12-10 18:37:10.100000+01:00,4.473876953125
2019-12-10 18:37:10.200000+01:00,4.473876953125
2019-12-10 18:37:10.300000+01:00,4.473876953125
2019-12-10 18:37:10.400000+01:00,4.473876953125
2019-12-10 18:37:10.500000+01:00,4.486083984375
2019-12-10 18:37:10.600000+01:00,4.486083984375
2019-12-10 18:37:10.700000+01:00,4.486083984375
2019-12-10 18:37:10.800000+01:00,4.486083984375
2019-12-10 18:37:10.900000+01:00,4.498291015625
2019-12-10 18:37:11+01:00,4.498291015625
2019-12-10 18:37:11.100000+01:00,4.498291015625
2019-12-10 18:37:11.200000+01:00,4.510498046875
2019-12-10 18:37:11.300000+01:00,4.510498046875
2019-12-10 18:37:11.400000+01:00,4.510498046875
2019-12-10 18:37:11.500000+01:00,4.50439453125
2019-12-10 18:37:11.600000+01:00,4.50439453125
2019-12-10 18:37:11.700000+01:00,4.50439453125
2019-12-10 18:37:11.800000+01:00,4.510498046875
2019-12-10 18:37:11.900000+01:00,4.510498046875
2019-12-10 18:37:12+01:00,4.510498046875
2019-12-10 18:37:12.100000+01:00,4.510498046875
2019-12-10 18:37:12.200000+01:00,4.52880859375
2019-12-10 18:37:12.300000+01:00,4.52880859375
2019-12-10 18:37:12.400000+01:00,4.52880859375
2019-12-10 18:37:12.500000+01:00,4.522705078125
2019-12-10 18:37:12.600000+01:00,4.522705078125
2019-12-10 18:37:12.700000+01:00,4.522705078125
2019-12-10 18:37:12.800000+01:00,4.547119140625
2019-12-10 18:37:12.900000+01:00,4.547119140625
2019-12-10 18:37:13+01:00,4.547119140625
2019-12-10 18:37:13.100000+01:00,9.466552734375
2019-12-10 18:37:13.200000+01:00,9.466552734375
2019-12-10 18:37:13.300000+01:00,11.944580078125
2019-12-10 18:37:13.400000+01:00,11.944580078125
2019-12-10 18:37:13.500000+01:00,11.944580078125
2019-12-10 18:37:13.600000+01:00,10.260009765625
2019-12-10 18:37:13.700000+01:00,10.260009765625
2019-12-10 18:37:13.800000+01:00,10.260009765625
2019-12-10 18:37:13.900000+01:00,10.284423828125
2019-12-10 18:37:14+01:00,10.284423828125
2019-12-10 18:37:14.100000+01:00,10.25390625
2019-12-10 18:37:14.200000+01:00,10.25390625
2019-12-10 18:37:14.300000+01:00,10.25390625
2019-12-10 18:37:14.400000+01:00,10.186767578125
2019-12-10 18:37:14.500000+01:00,10.186767578125
2019-12-10 18:37:14.600000+01:00,10.186767578125
2019-12-10 18:37:14.700000+01:00,10.186767578125
2019-12-10 18:37:14.800000+01:00,10.162353515625
2019-12-10 18:37:14.900000+01:00,10.162353515625
2019-12-10 18:37:15+01:00,10.162353515625
2019-12-10 18:37:15.100000+01:00,10.162353515625
2019-12-10 18:37:15.200000+01:00,10.41259765625
2019-12-10 18:37:15.300000+01:00,10.41259765625
2019-12-10 18:37:15.400000+01:00,10.516357421875
2019-12-10 18:37:15.500000+01:00,10.516357421875
2019-12-10 18:37:15.600000+01:00,10.516357421875
2019-12-10 18:37:15.700000+01:00,11.651611328125
2019-12-10 18:37:15.800000+01:00,11.651611328125
2019-12-10 18:37:15.900000+01:00,12.60986328125
2019-12-10 18:37:16+01:00,12.60986328125
2019-12-10 18:37:16.100000+01:00,12.60986328125
2019-12-10 18:37:16.200000+01:00,12.5244140625
2019-12-10 18:37:16.300000+01:00,12.5244140625
2019-12-10 18:37:16.400000+01:00,12.5244140625
2019-12-10 18:37:16.500000+01:00,12.567138671875
2019-12-10 18:37:16.600000+01:00,12.567138671875
2019-12-10 18:37:16.700000+01:00,12.579345703125
2019-12-10 18:37:16.800000+01:00,12.579345703125
2019-12-10 18:37:16.900000+01:00,12.591552734375
2019-12-10 18:37:17+01:00,12.591552734375
2019-12-10 18:37:17.100000+01:00,12.591552734375
2019-12-10 18:37:17.200000+01:00,12.59765625
2019-12-10 18:37:17.300000+01:00,12.59765625
2019-12-10 18:37:17.400000+01:00,12.59765625
2019-12-10 18:37:17.500000+01:00,12.59765625
2019-12-10 18:37:17.600000+01:00,12.59765625
2019-12-10 18:37:17.700000+01:00,12.59765625
2019-12-10 18:37:17.800000+01:00,12.591552734375
2019-12-10 18:37:17.900000+01:00,12.591552734375
2019-12-10 18:37:18+01:00,12.6220703125
2019-12-10 18:37:18.100000+01:00,12.6220703125
2019-12-10 18:37:18.200000+01:00,12.60986328125
2019-12-10 18:37:18.300000+01:00,12.60986328125
2019-12-10 18:37:18.400000+01:00,12.60986328125
2019-12-10 18:37:18.500000+01:00,12.63427734375
2019-12-10 18:37:18.600000+01:00,12.63427734375
2019-12-10 18:37:18.700000+01:00,12.63427734375
2019-12-10 18:37:18.800000+01:00,12.615966796875
2019-12-10 18:37:18.900000+01:00,12.615966796875
2019-12-10 18:37:19+01:00,12.65869140625
2019-12-10 18:37:19.100000+01:00,12.65869140625
2019-12-10 18:37:19.200000+01:00,12.65869140625
2019-12-10 18:37:19.300000+01:00,12.6953125
2019-12-10 18:37:19.400000+01:00,12.6953125
2019-12-10 18:37:19.500000+01:00,12.689208984375
2019-12-10 18:37:19.600000+01:00,12.689208984375
2019-12-10 18:37:19.700000+01:00,12.689208984375
2019-12-10 18:37:19.800000+01:00,12.689208984375
2019-12-10 18:37:19.900000+01:00,12.701416015625
2019-12-10 18:37:20+01:00,12.701416015625
2019-12-10 18:37:20.100000+01:00,12.713623046875
2019-12-10 18:37:20.200000+01:00,12.713623046875
2019-12-10 18:37:20.300000+01:00,12.7197265625
2019-12-10 18:37:20.400000+01:00,12.7197265625
2019-12-10 18:37:20.500000+01:00,12.7197265625
2019-12-10 18:37:20.600000+01:00,12.70751953125
2019-12-10 18:37:20.700000+01:00,12.70751953125
2019-12-10 18:37:20.800000+01:00,12.70751953125
2019-12-10 18:37:20.900000+01:00,12.70751953125
2019-12-10 18:37:21+01:00,12.70751953125
2019-12-10 18:37:21.100000+01:00,12.70751953125
2019-12-10 18:37:21.200000+01:00,12.7197265625
2019-12-10 18:37:21.300000+01:00,12.7197265625
2019-12-10 18:37:21.400000+01:00,12.73193359375
2019-12-10 18:37:21.500000+01:00,12.73193359375
2019-12-10 18:37:21.600000+01:00,12.73193359375
2019-12-10 18:37:21.700000+01:00,12.73193359375
2019-12-10 18:37:21.800000+01:00,12.73193359375
2019-12-10 18:37:21.900000+01:00,12.744140625
2019-12-10 18:37:22+01:00,12.744140625
2019-12-10 18:37:22.100000+01:00,12.744140625
2019-12-10 18:37:22.200000+01:00,12.75634765625
2019-12-10 18:37:22.300000+01:00,12.75634765625
2019-12-10 18:37:22.400000+01:00,12.835693359375
2019-12-10 18:37:22.500000+01:00,12.835693359375
2019-12-10 18:37:22.600000+01:00,12.835693359375
2019-12-10 18:37:22.700000+01:00,12.6953125
2019-12-10 18:37:22.800000+01:00,12.6953125
2019-12-10 18:37:22.900000+01:00,12.8173828125
2019-12-10 18:37:23+01:00,12.8173828125
2019-12-10 18:37:23.100000+01:00,12.8173828125
2019-12-10 18:37:23.200000+01:00,12.7685546875
2019-12-10 18:37:23.300000+01:00,12.7685546875
2019-12-10 18:37:23.400000+01:00,12.7685546875
2019-12-10 18:37:23.500000+01:00,12.8662109375
2019-12-10 18:37:23.600000+01:00,12.8662109375
2019-12-10 18:37:23.700000+01:00,12.82958984375
2019-12-10 18:37:23.800000+01:00,12.82958984375
2019-12-10 18:37:23.900000+01:00,12.82958984375
2019-12-10 18:37:24+01:00,12.860107421875
2019-12-10 18:37:24.100000+01:00,12.860107421875
2019-12-10 18:37:24.200000+01:00,12.8662109375
2019-12-10 18:37:24.300000+01:00,12.8662109375
2019-12-10 18:37:24.400000+01:00,12.884521484375
2019-12-10 18:37:24.500000+01:00,12.884521484375
2019-12-10 18:37:24.600000+01:00,12.884521484375
2019-12-10 18:37:24.700000+01:00,12.884521484375
2019-12-10 18:37:24.800000+01:00,12.87841796875
2019-12-10 18:37:24.900000+01:00,12.87841796875
2019-12-10 18:37:25+01:00,12.90283203125
2019-12-10 18:37:25.100000+01:00,12.90283203125
2019-12-10 18:37:25.200000+01:00,12.90283203125
2019-12-10 18:37:25.300000+01:00,12.921142578125
2019-12-10 18:37:25.400000+01:00,12.921142578125
2019-12-10 18:37:25.500000+01:00,12.982177734375
2019-12-10 18:37:25.600000+01:00,12.982177734375
2019-12-10 18:37:25.700000+01:00,12.982177734375
2019-12-10 18:37:25.800000+01:00,12.982177734375
2019-12-10 18:37:25.900000+01:00,12.982177734375
2019-12-10 18:37:26+01:00,12.982177734375
2019-12-10 18:37:26.100000+01:00,13.031005859375
2019-12-10 18:37:26.200000+01:00,13.031005859375
2019-12-10 18:37:26.300000+01:00,13.07373046875
2019-12-10 18:37:26.400000+01:00,13.07373046875
2019-12-10 18:37:26.500000+01:00,13.07373046875
2019-12-10 18:37:26.600000+01:00,13.53759765625
2019-12-10 18:37:26.700000+01:00,13.53759765625
2019-12-10 18:37:26.800000+01:00,13.53759765625
2019-12-10 18:37:26.900000+01:00,13.665771484375
2019-12-10 18:37:27+01:00,13.665771484375
2019-12-10 18:37:27.100000+01:00,13.970947265625
2019-12-10 18:37:27.200000+01:00,13.970947265625
2019-12-10 18:37:27.300000+01:00,13.970947265625
2019-12-10 18:37:27.400000+01:00,14.263916015625
2019-12-10 18:37:27.500000+01:00,14.263916015625
2019-12-10 18:37:27.600000+01:00,13.95263671875
2019-12-10 18:37:27.700000+01:00,13.95263671875
2019-12-10 18:37:27.800000+01:00,10.614013671875
2019-12-10 18:37:27.900000+01:00,10.614013671875
2019-12-10 18:37:28+01:00,10.614013671875
2019-12-10 18:37:28.100000+01:00,10.614013671875
2019-12-10 18:37:28.200000+01:00,9.8388671875
2019-12-10 18:37:28.300000+01:00,9.8388671875
2019-12-10 18:37:28.400000+01:00,9.814453125
2019-12-10 18:37:28.500000+01:00,9.814453125
2019-12-10 18:37:28.600000+01:00,9.814453125
2019-12-10 18:37:28.700000+01:00,9.881591796875
2019-12-10 18:37:28.800000+01:00,9.881591796875
2019-12-10 18:37:28.900000+01:00,9.869384765625
2019-12-10 18:37:29+01:00,9.869384765625
2019-12-10 18:37:29.100000+01:00,9.87548828125
2019-12-10 18:37:29.200000+01:00,9.87548828125
2019-12-10 18:37:29.300000+01:00,9.87548828125
2019-12-10 18:37:29.400000+01:00,9.87548828125
2019-12-10 18:37:29.500000+01:00,9.967041015625
2019-12-10 18:37:29.600000+01:00,9.967041015625
2019-12-10 18:37:29.700000+01:00,11.859130859375
2019-12-10 18:37:29.800000+01:00,11.859130859375
2019-12-10 18:37:29.900000+01:00,10.38818359375
2019-12-10 18:37:30+01:00,10.38818359375
2019-12-10 18:37:30.100000+01:00,10.38818359375
2019-12-10 18:37:30.200000+01:00,10.333251953125
2019-12-10 18:37:30.300000+01:00,10.333251953125
2019-12-10 18:37:30.400000+01:00,10.333251953125
2019-12-10 18:37:30.500000+01:00,10.2783203125
2019-12-10 18:37:30.600000+01:00,10.2783203125
2019-12-10 18:37:30.700000+01:00,10.2783203125
2019-12-10 18:37:30.800000+01:00,10.186767578125
2019-12-10 18:37:30.900000+01:00,10.186767578125
2019-12-10 18:37:31+01:00,10.16845703125
2019-12-10 18:37:31.100000+01:00,10.16845703125
2019-12-10 18:37:31.200000+01:00,10.076904296875
2019-12-10 18:37:31.300000+01:00,10.076904296875
2019-12-10 18:37:31.400000+01:00,10.076904296875
2019-12-10 18:37:31.500000+01:00,10.04638671875
2019-12-10 18:37:31.600000+01:00,10.04638671875
2019-12-10 18:37:31.700000+01:00,10.04638671875
2019-12-10 18:37:31.800000+01:00,9.9365234375
2019-12-10 18:37:31.900000+01:00,9.9365234375
2019-12-10 18:37:32+01:00,9.9365234375
2019-12-10 18:37:32.100000+01:00,9.8876953125
2019-12-10 18:37:32.200000+01:00,9.8876953125
2019-12-10 18:37:32.300000+01:00,9.893798828125
2019-12-10 18:37:32.400000+01:00,9.893798828125
2019-12-10 18:37:32.500000+01:00,9.893798828125
2019-12-10 18:37:32.600000+01:00,9.893798828125
2019-12-10 18:37:32.700000+01:00,9.893798828125
2019-12-10 18:37:32.800000+01:00,9.893798828125
2019-12-10 18:37:32.900000+01:00,9.906005859375
2019-12-10 18:37:33+01:00,9.906005859375
2019-12-10 18:37:33.100000+01:00,9.912109375
2019-12-10 18:37:33.200000+01:00,9.912109375
2019-12-10 18:37:33.300000+01:00,9.8876953125
2019-12-10 18:37:33.400000+01:00,9.8876953125
2019-12-10 18:37:33.500000+01:00,9.8876953125
2019-12-10 18:37:33.600000+01:00,9.77783203125
2019-12-10 18:37:33.700000+01:00,9.77783203125
2019-12-10 18:37:33.800000+01:00,9.869384765625
2019-12-10 18:37:33.900000+01:00,9.869384765625
2019-12-10 18:37:34+01:00,9.869384765625
2019-12-10 18:37:34.100000+01:00,9.869384765625
2019-12-10 18:37:34.200000+01:00,9.600830078125
2019-12-10 18:37:34.300000+01:00,9.600830078125
2019-12-10 18:37:34.400000+01:00,9.783935546875
2019-12-10 18:37:34.500000+01:00,9.783935546875
2019-12-10 18:37:34.600000+01:00,9.48486328125
2019-12-10 18:37:34.700000+01:00,9.48486328125
2019-12-10 18:37:34.800000+01:00,9.48486328125
2019-12-10 18:37:34.900000+01:00,8.966064453125
2019-12-10 18:37:35+01:00,8.966064453125
2019-12-10 18:37:35.100000+01:00,8.966064453125
2019-12-10 18:37:35.200000+01:00,4.302978515625
2019-12-10 18:37:35.300000+01:00,4.302978515625
2019-12-10 18:37:35.400000+01:00,4.13818359375
2019-12-10 18:37:35.500000+01:00,4.13818359375
2019-12-10 18:37:35.600000+01:00,4.13818359375
2019-12-10 18:37:35.700000+01:00,6.512451171875
2019-12-10 18:37:35.800000+01:00,6.512451171875
2019-12-10 18:37:35.900000+01:00,6.53076171875
2019-12-10 18:37:36+01:00,6.53076171875
2019-12-10 18:37:36.100000+01:00,6.53076171875
2019-12-10 18:37:36.200000+01:00,6.622314453125
2019-12-10 18:37:36.300000+01:00,6.622314453125
2019-12-10 18:37:36.400000+01:00,6.622314453125
2019-12-10 18:37:36.500000+01:00,6.640625
2019-12-10 18:37:36.600000+01:00,6.640625
2019-12-10 18:37:36.700000+01:00,6.6650390625
2019-12-10 18:37:36.800000+01:00,6.6650390625
2019-12-10 18:37:36.900000+01:00,6.6650390625
2019-12-10 18:37:37+01:00,6.707763671875
2019-12-10 18:37:37.100000+01:00,6.707763671875
2019-12-10 18:37:37.200000+01:00,6.317138671875
2019-12-10 18:37:37.300000+01:00,6.317138671875
2019-12-10 18:37:37.400000+01:00,6.317138671875
2019-12-10 18:37:37.500000+01:00,6.317138671875
2019-12-10 18:37:37.600000+01:00,7.183837890625
2019-12-10 18:37:37.700000+01:00,7.183837890625
2019-12-10 18:37:37.800000+01:00,6.4208984375
2019-12-10 18:37:37.900000+01:00,6.4208984375
2019-12-10 18:37:38+01:00,7.763671875
2019-12-10 18:37:38.100000+01:00,7.763671875
2019-12-10 18:37:38.200000+01:00,7.763671875
2019-12-10 18:37:38.300000+01:00,8.245849609375
2019-12-10 18:37:38.400000+01:00,8.245849609375
2019-12-10 18:37:38.500000+01:00,8.477783203125
2019-12-10 18:37:38.600000+01:00,8.477783203125
2019-12-10 18:37:38.700000+01:00,8.58154296875
2019-12-10 18:37:38.800000+01:00,8.58154296875
2019-12-10 18:37:38.900000+01:00,8.58154296875
2019-12-10 18:37:39+01:00,8.58154296875
2019-12-10 18:37:39.100000+01:00,7.452392578125
2019-12-10 18:37:39.200000+01:00,7.452392578125
2019-12-10 18:37:39.300000+01:00,7.427978515625
2019-12-10 18:37:39.400000+01:00,7.427978515625
2019-12-10 18:37:39.500000+01:00,7.427978515625
2019-12-10 18:37:39.600000+01:00,7.51953125
2019-12-10 18:37:39.700000+01:00,7.51953125
2019-12-10 18:37:39.800000+01:00,7.6416015625
2019-12-10 18:37:39.900000+01:00,7.6416015625
2019-12-10 18:37:40+01:00,7.6416015625
2019-12-10 18:37:40.100000+01:00,7.43408203125
2019-12-10 18:37:40.200000+01:00,7.43408203125
2019-12-10 18:37:40.300000+01:00,7.43408203125
2019-12-10 18:37:40.400000+01:00,7.452392578125
2019-12-10 18:37:40.500000+01:00,7.452392578125
2019-12-10 18:37:40.600000+01:00,7.611083984375
2019-12-10 18:37:40.700000+01:00,7.611083984375
2019-12-10 18:37:40.800000+01:00,7.891845703125
2019-12-10 18:37:40.900000+01:00,7.891845703125
2019-12-10 18:37:41+01:00,7.891845703125
2019-12-10 18:37:41.100000+01:00,7.891845703125
2019-12-10 18:37:41.200000+01:00,7.806396484375
2019-12-10 18:37:41.300000+01:00,7.806396484375
2019-12-10 18:37:41.400000+01:00,3.521728515625
2019-12-10 18:37:41.500000+01:00,3.521728515625
2019-12-10 18:37:41.600000+01:00,3.521728515625
2019-12-10 18:37:41.700000+01:00,5.517578125
2019-12-10 18:37:41.800000+01:00,5.517578125
2019-12-10 18:37:41.900000+01:00,5.682373046875
2019-12-10 18:37:42+01:00,5.682373046875
2019-12-10 18:37:42.100000+01:00,5.67626953125
2019-12-10 18:37:42.200000+01:00,5.67626953125
2019-12-10 18:37:42.300000+01:00,5.67626953125
2019-12-10 18:37:42.400000+01:00,5.67626953125
2019-12-10 18:37:42.500000+01:00,5.72509765625
2019-12-10 18:37:42.600000+01:00,5.72509765625
2019-12-10 18:37:42.700000+01:00,5.79833984375
2019-12-10 18:37:42.800000+01:00,5.79833984375
2019-12-10 18:37:42.900000+01:00,5.79833984375
2019-12-10 18:37:43+01:00,5.926513671875
2019-12-10 18:37:43.100000+01:00,5.926513671875
2019-12-10 18:37:43.200000+01:00,6.26220703125
2019-12-10 18:37:43.300000+01:00,6.26220703125
2019-12-10 18:37:43.400000+01:00,6.26220703125
2019-12-10 18:37:43.500000+01:00,5.157470703125
2019-12-10 18:37:43.600000+01:00,5.157470703125
2019-12-10 18:37:43.700000+01:00,5.157470703125
2019-12-10 18:37:43.800000+01:00,7.611083984375
2019-12-10 18:37:43.900000+01:00,7.611083984375
2019-12-10 18:37:44+01:00,8.2763671875
2019-12-10 18:37:44.100000+01:00,8.2763671875
2019-12-10 18:37:44.200000+01:00,8.38623046875
2019-12-10 18:37:44.300000+01:00,8.38623046875
2019-12-10 18:37:44.400000+01:00,8.38623046875
2019-12-10 18:37:44.500000+01:00,5.615234375
2019-12-10 18:37:44.600000+01:00,5.615234375
2019-12-10 18:37:44.700000+01:00,5.615234375
2019-12-10 18:37:44.800000+01:00,7.3974609375
2019-12-10 18:37:44.900000+01:00,7.3974609375
2019-12-10 18:37:45+01:00,7.3974609375
2019-12-10 18:37:45.100000+01:00,5.718994140625
2019-12-10 18:37:45.200000+01:00,5.718994140625
2019-12-10 18:37:45.300000+01:00,5.322265625
2019-12-10 18:37:45.400000+01:00,5.322265625
2019-12-10 18:37:45.500000+01:00,5.65185546875
2019-12-10 18:37:45.600000+01:00,5.65185546875
2019-12-10 18:37:45.700000+01:00,5.65185546875
2019-12-10 18:37:45.800000+01:00,5.65185546875
2019-12-10 18:37:45.900000+01:00,5.645751953125
2019-12-10 18:37:46+01:00,5.645751953125
2019-12-10 18:37:46.100000+01:00,5.926513671875
2019-12-10 18:37:46.200000+01:00,5.926513671875
2019-12-10 18:37:46.300000+01:00,6.25
2019-12-10 18:37:46.400000+01:00,6.25
2019-12-10 18:37:46.500000+01:00,6.25
2019-12-10 18:37:46.600000+01:00,6.475830078125
2019-12-10 18:37:46.700000+01:00,6.475830078125
2019-12-10 18:37:46.800000+01:00,6.884765625
2019-12-10 18:37:46.900000+01:00,6.884765625
2019-12-10 18:37:47+01:00,6.884765625
2019-12-10 18:37:47.100000+01:00,6.884765625
2019-12-10 18:37:47.200000+01:00,7.012939453125
2019-12-10 18:37:47.300000+01:00,7.012939453125
2019-12-10 18:37:47.400000+01:00,7.025146484375
2019-12-10 18:37:47.500000+01:00,7.025146484375
2019-12-10 18:37:47.600000+01:00,7.940673828125
2019-12-10 18:37:47.700000+01:00,7.940673828125
2019-12-10 18:37:47.800000+01:00,7.940673828125
2019-12-10 18:37:47.900000+01:00,7.025146484375
2019-12-10 18:37:48+01:00,7.025146484375
2019-12-10 18:37:48.100000+01:00,5.87158203125
2019-12-10 18:37:48.200000+01:00,5.87158203125
2019-12-10 18:37:48.300000+01:00,5.87158203125
2019-12-10 18:37:48.400000+01:00,6.640625
2019-12-10 18:37:48.500000+01:00,6.640625
2019-12-10 18:37:48.600000+01:00,6.640625
2019-12-10 18:37:48.700000+01:00,6.488037109375
2019-12-10 18:37:48.800000+01:00,6.488037109375
2019-12-10 18:37:48.900000+01:00,5.841064453125
2019-12-10 18:37:49+01:00,5.841064453125
2019-12-10 18:37:49.100000+01:00,5.841064453125
2019-12-10 18:37:49.200000+01:00,6.31103515625
2019-12-10 18:37:49.300000+01:00,6.31103515625
2019-12-10 18:37:49.400000+01:00,6.31103515625
2019-12-10 18:37:49.500000+01:00,6.01806640625
2019-12-10 18:37:49.600000+01:00,6.01806640625
2019-12-10 18:37:49.700000+01:00,6.585693359375
2019-12-10 18:37:49.800000+01:00,6.585693359375
2019-12-10 18:37:49.900000+01:00,6.585693359375
2019-12-10 18:37:50+01:00,5.82275390625
2019-12-10 18:37:50.100000+01:00,5.82275390625
2019-12-10 18:37:50.200000+01:00,6.103515625
2019-12-10 18:37:50.300000+01:00,6.103515625
2019-12-10 18:37:50.400000+01:00,6.103515625
2019-12-10 18:37:50.500000+01:00,6.640625
2019-12-10 18:37:50.600000+01:00,6.640625
2019-12-10 18:37:50.700000+01:00,6.640625
2019-12-10 18:37:50.800000+01:00,6.878662109375
2019-12-10 18:37:50.900000+01:00,6.878662109375
2019-12-10 18:37:51+01:00,7.18994140625
2019-12-10 18:37:51.100000+01:00,7.18994140625
2019-12-10 18:37:51.200000+01:00,7.18994140625
2019-12-10 18:37:51.300000+01:00,7.87353515625
2019-12-10 18:37:51.400000+01:00,7.87353515625
2019-12-10 18:37:51.500000+01:00,7.965087890625
2019-12-10 18:37:51.600000+01:00,7.965087890625
2019-12-10 18:37:51.700000+01:00,7.281494140625
2019-12-10 18:37:51.800000+01:00,7.281494140625
2019-12-10 18:37:51.900000+01:00,7.281494140625
2019-12-10 18:37:52+01:00,7.281494140625
2019-12-10 18:37:52.100000+01:00,7.4951171875
2019-12-10 18:37:52.200000+01:00,7.4951171875
2019-12-10 18:37:52.300000+01:00,7.257080078125
2019-12-10 18:37:52.400000+01:00,7.257080078125
2019-12-10 18:37:52.500000+01:00,7.257080078125
2019-12-10 18:37:52.600000+01:00,7.18994140625
2019-12-10 18:37:52.700000+01:00,7.18994140625
2019-12-10 18:37:52.800000+01:00,7.70263671875
2019-12-10 18:37:52.900000+01:00,7.70263671875
2019-12-10 18:37:53+01:00,7.70263671875
2019-12-10 18:37:53.100000+01:00,7.11669921875
2019-12-10 18:37:53.200000+01:00,7.11669921875
2019-12-10 18:37:53.300000+01:00,7.11669921875
2019-12-10 18:37:53.400000+01:00,7.62939453125
2019-12-10 18:37:53.500000+01:00,7.62939453125
2019-12-10 18:37:53.600000+01:00,6.26220703125
2019-12-10 18:37:53.700000+01:00,6.26220703125
2019-12-10 18:37:53.800000+01:00,6.622314453125
2019-12-10 18:37:53.900000+01:00,6.622314453125
2019-12-10 18:37:54+01:00,6.622314453125
2019-12-10 18:37:54.100000+01:00,6.622314453125
2019-12-10 18:37:54.200000+01:00,7.183837890625
2019-12-10 18:37:54.300000+01:00,7.183837890625
2019-12-10 18:37:54.400000+01:00,6.53076171875
2019-12-10 18:37:54.500000+01:00,6.53076171875
2019-12-10 18:37:54.600000+01:00,6.53076171875
2019-12-10 18:37:54.700000+01:00,5.194091796875
2019-12-10 18:37:54.800000+01:00,5.194091796875
2019-12-10 18:37:54.900000+01:00,6.62841796875
2019-12-10 18:37:55+01:00,6.62841796875
2019-12-10 18:37:55.100000+01:00,6.7626953125
2019-12-10 18:37:55.200000+01:00,6.7626953125
2019-12-10 18:37:55.300000+01:00,6.7626953125
2019-12-10 18:37:55.400000+01:00,6.7626953125
2019-12-10 18:37:55.500000+01:00,6.79931640625
2019-12-10 18:37:55.600000+01:00,6.79931640625
2019-12-10 18:37:55.700000+01:00,6.781005859375
2019-12-10 18:37:55.800000+01:00,6.781005859375
2019-12-10 18:37:55.900000+01:00,6.781005859375
2019-12-10 18:37:56+01:00,6.72607421875
2019-12-10 18:37:56.100000+01:00,6.72607421875
2019-12-10 18:37:56.200000+01:00,6.57958984375
2019-12-10 18:37:56.300000+01:00,6.57958984375
2019-12-10 18:37:56.400000+01:00,6.561279296875
2019-12-10 18:37:56.500000+01:00,6.561279296875
2019-12-10 18:37:56.600000+01:00,6.561279296875
2019-12-10 18:37:56.700000+01:00,6.561279296875
2019-12-10 18:37:56.800000+01:00,6.549072265625
2019-12-10 18:37:56.900000+01:00,6.549072265625
2019-12-10 18:37:57+01:00,6.536865234375
2019-12-10 18:37:57.100000+01:00,6.536865234375
2019-12-10 18:37:57.200000+01:00,6.536865234375
2019-12-10 18:37:57.300000+01:00,6.536865234375
2019-12-10 18:37:57.400000+01:00,6.536865234375
2019-12-10 18:37:57.500000+01:00,6.54296875
2019-12-10 18:37:57.600000+01:00,6.54296875
2019-12-10 18:37:57.700000+01:00,6.54296875
