2019-12-10 18:34:38.900000+01:00,12.17041015625
2019-12-10 18:34:39+01:00,12.17041015625
2019-12-10 18:34:39.100000+01:00,16.19873046875
2019-12-10 18:34:39.200000+01:00,16.19873046875
2019-12-10 18:34:39.300000+01:00,16.19873046875
2019-12-10 18:34:39.400000+01:00,19.976806640625
2019-12-10 18:34:39.500000+01:00,19.976806640625
2019-12-10 18:34:39.600000+01:00,19.976806640625
2019-12-10 18:34:39.700000+01:00,20.17822265625
2019-12-10 18:34:39.800000+01:00,20.17822265625
2019-12-10 18:34:39.900000+01:00,20.15380859375
2019-12-10 18:34:40+01:00,20.15380859375
2019-12-10 18:34:40.100000+01:00,20.15380859375
2019-12-10 18:34:40.200000+01:00,10.7421875
2019-12-10 18:34:40.300000+01:00,10.7421875
2019-12-10 18:34:40.400000+01:00,30.38330078125
2019-12-10 18:34:40.500000+01:00,30.38330078125
2019-12-10 18:34:40.600000+01:00,16.229248046875
2019-12-10 18:34:40.700000+01:00,16.229248046875
2019-12-10 18:34:40.800000+01:00,16.229248046875
2019-12-10 18:34:40.900000+01:00,16.229248046875
2019-12-10 18:34:41+01:00,16.107177734375
2019-12-10 18:34:41.100000+01:00,16.107177734375
2019-12-10 18:34:41.200000+01:00,15.283203125
2019-12-10 18:34:41.300000+01:00,15.283203125
2019-12-10 18:34:41.400000+01:00,15.283203125
2019-12-10 18:34:41.500000+01:00,15.765380859375
2019-12-10 18:34:41.600000+01:00,15.765380859375
2019-12-10 18:34:41.700000+01:00,14.898681640625
2019-12-10 18:34:41.800000+01:00,14.898681640625
2019-12-10 18:34:41.900000+01:00,15.179443359375
2019-12-10 18:34:42+01:00,15.179443359375
2019-12-10 18:34:42.100000+01:00,15.179443359375
2019-12-10 18:34:42.200000+01:00,15.179443359375
2019-12-10 18:34:42.300000+01:00,15.008544921875
2019-12-10 18:34:42.400000+01:00,15.008544921875
2019-12-10 18:34:42.500000+01:00,14.6728515625
2019-12-10 18:34:42.600000+01:00,14.6728515625
2019-12-10 18:34:42.700000+01:00,14.6728515625
2019-12-10 18:34:42.800000+01:00,16.448974609375
2019-12-10 18:34:42.900000+01:00,16.448974609375
2019-12-10 18:34:43+01:00,16.558837890625
2019-12-10 18:34:43.100000+01:00,16.558837890625
2019-12-10 18:34:43.200000+01:00,16.558837890625
2019-12-10 18:34:43.300000+01:00,21.25244140625
2019-12-10 18:34:43.400000+01:00,21.25244140625
2019-12-10 18:34:43.500000+01:00,21.25244140625
2019-12-10 18:34:43.600000+01:00,21.88720703125
2019-12-10 18:34:43.700000+01:00,21.88720703125
2019-12-10 18:34:43.800000+01:00,19.757080078125
2019-12-10 18:34:43.900000+01:00,19.757080078125
2019-12-10 18:34:44+01:00,20.41015625
2019-12-10 18:34:44.100000+01:00,20.41015625
2019-12-10 18:34:44.200000+01:00,20.41015625
2019-12-10 18:34:44.300000+01:00,20.91064453125
2019-12-10 18:34:44.400000+01:00,20.91064453125
2019-12-10 18:34:44.500000+01:00,20.91064453125
2019-12-10 18:34:44.600000+01:00,20.916748046875
2019-12-10 18:34:44.700000+01:00,20.916748046875
2019-12-10 18:34:44.800000+01:00,20.916748046875
2019-12-10 18:34:44.900000+01:00,20.8251953125
2019-12-10 18:34:45+01:00,20.8251953125
2019-12-10 18:34:45.100000+01:00,20.8740234375
2019-12-10 18:34:45.200000+01:00,20.8740234375
2019-12-10 18:34:45.300000+01:00,20.855712890625
2019-12-10 18:34:45.400000+01:00,20.855712890625
2019-12-10 18:34:45.500000+01:00,20.855712890625
2019-12-10 18:34:45.600000+01:00,20.855712890625
2019-12-10 18:34:45.700000+01:00,20.806884765625
2019-12-10 18:34:45.800000+01:00,20.806884765625
2019-12-10 18:34:45.900000+01:00,24.08447265625
2019-12-10 18:34:46+01:00,24.08447265625
2019-12-10 18:34:46.100000+01:00,19.476318359375
2019-12-10 18:34:46.200000+01:00,19.476318359375
2019-12-10 18:34:46.300000+01:00,19.476318359375
2019-12-10 18:34:46.400000+01:00,19.37255859375
2019-12-10 18:34:46.500000+01:00,19.37255859375
2019-12-10 18:34:46.600000+01:00,19.427490234375
2019-12-10 18:34:46.700000+01:00,19.427490234375
2019-12-10 18:34:46.800000+01:00,19.427490234375
2019-12-10 18:34:46.900000+01:00,19.427490234375
2019-12-10 18:34:47+01:00,19.39697265625
2019-12-10 18:34:47.100000+01:00,19.39697265625
2019-12-10 18:34:47.200000+01:00,19.439697265625
2019-12-10 18:34:47.300000+01:00,19.439697265625
2019-12-10 18:34:47.400000+01:00,19.4091796875
2019-12-10 18:34:47.500000+01:00,19.4091796875
2019-12-10 18:34:47.600000+01:00,19.4091796875
2019-12-10 18:34:47.700000+01:00,19.403076171875
2019-12-10 18:34:47.800000+01:00,19.403076171875
2019-12-10 18:34:47.900000+01:00,19.403076171875
2019-12-10 18:34:48+01:00,19.3603515625
2019-12-10 18:34:48.100000+01:00,19.3603515625
2019-12-10 18:34:48.200000+01:00,19.3603515625
2019-12-10 18:34:48.300000+01:00,19.3359375
2019-12-10 18:34:48.400000+01:00,19.3359375
2019-12-10 18:34:48.500000+01:00,19.451904296875
2019-12-10 18:34:48.600000+01:00,19.451904296875
2019-12-10 18:34:48.700000+01:00,19.354248046875
2019-12-10 18:34:48.800000+01:00,19.354248046875
2019-12-10 18:34:48.900000+01:00,19.354248046875
2019-12-10 18:34:49+01:00,19.37255859375
2019-12-10 18:34:49.100000+01:00,19.37255859375
2019-12-10 18:34:49.200000+01:00,19.37255859375
2019-12-10 18:34:49.300000+01:00,19.488525390625
2019-12-10 18:34:49.400000+01:00,19.488525390625
2019-12-10 18:34:49.500000+01:00,19.44580078125
2019-12-10 18:34:49.600000+01:00,19.44580078125
2019-12-10 18:34:49.700000+01:00,19.44580078125
2019-12-10 18:34:49.800000+01:00,19.403076171875
2019-12-10 18:34:49.900000+01:00,19.403076171875
2019-12-10 18:34:50+01:00,19.775390625
2019-12-10 18:34:50.100000+01:00,19.775390625
2019-12-10 18:34:50.200000+01:00,19.775390625
2019-12-10 18:34:50.300000+01:00,19.775390625
2019-12-10 18:34:50.400000+01:00,18.634033203125
2019-12-10 18:34:50.500000+01:00,18.634033203125
2019-12-10 18:34:50.600000+01:00,19.635009765625
2019-12-10 18:34:50.700000+01:00,19.635009765625
2019-12-10 18:34:50.800000+01:00,19.708251953125
2019-12-10 18:34:50.900000+01:00,19.708251953125
2019-12-10 18:34:51+01:00,19.708251953125
2019-12-10 18:34:51.100000+01:00,28.302001953125
2019-12-10 18:34:51.200000+01:00,28.302001953125
2019-12-10 18:34:51.300000+01:00,19.158935546875
2019-12-10 18:34:51.400000+01:00,19.158935546875
2019-12-10 18:34:51.500000+01:00,19.158935546875
2019-12-10 18:34:51.600000+01:00,20.172119140625
2019-12-10 18:34:51.700000+01:00,20.172119140625
2019-12-10 18:34:51.800000+01:00,20.172119140625
2019-12-10 18:34:51.900000+01:00,20.660400390625
2019-12-10 18:34:52+01:00,20.660400390625
2019-12-10 18:34:52.100000+01:00,20.257568359375
2019-12-10 18:34:52.200000+01:00,20.257568359375
2019-12-10 18:34:52.300000+01:00,20.257568359375
2019-12-10 18:34:52.400000+01:00,20.257568359375
2019-12-10 18:34:52.500000+01:00,20.257568359375
2019-12-10 18:34:52.600000+01:00,20.257568359375
2019-12-10 18:34:52.700000+01:00,14.2578125
2019-12-10 18:34:52.800000+01:00,14.2578125
2019-12-10 18:34:52.900000+01:00,21.136474609375
2019-12-10 18:34:53+01:00,21.136474609375
2019-12-10 18:34:53.100000+01:00,21.136474609375
2019-12-10 18:34:53.200000+01:00,16.339111328125
2019-12-10 18:34:53.300000+01:00,16.339111328125
2019-12-10 18:34:53.400000+01:00,16.80908203125
2019-12-10 18:34:53.500000+01:00,16.80908203125
2019-12-10 18:34:53.600000+01:00,16.80908203125
2019-12-10 18:34:53.700000+01:00,16.27197265625
2019-12-10 18:34:53.800000+01:00,16.27197265625
2019-12-10 18:34:53.900000+01:00,16.27197265625
2019-12-10 18:34:54+01:00,16.058349609375
2019-12-10 18:34:54.100000+01:00,16.058349609375
2019-12-10 18:34:54.200000+01:00,15.673828125
2019-12-10 18:34:54.300000+01:00,15.673828125
2019-12-10 18:34:54.400000+01:00,15.673828125
2019-12-10 18:34:54.500000+01:00,15.95458984375
2019-12-10 18:34:54.600000+01:00,15.95458984375
2019-12-10 18:34:54.700000+01:00,16.56494140625
2019-12-10 18:34:54.800000+01:00,16.56494140625
2019-12-10 18:34:54.900000+01:00,16.046142578125
2019-12-10 18:34:55+01:00,16.046142578125
2019-12-10 18:34:55.100000+01:00,16.046142578125
2019-12-10 18:34:55.200000+01:00,16.046142578125
2019-12-10 18:34:55.300000+01:00,16.656494140625
2019-12-10 18:34:55.400000+01:00,16.656494140625
2019-12-10 18:34:55.500000+01:00,16.41845703125
2019-12-10 18:34:55.600000+01:00,16.41845703125
2019-12-10 18:34:55.700000+01:00,16.41845703125
2019-12-10 18:34:55.800000+01:00,16.058349609375
2019-12-10 18:34:55.900000+01:00,16.058349609375
2019-12-10 18:34:56+01:00,16.80908203125
2019-12-10 18:34:56.100000+01:00,16.80908203125
2019-12-10 18:34:56.200000+01:00,16.80908203125
2019-12-10 18:34:56.300000+01:00,16.89453125
2019-12-10 18:34:56.400000+01:00,16.89453125
2019-12-10 18:34:56.500000+01:00,16.89453125
2019-12-10 18:34:56.600000+01:00,16.552734375
2019-12-10 18:34:56.700000+01:00,16.552734375
2019-12-10 18:34:56.800000+01:00,16.9189453125
2019-12-10 18:34:56.900000+01:00,16.9189453125
2019-12-10 18:34:57+01:00,15.9423828125
2019-12-10 18:34:57.100000+01:00,15.9423828125
2019-12-10 18:34:57.200000+01:00,15.9423828125
2019-12-10 18:34:57.300000+01:00,16.131591796875
2019-12-10 18:34:57.400000+01:00,16.131591796875
2019-12-10 18:34:57.500000+01:00,16.131591796875
2019-12-10 18:34:57.600000+01:00,16.3818359375
2019-12-10 18:34:57.700000+01:00,16.3818359375
2019-12-10 18:34:57.800000+01:00,16.3818359375
2019-12-10 18:34:57.900000+01:00,17.1630859375
2019-12-10 18:34:58+01:00,17.1630859375
2019-12-10 18:34:58.100000+01:00,16.54052734375
2019-12-10 18:34:58.200000+01:00,16.54052734375
2019-12-10 18:34:58.300000+01:00,17.327880859375
2019-12-10 18:34:58.400000+01:00,17.327880859375
2019-12-10 18:34:58.500000+01:00,17.327880859375
2019-12-10 18:34:58.600000+01:00,17.327880859375
2019-12-10 18:34:58.700000+01:00,16.50390625
2019-12-10 18:34:58.800000+01:00,16.50390625
2019-12-10 18:34:58.900000+01:00,16.0400390625
2019-12-10 18:34:59+01:00,16.0400390625
2019-12-10 18:34:59.100000+01:00,16.0400390625
2019-12-10 18:34:59.200000+01:00,17.29736328125
2019-12-10 18:34:59.300000+01:00,17.29736328125
2019-12-10 18:34:59.400000+01:00,16.351318359375
2019-12-10 18:34:59.500000+01:00,16.351318359375
2019-12-10 18:34:59.600000+01:00,16.6748046875
2019-12-10 18:34:59.700000+01:00,16.6748046875
2019-12-10 18:34:59.800000+01:00,16.6748046875
2019-12-10 18:34:59.900000+01:00,16.6748046875
2019-12-10 18:35:00+01:00,21.6064453125
2019-12-10 18:35:00.100000+01:00,21.6064453125
2019-12-10 18:35:00.200000+01:00,34.47265625
2019-12-10 18:35:00.300000+01:00,34.47265625
2019-12-10 18:35:00.400000+01:00,0.91552734375
2019-12-10 18:35:00.500000+01:00,0.91552734375
2019-12-10 18:35:00.600000+01:00,0.91552734375
2019-12-10 18:35:00.700000+01:00,20.703125
2019-12-10 18:35:00.800000+01:00,20.703125
2019-12-10 18:35:00.900000+01:00,20.843505859375
2019-12-10 18:35:01+01:00,20.843505859375
2019-12-10 18:35:01.100000+01:00,20.843505859375
2019-12-10 18:35:01.200000+01:00,20.843505859375
2019-12-10 18:35:01.300000+01:00,20.831298828125
2019-12-10 18:35:01.400000+01:00,20.831298828125
2019-12-10 18:35:01.500000+01:00,20.8251953125
2019-12-10 18:35:01.600000+01:00,20.8251953125
2019-12-10 18:35:01.700000+01:00,20.806884765625
2019-12-10 18:35:01.800000+01:00,20.806884765625
2019-12-10 18:35:01.900000+01:00,20.806884765625
2019-12-10 18:35:02+01:00,20.806884765625
2019-12-10 18:35:02.100000+01:00,20.806884765625
2019-12-10 18:35:02.200000+01:00,20.806884765625
2019-12-10 18:35:02.300000+01:00,17.0166015625
2019-12-10 18:35:02.400000+01:00,17.0166015625
2019-12-10 18:35:02.500000+01:00,16.424560546875
2019-12-10 18:35:02.600000+01:00,16.424560546875
2019-12-10 18:35:02.700000+01:00,16.424560546875
2019-12-10 18:35:02.800000+01:00,16.552734375
2019-12-10 18:35:02.900000+01:00,16.552734375
2019-12-10 18:35:03+01:00,17.730712890625
2019-12-10 18:35:03.100000+01:00,17.730712890625
2019-12-10 18:35:03.200000+01:00,17.730712890625
2019-12-10 18:35:03.300000+01:00,17.730712890625
2019-12-10 18:35:03.400000+01:00,17.816162109375
2019-12-10 18:35:03.500000+01:00,17.816162109375
2019-12-10 18:35:03.600000+01:00,17.76123046875
2019-12-10 18:35:03.700000+01:00,17.76123046875
2019-12-10 18:35:03.800000+01:00,24.139404296875
2019-12-10 18:35:03.900000+01:00,24.139404296875
2019-12-10 18:35:04+01:00,24.139404296875
2019-12-10 18:35:04.100000+01:00,23.907470703125
2019-12-10 18:35:04.200000+01:00,23.907470703125
2019-12-10 18:35:04.300000+01:00,25.054931640625
2019-12-10 18:35:04.400000+01:00,25.054931640625
2019-12-10 18:35:04.500000+01:00,25.054931640625
2019-12-10 18:35:04.600000+01:00,25.054931640625
2019-12-10 18:35:04.700000+01:00,23.974609375
2019-12-10 18:35:04.800000+01:00,23.974609375
2019-12-10 18:35:04.900000+01:00,22.442626953125
2019-12-10 18:35:05+01:00,22.442626953125
2019-12-10 18:35:05.100000+01:00,21.868896484375
2019-12-10 18:35:05.200000+01:00,21.868896484375
2019-12-10 18:35:05.300000+01:00,21.868896484375
2019-12-10 18:35:05.400000+01:00,21.81396484375
2019-12-10 18:35:05.500000+01:00,21.81396484375
2019-12-10 18:35:05.600000+01:00,21.783447265625
2019-12-10 18:35:05.700000+01:00,21.783447265625
2019-12-10 18:35:05.800000+01:00,21.783447265625
2019-12-10 18:35:05.900000+01:00,21.746826171875
2019-12-10 18:35:06+01:00,21.746826171875
2019-12-10 18:35:06.100000+01:00,21.746826171875
2019-12-10 18:35:06.200000+01:00,21.734619140625
2019-12-10 18:35:06.300000+01:00,21.734619140625
2019-12-10 18:35:06.400000+01:00,21.697998046875
2019-12-10 18:35:06.500000+01:00,21.697998046875
2019-12-10 18:35:06.600000+01:00,21.697998046875
2019-12-10 18:35:06.700000+01:00,21.69189453125
2019-12-10 18:35:06.800000+01:00,21.69189453125
2019-12-10 18:35:06.900000+01:00,21.69189453125
2019-12-10 18:35:07+01:00,21.673583984375
2019-12-10 18:35:07.100000+01:00,21.673583984375
2019-12-10 18:35:07.200000+01:00,21.66748046875
2019-12-10 18:35:07.300000+01:00,21.66748046875
2019-12-10 18:35:07.400000+01:00,21.66748046875
2019-12-10 18:35:07.500000+01:00,21.6552734375
2019-12-10 18:35:07.600000+01:00,21.6552734375
2019-12-10 18:35:07.700000+01:00,21.64306640625
2019-12-10 18:35:07.800000+01:00,21.64306640625
2019-12-10 18:35:07.900000+01:00,21.649169921875
2019-12-10 18:35:08+01:00,21.649169921875
2019-12-10 18:35:08.100000+01:00,21.649169921875
2019-12-10 18:35:08.200000+01:00,21.649169921875
2019-12-10 18:35:08.300000+01:00,21.630859375
2019-12-10 18:35:08.400000+01:00,21.630859375
2019-12-10 18:35:08.500000+01:00,21.624755859375
2019-12-10 18:35:08.600000+01:00,21.624755859375
2019-12-10 18:35:08.700000+01:00,21.624755859375
2019-12-10 18:35:08.800000+01:00,21.624755859375
2019-12-10 18:35:08.900000+01:00,21.624755859375
2019-12-10 18:35:09+01:00,21.6064453125
2019-12-10 18:35:09.100000+01:00,21.6064453125
2019-12-10 18:35:09.200000+01:00,21.6064453125
2019-12-10 18:35:09.300000+01:00,21.612548828125
2019-12-10 18:35:09.400000+01:00,21.612548828125
2019-12-10 18:35:09.500000+01:00,21.612548828125
2019-12-10 18:35:09.600000+01:00,21.600341796875
2019-12-10 18:35:09.700000+01:00,21.600341796875
2019-12-10 18:35:09.800000+01:00,21.59423828125
2019-12-10 18:35:09.900000+01:00,21.59423828125
2019-12-10 18:35:10+01:00,21.59423828125
2019-12-10 18:35:10.100000+01:00,20.294189453125
2019-12-10 18:35:10.200000+01:00,20.294189453125
2019-12-10 18:35:10.300000+01:00,20.111083984375
2019-12-10 18:35:10.400000+01:00,20.111083984375
2019-12-10 18:35:10.500000+01:00,20.111083984375
2019-12-10 18:35:10.600000+01:00,20.635986328125
2019-12-10 18:35:10.700000+01:00,20.635986328125
2019-12-10 18:35:10.800000+01:00,20.635986328125
2019-12-10 18:35:10.900000+01:00,17.05322265625
2019-12-10 18:35:11+01:00,17.05322265625
2019-12-10 18:35:11.100000+01:00,16.32080078125
2019-12-10 18:35:11.200000+01:00,16.32080078125
2019-12-10 18:35:11.300000+01:00,16.278076171875
2019-12-10 18:35:11.400000+01:00,16.278076171875
2019-12-10 18:35:11.500000+01:00,16.278076171875
2019-12-10 18:35:11.600000+01:00,16.278076171875
2019-12-10 18:35:11.700000+01:00,15.850830078125
2019-12-10 18:35:11.800000+01:00,15.850830078125
2019-12-10 18:35:11.900000+01:00,16.082763671875
2019-12-10 18:35:12+01:00,16.082763671875
2019-12-10 18:35:12.100000+01:00,16.082763671875
2019-12-10 18:35:12.200000+01:00,16.5283203125
2019-12-10 18:35:12.300000+01:00,16.5283203125
2019-12-10 18:35:12.400000+01:00,15.960693359375
2019-12-10 18:35:12.500000+01:00,15.960693359375
2019-12-10 18:35:12.600000+01:00,16.473388671875
2019-12-10 18:35:12.700000+01:00,16.473388671875
2019-12-10 18:35:12.800000+01:00,16.473388671875
2019-12-10 18:35:12.900000+01:00,16.473388671875
2019-12-10 18:35:13+01:00,16.778564453125
2019-12-10 18:35:13.100000+01:00,16.778564453125
2019-12-10 18:35:13.200000+01:00,15.850830078125
2019-12-10 18:35:13.300000+01:00,15.850830078125
2019-12-10 18:35:13.400000+01:00,16.595458984375
2019-12-10 18:35:13.500000+01:00,16.595458984375
2019-12-10 18:35:13.600000+01:00,16.595458984375
2019-12-10 18:35:13.700000+01:00,16.754150390625
2019-12-10 18:35:13.800000+01:00,16.754150390625
2019-12-10 18:35:13.900000+01:00,16.680908203125
2019-12-10 18:35:14+01:00,16.680908203125
2019-12-10 18:35:14.100000+01:00,16.680908203125
2019-12-10 18:35:14.200000+01:00,16.680908203125
2019-12-10 18:35:14.300000+01:00,16.83349609375
2019-12-10 18:35:14.400000+01:00,16.83349609375
2019-12-10 18:35:14.500000+01:00,15.673828125
2019-12-10 18:35:14.600000+01:00,15.673828125
2019-12-10 18:35:14.700000+01:00,16.44287109375
2019-12-10 18:35:14.800000+01:00,16.44287109375
2019-12-10 18:35:14.900000+01:00,16.44287109375
2019-12-10 18:35:15+01:00,16.12548828125
2019-12-10 18:35:15.100000+01:00,16.12548828125
2019-12-10 18:35:15.200000+01:00,16.12548828125
2019-12-10 18:35:15.300000+01:00,17.193603515625
2019-12-10 18:35:15.400000+01:00,17.193603515625
2019-12-10 18:35:15.500000+01:00,16.71142578125
2019-12-10 18:35:15.600000+01:00,16.71142578125
2019-12-10 18:35:15.700000+01:00,16.71142578125
2019-12-10 18:35:15.800000+01:00,16.1865234375
2019-12-10 18:35:15.900000+01:00,16.1865234375
2019-12-10 18:35:16+01:00,16.93115234375
2019-12-10 18:35:16.100000+01:00,16.93115234375
2019-12-10 18:35:16.200000+01:00,16.93115234375
2019-12-10 18:35:16.300000+01:00,17.5048828125
2019-12-10 18:35:16.400000+01:00,17.5048828125
2019-12-10 18:35:16.500000+01:00,17.5048828125
2019-12-10 18:35:16.600000+01:00,18.0419921875
2019-12-10 18:35:16.700000+01:00,18.0419921875
2019-12-10 18:35:16.800000+01:00,17.584228515625
2019-12-10 18:35:16.900000+01:00,17.584228515625
2019-12-10 18:35:17+01:00,17.584228515625
2019-12-10 18:35:17.100000+01:00,16.168212890625
2019-12-10 18:35:17.200000+01:00,16.168212890625
2019-12-10 18:35:17.300000+01:00,20.66650390625
2019-12-10 18:35:17.400000+01:00,20.66650390625
2019-12-10 18:35:17.500000+01:00,20.66650390625
2019-12-10 18:35:17.600000+01:00,20.66650390625
2019-12-10 18:35:17.700000+01:00,21.240234375
2019-12-10 18:35:17.800000+01:00,21.240234375
2019-12-10 18:35:17.900000+01:00,28.45458984375
2019-12-10 18:35:18+01:00,28.45458984375
2019-12-10 18:35:18.100000+01:00,20.3857421875
2019-12-10 18:35:18.200000+01:00,20.3857421875
2019-12-10 18:35:18.300000+01:00,20.3857421875
2019-12-10 18:35:18.400000+01:00,20.5078125
2019-12-10 18:35:18.500000+01:00,20.5078125
2019-12-10 18:35:18.600000+01:00,19.073486328125
2019-12-10 18:35:18.700000+01:00,19.073486328125
2019-12-10 18:35:18.800000+01:00,19.073486328125
2019-12-10 18:35:18.900000+01:00,20.989990234375
2019-12-10 18:35:19+01:00,20.989990234375
2019-12-10 18:35:19.100000+01:00,20.989990234375
2019-12-10 18:35:19.200000+01:00,20.477294921875
2019-12-10 18:35:19.300000+01:00,20.477294921875
2019-12-10 18:35:19.400000+01:00,2.3193359375
2019-12-10 18:35:19.500000+01:00,2.3193359375
2019-12-10 18:35:19.600000+01:00,2.3193359375
2019-12-10 18:35:19.700000+01:00,44.061279296875
2019-12-10 18:35:19.800000+01:00,44.061279296875
2019-12-10 18:35:19.900000+01:00,44.061279296875
2019-12-10 18:35:20+01:00,19.329833984375
2019-12-10 18:35:20.100000+01:00,19.329833984375
2019-12-10 18:35:20.200000+01:00,17.724609375
2019-12-10 18:35:20.300000+01:00,17.724609375
2019-12-10 18:35:20.400000+01:00,17.724609375
2019-12-10 18:35:20.500000+01:00,16.50390625
2019-12-10 18:35:20.600000+01:00,16.50390625
2019-12-10 18:35:20.700000+01:00,16.033935546875
2019-12-10 18:35:20.800000+01:00,16.033935546875
2019-12-10 18:35:20.900000+01:00,16.436767578125
2019-12-10 18:35:21+01:00,16.436767578125
2019-12-10 18:35:21.100000+01:00,16.436767578125
2019-12-10 18:35:21.200000+01:00,16.436767578125
2019-12-10 18:35:21.300000+01:00,17.12646484375
2019-12-10 18:35:21.400000+01:00,17.12646484375
2019-12-10 18:35:21.500000+01:00,17.02880859375
2019-12-10 18:35:21.600000+01:00,17.02880859375
2019-12-10 18:35:21.700000+01:00,17.02880859375
2019-12-10 18:35:21.800000+01:00,17.07763671875
2019-12-10 18:35:21.900000+01:00,17.07763671875
2019-12-10 18:35:22+01:00,16.607666015625
2019-12-10 18:35:22.100000+01:00,16.607666015625
2019-12-10 18:35:22.200000+01:00,14.34326171875
2019-12-10 18:35:22.300000+01:00,14.34326171875
2019-12-10 18:35:22.400000+01:00,14.34326171875
2019-12-10 18:35:22.500000+01:00,14.34326171875
2019-12-10 18:35:22.600000+01:00,14.556884765625
2019-12-10 18:35:22.700000+01:00,14.556884765625
2019-12-10 18:35:22.800000+01:00,14.752197265625
2019-12-10 18:35:22.900000+01:00,14.752197265625
2019-12-10 18:35:23+01:00,14.752197265625
2019-12-10 18:35:23.100000+01:00,14.12353515625
2019-12-10 18:35:23.200000+01:00,14.12353515625
2019-12-10 18:35:23.300000+01:00,13.800048828125
2019-12-10 18:35:23.400000+01:00,13.800048828125
2019-12-10 18:35:23.500000+01:00,13.800048828125
2019-12-10 18:35:23.600000+01:00,13.433837890625
2019-12-10 18:35:23.700000+01:00,13.433837890625
2019-12-10 18:35:23.800000+01:00,13.433837890625
2019-12-10 18:35:23.900000+01:00,13.690185546875
2019-12-10 18:35:24+01:00,13.690185546875
2019-12-10 18:35:24.100000+01:00,14.544677734375
2019-12-10 18:35:24.200000+01:00,14.544677734375
2019-12-10 18:35:24.300000+01:00,14.2333984375
2019-12-10 18:35:24.400000+01:00,14.2333984375
2019-12-10 18:35:24.500000+01:00,14.2333984375
2019-12-10 18:35:24.600000+01:00,13.983154296875
2019-12-10 18:35:24.700000+01:00,13.983154296875
2019-12-10 18:35:24.800000+01:00,13.983154296875
2019-12-10 18:35:24.900000+01:00,13.8671875
2019-12-10 18:35:25+01:00,13.8671875
2019-12-10 18:35:25.100000+01:00,13.8671875
2019-12-10 18:35:25.200000+01:00,15.19775390625
2019-12-10 18:35:25.300000+01:00,15.19775390625
2019-12-10 18:35:25.400000+01:00,20.00732421875
2019-12-10 18:35:25.500000+01:00,20.00732421875
2019-12-10 18:35:25.600000+01:00,17.303466796875
2019-12-10 18:35:25.700000+01:00,17.303466796875
2019-12-10 18:35:25.800000+01:00,17.303466796875
2019-12-10 18:35:25.900000+01:00,17.303466796875
2019-12-10 18:35:26+01:00,16.796875
2019-12-10 18:35:26.100000+01:00,16.796875
2019-12-10 18:35:26.200000+01:00,16.448974609375
2019-12-10 18:35:26.300000+01:00,16.448974609375
2019-12-10 18:35:26.400000+01:00,16.827392578125
2019-12-10 18:35:26.500000+01:00,16.827392578125
2019-12-10 18:35:26.600000+01:00,16.827392578125
2019-12-10 18:35:26.700000+01:00,17.333984375
2019-12-10 18:35:26.800000+01:00,17.333984375
2019-12-10 18:35:26.900000+01:00,17.144775390625
2019-12-10 18:35:27+01:00,17.144775390625
2019-12-10 18:35:27.100000+01:00,17.144775390625
2019-12-10 18:35:27.200000+01:00,17.144775390625
2019-12-10 18:35:27.300000+01:00,17.218017578125
2019-12-10 18:35:27.400000+01:00,17.218017578125
2019-12-10 18:35:27.500000+01:00,16.943359375
2019-12-10 18:35:27.600000+01:00,16.943359375
2019-12-10 18:35:27.700000+01:00,16.22314453125
2019-12-10 18:35:27.800000+01:00,16.22314453125
2019-12-10 18:35:27.900000+01:00,16.22314453125
2019-12-10 18:35:28+01:00,16.741943359375
2019-12-10 18:35:28.100000+01:00,16.741943359375
2019-12-10 18:35:28.200000+01:00,16.741943359375
2019-12-10 18:35:28.300000+01:00,17.169189453125
2019-12-10 18:35:28.400000+01:00,17.169189453125
2019-12-10 18:35:28.500000+01:00,17.169189453125
2019-12-10 18:35:28.600000+01:00,16.595458984375
2019-12-10 18:35:28.700000+01:00,16.595458984375
2019-12-10 18:35:28.800000+01:00,16.436767578125
2019-12-10 18:35:28.900000+01:00,16.436767578125
2019-12-10 18:35:29+01:00,15.924072265625
2019-12-10 18:35:29.100000+01:00,15.924072265625
2019-12-10 18:35:29.200000+01:00,15.924072265625
2019-12-10 18:35:29.300000+01:00,16.082763671875
2019-12-10 18:35:29.400000+01:00,16.082763671875
2019-12-10 18:35:29.500000+01:00,16.082763671875
2019-12-10 18:35:29.600000+01:00,17.120361328125
2019-12-10 18:35:29.700000+01:00,17.120361328125
2019-12-10 18:35:29.800000+01:00,16.888427734375
2019-12-10 18:35:29.900000+01:00,16.888427734375
2019-12-10 18:35:30+01:00,16.888427734375
2019-12-10 18:35:30.100000+01:00,16.595458984375
2019-12-10 18:35:30.200000+01:00,16.595458984375
2019-12-10 18:35:30.300000+01:00,16.302490234375
2019-12-10 18:35:30.400000+01:00,16.302490234375
2019-12-10 18:35:30.500000+01:00,16.302490234375
2019-12-10 18:35:30.600000+01:00,16.302490234375
2019-12-10 18:35:30.700000+01:00,15.53955078125
2019-12-10 18:35:30.800000+01:00,15.53955078125
2019-12-10 18:35:30.900000+01:00,14.22119140625
2019-12-10 18:35:31+01:00,14.22119140625
2019-12-10 18:35:31.100000+01:00,13.995361328125
2019-12-10 18:35:31.200000+01:00,13.995361328125
2019-12-10 18:35:31.300000+01:00,13.995361328125
2019-12-10 18:35:31.400000+01:00,13.543701171875
2019-12-10 18:35:31.500000+01:00,13.543701171875
2019-12-10 18:35:31.600000+01:00,13.458251953125
2019-12-10 18:35:31.700000+01:00,13.458251953125
2019-12-10 18:35:31.800000+01:00,13.458251953125
2019-12-10 18:35:31.900000+01:00,13.330078125
2019-12-10 18:35:32+01:00,13.330078125
2019-12-10 18:35:32.100000+01:00,13.330078125
2019-12-10 18:35:32.200000+01:00,13.75732421875
2019-12-10 18:35:32.300000+01:00,13.75732421875
2019-12-10 18:35:32.400000+01:00,13.861083984375
2019-12-10 18:35:32.500000+01:00,13.861083984375
2019-12-10 18:35:32.600000+01:00,13.861083984375
2019-12-10 18:35:32.700000+01:00,13.720703125
2019-12-10 18:35:32.800000+01:00,13.720703125
2019-12-10 18:35:32.900000+01:00,13.763427734375
2019-12-10 18:35:33+01:00,13.763427734375
2019-12-10 18:35:33.100000+01:00,13.763427734375
2019-12-10 18:35:33.200000+01:00,13.458251953125
2019-12-10 18:35:33.300000+01:00,13.458251953125
2019-12-10 18:35:33.400000+01:00,13.458251953125
2019-12-10 18:35:33.500000+01:00,13.8671875
2019-12-10 18:35:33.600000+01:00,13.8671875
2019-12-10 18:35:33.700000+01:00,13.836669921875
2019-12-10 18:35:33.800000+01:00,13.836669921875
2019-12-10 18:35:33.900000+01:00,13.836669921875
2019-12-10 18:35:34+01:00,42.822265625
2019-12-10 18:35:34.100000+01:00,42.822265625
2019-12-10 18:35:34.200000+01:00,42.822265625
2019-12-10 18:35:34.300000+01:00,18.359375
2019-12-10 18:35:34.400000+01:00,18.359375
2019-12-10 18:35:34.500000+01:00,16.583251953125
2019-12-10 18:35:34.600000+01:00,16.583251953125
2019-12-10 18:35:34.700000+01:00,16.583251953125
2019-12-10 18:35:34.800000+01:00,17.022705078125
2019-12-10 18:35:34.900000+01:00,17.022705078125
2019-12-10 18:35:35+01:00,17.449951171875
2019-12-10 18:35:35.100000+01:00,17.449951171875
2019-12-10 18:35:35.200000+01:00,17.041015625
2019-12-10 18:35:35.300000+01:00,17.041015625
2019-12-10 18:35:35.400000+01:00,17.041015625
2019-12-10 18:35:35.500000+01:00,17.041015625
2019-12-10 18:35:35.600000+01:00,16.89453125
2019-12-10 18:35:35.700000+01:00,16.89453125
2019-12-10 18:35:35.800000+01:00,16.4306640625
2019-12-10 18:35:35.900000+01:00,16.4306640625
2019-12-10 18:35:36+01:00,16.4306640625
2019-12-10 18:35:36.100000+01:00,16.522216796875
2019-12-10 18:35:36.200000+01:00,16.522216796875
2019-12-10 18:35:36.300000+01:00,17.0166015625
2019-12-10 18:35:36.400000+01:00,17.0166015625
2019-12-10 18:35:36.500000+01:00,17.0166015625
2019-12-10 18:35:36.600000+01:00,16.5771484375
2019-12-10 18:35:36.700000+01:00,16.5771484375
2019-12-10 18:35:36.800000+01:00,16.5771484375
2019-12-10 18:35:36.900000+01:00,16.259765625
2019-12-10 18:35:37+01:00,16.259765625
2019-12-10 18:35:37.100000+01:00,15.8935546875
2019-12-10 18:35:37.200000+01:00,15.8935546875
2019-12-10 18:35:37.300000+01:00,16.021728515625
2019-12-10 18:35:37.400000+01:00,16.021728515625
2019-12-10 18:35:37.500000+01:00,16.021728515625
2019-12-10 18:35:37.600000+01:00,16.748046875
2019-12-10 18:35:37.700000+01:00,16.748046875
2019-12-10 18:35:37.800000+01:00,16.748046875
2019-12-10 18:35:37.900000+01:00,16.607666015625
2019-12-10 18:35:38+01:00,16.607666015625
2019-12-10 18:35:38.100000+01:00,16.607666015625
2019-12-10 18:35:38.200000+01:00,16.796875
2019-12-10 18:35:38.300000+01:00,16.796875
2019-12-10 18:35:38.400000+01:00,16.351318359375
2019-12-10 18:35:38.500000+01:00,16.351318359375
2019-12-10 18:35:38.600000+01:00,16.30859375
2019-12-10 18:35:38.700000+01:00,16.30859375
2019-12-10 18:35:38.800000+01:00,16.30859375
2019-12-10 18:35:38.900000+01:00,16.30859375
2019-12-10 18:35:39+01:00,16.8212890625
2019-12-10 18:35:39.100000+01:00,16.8212890625
2019-12-10 18:35:39.200000+01:00,15.875244140625
2019-12-10 18:35:39.300000+01:00,15.875244140625
2019-12-10 18:35:39.400000+01:00,15.875244140625
2019-12-10 18:35:39.500000+01:00,3.851318359375
2019-12-10 18:35:39.600000+01:00,3.851318359375
2019-12-10 18:35:39.700000+01:00,17.498779296875
2019-12-10 18:35:39.800000+01:00,17.498779296875
2019-12-10 18:35:39.900000+01:00,16.63818359375
2019-12-10 18:35:40+01:00,16.63818359375
2019-12-10 18:35:40.100000+01:00,16.63818359375
2019-12-10 18:35:40.200000+01:00,16.63818359375
2019-12-10 18:35:40.300000+01:00,16.83349609375
2019-12-10 18:35:40.400000+01:00,16.83349609375
2019-12-10 18:35:40.500000+01:00,17.437744140625
2019-12-10 18:35:40.600000+01:00,17.437744140625
2019-12-10 18:35:40.700000+01:00,17.29736328125
2019-12-10 18:35:40.800000+01:00,17.29736328125
2019-12-10 18:35:40.900000+01:00,17.29736328125
2019-12-10 18:35:41+01:00,17.19970703125
2019-12-10 18:35:41.100000+01:00,17.19970703125
2019-12-10 18:35:41.200000+01:00,19.3115234375
2019-12-10 18:35:41.300000+01:00,19.3115234375
2019-12-10 18:35:41.400000+01:00,19.3115234375
2019-12-10 18:35:41.500000+01:00,19.3115234375
2019-12-10 18:35:41.600000+01:00,17.572021484375
2019-12-10 18:35:41.700000+01:00,17.572021484375
2019-12-10 18:35:41.800000+01:00,17.1875
2019-12-10 18:35:41.900000+01:00,17.1875
2019-12-10 18:35:42+01:00,16.76025390625
2019-12-10 18:35:42.100000+01:00,16.76025390625
2019-12-10 18:35:42.200000+01:00,16.76025390625
2019-12-10 18:35:42.300000+01:00,16.302490234375
2019-12-10 18:35:42.400000+01:00,16.302490234375
2019-12-10 18:35:42.500000+01:00,16.302490234375
2019-12-10 18:35:42.600000+01:00,16.68701171875
2019-12-10 18:35:42.700000+01:00,16.68701171875
2019-12-10 18:35:42.800000+01:00,17.138671875
2019-12-10 18:35:42.900000+01:00,17.138671875
2019-12-10 18:35:43+01:00,17.138671875
2019-12-10 18:35:43.100000+01:00,16.998291015625
2019-12-10 18:35:43.200000+01:00,16.998291015625
2019-12-10 18:35:43.300000+01:00,11.56005859375
2019-12-10 18:35:43.400000+01:00,11.56005859375
2019-12-10 18:35:43.500000+01:00,11.56005859375
2019-12-10 18:35:43.600000+01:00,11.56005859375
2019-12-10 18:35:43.700000+01:00,18.9208984375
2019-12-10 18:35:43.800000+01:00,18.9208984375
2019-12-10 18:35:43.900000+01:00,16.766357421875
2019-12-10 18:35:44+01:00,16.766357421875
2019-12-10 18:35:44.100000+01:00,16.6259765625
2019-12-10 18:35:44.200000+01:00,16.6259765625
2019-12-10 18:35:44.300000+01:00,16.6259765625
2019-12-10 18:35:44.400000+01:00,17.37060546875
2019-12-10 18:35:44.500000+01:00,17.37060546875
2019-12-10 18:35:44.600000+01:00,17.236328125
2019-12-10 18:35:44.700000+01:00,17.236328125
2019-12-10 18:35:44.800000+01:00,17.236328125
2019-12-10 18:35:44.900000+01:00,17.1875
2019-12-10 18:35:45+01:00,17.1875
2019-12-10 18:35:45.100000+01:00,17.1875
2019-12-10 18:35:45.200000+01:00,19.317626953125
2019-12-10 18:35:45.300000+01:00,19.317626953125
2019-12-10 18:35:45.400000+01:00,17.431640625
2019-12-10 18:35:45.500000+01:00,17.431640625
2019-12-10 18:35:45.600000+01:00,17.431640625
2019-12-10 18:35:45.700000+01:00,17.205810546875
2019-12-10 18:35:45.800000+01:00,17.205810546875
2019-12-10 18:35:45.900000+01:00,16.71142578125
2019-12-10 18:35:46+01:00,16.71142578125
2019-12-10 18:35:46.100000+01:00,16.71142578125
2019-12-10 18:35:46.200000+01:00,16.1865234375
2019-12-10 18:35:46.300000+01:00,16.1865234375
2019-12-10 18:35:46.400000+01:00,16.1865234375
2019-12-10 18:35:46.500000+01:00,16.6259765625
2019-12-10 18:35:46.600000+01:00,16.6259765625
2019-12-10 18:35:46.700000+01:00,17.138671875
2019-12-10 18:35:46.800000+01:00,17.138671875
2019-12-10 18:35:46.900000+01:00,17.138671875
2019-12-10 18:35:47+01:00,16.845703125
2019-12-10 18:35:47.100000+01:00,16.845703125
2019-12-10 18:35:47.200000+01:00,16.845703125
2019-12-10 18:35:47.300000+01:00,11.553955078125
2019-12-10 18:35:47.400000+01:00,11.553955078125
2019-12-10 18:35:47.500000+01:00,18.109130859375
2019-12-10 18:35:47.600000+01:00,18.109130859375
2019-12-10 18:35:47.700000+01:00,18.109130859375
2019-12-10 18:35:47.800000+01:00,16.76025390625
2019-12-10 18:35:47.900000+01:00,16.76025390625
2019-12-10 18:35:48+01:00,16.656494140625
2019-12-10 18:35:48.100000+01:00,16.656494140625
2019-12-10 18:35:48.200000+01:00,17.48046875
2019-12-10 18:35:48.300000+01:00,17.48046875
2019-12-10 18:35:48.400000+01:00,17.48046875
2019-12-10 18:35:48.500000+01:00,17.48046875
2019-12-10 18:35:48.600000+01:00,17.19970703125
2019-12-10 18:35:48.700000+01:00,17.19970703125
2019-12-10 18:35:48.800000+01:00,17.169189453125
2019-12-10 18:35:48.900000+01:00,17.169189453125
2019-12-10 18:35:49+01:00,17.169189453125
2019-12-10 18:35:49.100000+01:00,16.943359375
2019-12-10 18:35:49.200000+01:00,16.943359375
2019-12-10 18:35:49.300000+01:00,18.39599609375
2019-12-10 18:35:49.400000+01:00,18.39599609375
2019-12-10 18:35:49.500000+01:00,18.39599609375
2019-12-10 18:35:49.600000+01:00,16.5283203125
2019-12-10 18:35:49.700000+01:00,16.5283203125
2019-12-10 18:35:49.800000+01:00,16.5283203125
2019-12-10 18:35:49.900000+01:00,16.07666015625
2019-12-10 18:35:50+01:00,16.07666015625
2019-12-10 18:35:50.100000+01:00,16.22314453125
2019-12-10 18:35:50.200000+01:00,16.22314453125
2019-12-10 18:35:50.300000+01:00,16.900634765625
2019-12-10 18:35:50.400000+01:00,16.900634765625
2019-12-10 18:35:50.500000+01:00,16.900634765625
2019-12-10 18:35:50.600000+01:00,17.17529296875
2019-12-10 18:35:50.700000+01:00,17.17529296875
2019-12-10 18:35:50.800000+01:00,17.17529296875
2019-12-10 18:35:50.900000+01:00,16.748046875
2019-12-10 18:35:51+01:00,16.748046875
2019-12-10 18:35:51.100000+01:00,16.748046875
2019-12-10 18:35:51.200000+01:00,16.363525390625
2019-12-10 18:35:51.300000+01:00,16.363525390625
2019-12-10 18:35:51.400000+01:00,16.217041015625
2019-12-10 18:35:51.500000+01:00,16.217041015625
2019-12-10 18:35:51.600000+01:00,15.997314453125
2019-12-10 18:35:51.700000+01:00,15.997314453125
2019-12-10 18:35:51.800000+01:00,15.997314453125
2019-12-10 18:35:51.900000+01:00,15.997314453125
2019-12-10 18:35:52+01:00,16.754150390625
2019-12-10 18:35:52.100000+01:00,16.754150390625
2019-12-10 18:35:52.200000+01:00,17.083740234375
2019-12-10 18:35:52.300000+01:00,17.083740234375
2019-12-10 18:35:52.400000+01:00,17.083740234375
2019-12-10 18:35:52.500000+01:00,16.58935546875
2019-12-10 18:35:52.600000+01:00,16.58935546875
2019-12-10 18:35:52.700000+01:00,16.650390625
2019-12-10 18:35:52.800000+01:00,16.650390625
2019-12-10 18:35:52.900000+01:00,16.082763671875
2019-12-10 18:35:53+01:00,16.082763671875
2019-12-10 18:35:53.100000+01:00,16.082763671875
2019-12-10 18:35:53.200000+01:00,16.082763671875
2019-12-10 18:35:53.300000+01:00,16.717529296875
2019-12-10 18:35:53.400000+01:00,16.717529296875
2019-12-10 18:35:53.500000+01:00,16.900634765625
2019-12-10 18:35:53.600000+01:00,16.900634765625
2019-12-10 18:35:53.700000+01:00,16.265869140625
2019-12-10 18:35:53.800000+01:00,16.265869140625
2019-12-10 18:35:53.900000+01:00,16.265869140625
2019-12-10 18:35:54+01:00,16.11328125
2019-12-10 18:35:54.100000+01:00,16.11328125
2019-12-10 18:35:54.200000+01:00,15.728759765625
2019-12-10 18:35:54.300000+01:00,15.728759765625
2019-12-10 18:35:54.400000+01:00,15.728759765625
2019-12-10 18:35:54.500000+01:00,15.728759765625
2019-12-10 18:35:54.600000+01:00,16.302490234375
2019-12-10 18:35:54.700000+01:00,16.302490234375
2019-12-10 18:35:54.800000+01:00,16.668701171875
2019-12-10 18:35:54.900000+01:00,16.668701171875
2019-12-10 18:35:55+01:00,16.351318359375
2019-12-10 18:35:55.100000+01:00,16.351318359375
2019-12-10 18:35:55.200000+01:00,16.351318359375
2019-12-10 18:35:55.300000+01:00,16.717529296875
2019-12-10 18:35:55.400000+01:00,16.717529296875
2019-12-10 18:35:55.500000+01:00,16.717529296875
2019-12-10 18:35:55.600000+01:00,16.082763671875
2019-12-10 18:35:55.700000+01:00,16.082763671875
2019-12-10 18:35:55.800000+01:00,16.510009765625
2019-12-10 18:35:55.900000+01:00,16.510009765625
2019-12-10 18:35:56+01:00,16.510009765625
2019-12-10 18:35:56.100000+01:00,16.778564453125
2019-12-10 18:35:56.200000+01:00,16.778564453125
2019-12-10 18:35:56.300000+01:00,14.2578125
2019-12-10 18:35:56.400000+01:00,14.2578125
2019-12-10 18:35:56.500000+01:00,14.2578125
2019-12-10 18:35:56.600000+01:00,14.990234375
2019-12-10 18:35:56.700000+01:00,14.990234375
2019-12-10 18:35:56.800000+01:00,14.990234375
2019-12-10 18:35:56.900000+01:00,19.549560546875
2019-12-10 18:35:57+01:00,19.549560546875
2019-12-10 18:35:57.100000+01:00,16.845703125
2019-12-10 18:35:57.200000+01:00,16.845703125
2019-12-10 18:35:57.300000+01:00,16.845703125
2019-12-10 18:35:57.400000+01:00,16.595458984375
2019-12-10 18:35:57.500000+01:00,16.595458984375
2019-12-10 18:35:57.600000+01:00,17.333984375
2019-12-10 18:35:57.700000+01:00,17.333984375
2019-12-10 18:35:57.800000+01:00,17.333984375
2019-12-10 18:35:57.900000+01:00,17.333984375
2019-12-10 18:35:58+01:00,17.46826171875
2019-12-10 18:35:58.100000+01:00,17.46826171875
2019-12-10 18:35:58.200000+01:00,17.1875
2019-12-10 18:35:58.300000+01:00,17.1875
2019-12-10 18:35:58.400000+01:00,17.333984375
2019-12-10 18:35:58.500000+01:00,17.333984375
2019-12-10 18:35:58.600000+01:00,17.333984375
2019-12-10 18:35:58.700000+01:00,16.619873046875
2019-12-10 18:35:58.800000+01:00,16.619873046875
2019-12-10 18:35:58.900000+01:00,16.839599609375
2019-12-10 18:35:59+01:00,16.839599609375
2019-12-10 18:35:59.100000+01:00,16.839599609375
2019-12-10 18:35:59.200000+01:00,16.485595703125
2019-12-10 18:35:59.300000+01:00,16.485595703125
2019-12-10 18:35:59.400000+01:00,16.485595703125
2019-12-10 18:35:59.500000+01:00,16.290283203125
2019-12-10 18:35:59.600000+01:00,16.290283203125
2019-12-10 18:35:59.700000+01:00,16.552734375
2019-12-10 18:35:59.800000+01:00,16.552734375
2019-12-10 18:35:59.900000+01:00,16.552734375
2019-12-10 18:36:00+01:00,17.132568359375
2019-12-10 18:36:00.100000+01:00,17.132568359375
2019-12-10 18:36:00.200000+01:00,17.132568359375
2019-12-10 18:36:00.300000+01:00,16.973876953125
2019-12-10 18:36:00.400000+01:00,16.973876953125
2019-12-10 18:36:00.500000+01:00,16.680908203125
2019-12-10 18:36:00.600000+01:00,16.680908203125
2019-12-10 18:36:00.700000+01:00,16.680908203125
2019-12-10 18:36:00.800000+01:00,16.5283203125
2019-12-10 18:36:00.900000+01:00,16.5283203125
2019-12-10 18:36:01+01:00,15.997314453125
2019-12-10 18:36:01.100000+01:00,15.997314453125
2019-12-10 18:36:01.200000+01:00,16.3330078125
2019-12-10 18:36:01.300000+01:00,16.3330078125
2019-12-10 18:36:01.400000+01:00,16.3330078125
2019-12-10 18:36:01.500000+01:00,16.3330078125
2019-12-10 18:36:01.600000+01:00,17.230224609375
2019-12-10 18:36:01.700000+01:00,17.230224609375
2019-12-10 18:36:01.800000+01:00,16.986083984375
2019-12-10 18:36:01.900000+01:00,16.986083984375
2019-12-10 18:36:02+01:00,16.986083984375
2019-12-10 18:36:02.100000+01:00,16.66259765625
2019-12-10 18:36:02.200000+01:00,16.66259765625
2019-12-10 18:36:02.300000+01:00,16.485595703125
2019-12-10 18:36:02.400000+01:00,16.485595703125
2019-12-10 18:36:02.500000+01:00,16.22314453125
2019-12-10 18:36:02.600000+01:00,16.22314453125
2019-12-10 18:36:02.700000+01:00,16.22314453125
2019-12-10 18:36:02.800000+01:00,16.22314453125
2019-12-10 18:36:02.900000+01:00,16.900634765625
2019-12-10 18:36:03+01:00,16.900634765625
2019-12-10 18:36:03.100000+01:00,16.656494140625
2019-12-10 18:36:03.200000+01:00,16.656494140625
2019-12-10 18:36:03.300000+01:00,16.656494140625
2019-12-10 18:36:03.400000+01:00,16.162109375
2019-12-10 18:36:03.500000+01:00,16.162109375
2019-12-10 18:36:03.600000+01:00,15.985107421875
2019-12-10 18:36:03.700000+01:00,15.985107421875
2019-12-10 18:36:03.800000+01:00,15.985107421875
2019-12-10 18:36:03.900000+01:00,15.83251953125
2019-12-10 18:36:04+01:00,15.83251953125
2019-12-10 18:36:04.100000+01:00,15.83251953125
2019-12-10 18:36:04.200000+01:00,16.583251953125
2019-12-10 18:36:04.300000+01:00,16.583251953125
2019-12-10 18:36:04.400000+01:00,16.56494140625
2019-12-10 18:36:04.500000+01:00,16.56494140625
2019-12-10 18:36:04.600000+01:00,16.497802734375
2019-12-10 18:36:04.700000+01:00,16.497802734375
2019-12-10 18:36:04.800000+01:00,16.497802734375
2019-12-10 18:36:04.900000+01:00,16.497802734375
2019-12-10 18:36:05+01:00,16.204833984375
2019-12-10 18:36:05.100000+01:00,16.204833984375
2019-12-10 18:36:05.200000+01:00,16.070556640625
2019-12-10 18:36:05.300000+01:00,16.070556640625
2019-12-10 18:36:05.400000+01:00,16.070556640625
2019-12-10 18:36:05.500000+01:00,16.644287109375
2019-12-10 18:36:05.600000+01:00,16.644287109375
2019-12-10 18:36:05.700000+01:00,16.436767578125
2019-12-10 18:36:05.800000+01:00,16.436767578125
2019-12-10 18:36:05.900000+01:00,15.75927734375
2019-12-10 18:36:06+01:00,15.75927734375
2019-12-10 18:36:06.100000+01:00,15.75927734375
2019-12-10 18:36:06.200000+01:00,15.75927734375
2019-12-10 18:36:06.300000+01:00,17.999267578125
2019-12-10 18:36:06.400000+01:00,17.999267578125
2019-12-10 18:36:06.500000+01:00,21.112060546875
2019-12-10 18:36:06.600000+01:00,21.112060546875
2019-12-10 18:36:06.700000+01:00,28.765869140625
2019-12-10 18:36:06.800000+01:00,28.765869140625
2019-12-10 18:36:06.900000+01:00,28.765869140625
2019-12-10 18:36:07+01:00,25.69580078125
2019-12-10 18:36:07.100000+01:00,25.69580078125
2019-12-10 18:36:07.200000+01:00,20.556640625
2019-12-10 18:36:07.300000+01:00,20.556640625
2019-12-10 18:36:07.400000+01:00,20.556640625
2019-12-10 18:36:07.500000+01:00,20.556640625
2019-12-10 18:36:07.600000+01:00,20.233154296875
2019-12-10 18:36:07.700000+01:00,20.233154296875
2019-12-10 18:36:07.800000+01:00,19.384765625
2019-12-10 18:36:07.900000+01:00,19.384765625
2019-12-10 18:36:08+01:00,20.172119140625
2019-12-10 18:36:08.100000+01:00,20.172119140625
2019-12-10 18:36:08.200000+01:00,20.172119140625
2019-12-10 18:36:08.300000+01:00,3.94287109375
2019-12-10 18:36:08.400000+01:00,3.94287109375
2019-12-10 18:36:08.500000+01:00,3.94287109375
2019-12-10 18:36:08.600000+01:00,28.9306640625
2019-12-10 18:36:08.700000+01:00,28.9306640625
2019-12-10 18:36:08.800000+01:00,28.9306640625
2019-12-10 18:36:08.900000+01:00,21.42333984375
2019-12-10 18:36:09+01:00,21.42333984375
2019-12-10 18:36:09.100000+01:00,16.436767578125
2019-12-10 18:36:09.200000+01:00,16.436767578125
2019-12-10 18:36:09.300000+01:00,16.314697265625
2019-12-10 18:36:09.400000+01:00,16.314697265625
2019-12-10 18:36:09.500000+01:00,16.314697265625
2019-12-10 18:36:09.600000+01:00,16.998291015625
2019-12-10 18:36:09.700000+01:00,16.998291015625
2019-12-10 18:36:09.800000+01:00,16.998291015625
2019-12-10 18:36:09.900000+01:00,15.972900390625
2019-12-10 18:36:10+01:00,15.972900390625
2019-12-10 18:36:10.100000+01:00,15.869140625
2019-12-10 18:36:10.200000+01:00,15.869140625
2019-12-10 18:36:10.300000+01:00,15.869140625
2019-12-10 18:36:10.400000+01:00,15.83251953125
2019-12-10 18:36:10.500000+01:00,15.83251953125
2019-12-10 18:36:10.600000+01:00,16.888427734375
2019-12-10 18:36:10.700000+01:00,16.888427734375
2019-12-10 18:36:10.800000+01:00,16.888427734375
2019-12-10 18:36:10.900000+01:00,16.888427734375
2019-12-10 18:36:11+01:00,16.19873046875
2019-12-10 18:36:11.100000+01:00,16.19873046875
2019-12-10 18:36:11.200000+01:00,11.236572265625
2019-12-10 18:36:11.300000+01:00,11.236572265625
2019-12-10 18:36:11.400000+01:00,9.832763671875
2019-12-10 18:36:11.500000+01:00,9.832763671875
2019-12-10 18:36:11.600000+01:00,9.832763671875
2019-12-10 18:36:11.700000+01:00,9.06982421875
2019-12-10 18:36:11.800000+01:00,9.06982421875
2019-12-10 18:36:11.900000+01:00,7.6416015625
2019-12-10 18:36:12+01:00,7.6416015625
2019-12-10 18:36:12.100000+01:00,7.6416015625
2019-12-10 18:36:12.200000+01:00,7.843017578125
2019-12-10 18:36:12.300000+01:00,7.843017578125
2019-12-10 18:36:12.400000+01:00,7.843017578125
2019-12-10 18:36:12.500000+01:00,8.6669921875
2019-12-10 18:36:12.600000+01:00,8.6669921875
2019-12-10 18:36:12.700000+01:00,8.062744140625
2019-12-10 18:36:12.800000+01:00,8.062744140625
2019-12-10 18:36:12.900000+01:00,8.062744140625
2019-12-10 18:36:13+01:00,8.209228515625
2019-12-10 18:36:13.100000+01:00,8.209228515625
2019-12-10 18:36:13.200000+01:00,8.404541015625
2019-12-10 18:36:13.300000+01:00,8.404541015625
2019-12-10 18:36:13.400000+01:00,8.404541015625
2019-12-10 18:36:13.500000+01:00,8.6669921875
2019-12-10 18:36:13.600000+01:00,8.6669921875
2019-12-10 18:36:13.700000+01:00,8.6669921875
2019-12-10 18:36:13.800000+01:00,8.1298828125
2019-12-10 18:36:13.900000+01:00,8.1298828125
2019-12-10 18:36:14+01:00,8.1298828125
2019-12-10 18:36:14.100000+01:00,8.1298828125
2019-12-10 18:36:14.200000+01:00,8.612060546875
2019-12-10 18:36:14.300000+01:00,8.612060546875
2019-12-10 18:36:14.400000+01:00,8.612060546875
2019-12-10 18:36:14.500000+01:00,8.612060546875
2019-12-10 18:36:14.600000+01:00,8.67919921875
2019-12-10 18:36:14.700000+01:00,8.67919921875
2019-12-10 18:36:14.800000+01:00,8.636474609375
2019-12-10 18:36:14.900000+01:00,8.636474609375
2019-12-10 18:36:15+01:00,8.636474609375
2019-12-10 18:36:15.100000+01:00,8.7158203125
2019-12-10 18:36:15.200000+01:00,8.7158203125
2019-12-10 18:36:15.300000+01:00,8.831787109375
2019-12-10 18:36:15.400000+01:00,8.831787109375
2019-12-10 18:36:15.500000+01:00,8.148193359375
2019-12-10 18:36:15.600000+01:00,8.148193359375
2019-12-10 18:36:15.700000+01:00,8.148193359375
2019-12-10 18:36:15.800000+01:00,8.148193359375
2019-12-10 18:36:15.900000+01:00,8.636474609375
2019-12-10 18:36:16+01:00,8.636474609375
2019-12-10 18:36:16.100000+01:00,9.149169921875
2019-12-10 18:36:16.200000+01:00,9.149169921875
2019-12-10 18:36:16.300000+01:00,9.149169921875
2019-12-10 18:36:16.400000+01:00,8.831787109375
2019-12-10 18:36:16.500000+01:00,8.831787109375
2019-12-10 18:36:16.600000+01:00,8.966064453125
2019-12-10 18:36:16.700000+01:00,8.966064453125
2019-12-10 18:36:16.800000+01:00,8.966064453125
2019-12-10 18:36:16.900000+01:00,8.70361328125
2019-12-10 18:36:17+01:00,8.70361328125
2019-12-10 18:36:17.100000+01:00,8.70361328125
2019-12-10 18:36:17.200000+01:00,8.55712890625
2019-12-10 18:36:17.300000+01:00,8.55712890625
2019-12-10 18:36:17.400000+01:00,8.404541015625
2019-12-10 18:36:17.500000+01:00,8.404541015625
2019-12-10 18:36:17.600000+01:00,8.740234375
2019-12-10 18:36:17.700000+01:00,8.740234375
2019-12-10 18:36:17.800000+01:00,8.740234375
2019-12-10 18:36:17.900000+01:00,8.966064453125
2019-12-10 18:36:18+01:00,8.966064453125
2019-12-10 18:36:18.100000+01:00,8.966064453125
2019-12-10 18:36:18.200000+01:00,9.100341796875
2019-12-10 18:36:18.300000+01:00,9.100341796875
2019-12-10 18:36:18.400000+01:00,9.100341796875
2019-12-10 18:36:18.500000+01:00,8.758544921875
2019-12-10 18:36:18.600000+01:00,8.758544921875
2019-12-10 18:36:18.700000+01:00,8.721923828125
2019-12-10 18:36:18.800000+01:00,8.721923828125
2019-12-10 18:36:18.900000+01:00,8.8623046875
2019-12-10 18:36:19+01:00,8.8623046875
2019-12-10 18:36:19.100000+01:00,8.8623046875
2019-12-10 18:36:19.200000+01:00,8.8623046875
2019-12-10 18:36:19.300000+01:00,8.48388671875
2019-12-10 18:36:19.400000+01:00,8.48388671875
2019-12-10 18:36:19.500000+01:00,8.746337890625
2019-12-10 18:36:19.600000+01:00,8.746337890625
2019-12-10 18:36:19.700000+01:00,9.1552734375
2019-12-10 18:36:19.800000+01:00,9.1552734375
2019-12-10 18:36:19.900000+01:00,9.1552734375
2019-12-10 18:36:20+01:00,9.228515625
2019-12-10 18:36:20.100000+01:00,9.228515625
2019-12-10 18:36:20.200000+01:00,9.326171875
2019-12-10 18:36:20.300000+01:00,9.326171875
2019-12-10 18:36:20.400000+01:00,9.326171875
2019-12-10 18:36:20.500000+01:00,9.326171875
2019-12-10 18:36:20.600000+01:00,9.06982421875
2019-12-10 18:36:20.700000+01:00,9.06982421875
2019-12-10 18:36:20.800000+01:00,9.716796875
2019-12-10 18:36:20.900000+01:00,9.716796875
2019-12-10 18:36:21+01:00,9.515380859375
2019-12-10 18:36:21.100000+01:00,9.515380859375
2019-12-10 18:36:21.200000+01:00,9.515380859375
2019-12-10 18:36:21.300000+01:00,9.5458984375
2019-12-10 18:36:21.400000+01:00,9.5458984375
2019-12-10 18:36:21.500000+01:00,9.912109375
2019-12-10 18:36:21.600000+01:00,9.912109375
2019-12-10 18:36:21.700000+01:00,9.912109375
2019-12-10 18:36:21.800000+01:00,9.912109375
2019-12-10 18:36:21.900000+01:00,16.961669921875
2019-12-10 18:36:22+01:00,16.961669921875
2019-12-10 18:36:22.100000+01:00,3.717041015625
2019-12-10 18:36:22.200000+01:00,3.717041015625
2019-12-10 18:36:22.300000+01:00,16.41845703125
2019-12-10 18:36:22.400000+01:00,16.41845703125
2019-12-10 18:36:22.500000+01:00,16.41845703125
2019-12-10 18:36:22.600000+01:00,27.801513671875
2019-12-10 18:36:22.700000+01:00,27.801513671875
2019-12-10 18:36:22.800000+01:00,27.801513671875
2019-12-10 18:36:22.900000+01:00,8.36181640625
2019-12-10 18:36:23+01:00,8.36181640625
2019-12-10 18:36:23.100000+01:00,19.66552734375
2019-12-10 18:36:23.200000+01:00,19.66552734375
2019-12-10 18:36:23.300000+01:00,19.66552734375
2019-12-10 18:36:23.400000+01:00,20.477294921875
2019-12-10 18:36:23.500000+01:00,20.477294921875
2019-12-10 18:36:23.600000+01:00,20.098876953125
2019-12-10 18:36:23.700000+01:00,20.098876953125
2019-12-10 18:36:23.800000+01:00,20.098876953125
2019-12-10 18:36:23.900000+01:00,20.34912109375
2019-12-10 18:36:24+01:00,20.34912109375
2019-12-10 18:36:24.100000+01:00,20.34912109375
2019-12-10 18:36:24.200000+01:00,13.641357421875
2019-12-10 18:36:24.300000+01:00,13.641357421875
2019-12-10 18:36:24.400000+01:00,30.877685546875
2019-12-10 18:36:24.500000+01:00,30.877685546875
2019-12-10 18:36:24.600000+01:00,30.877685546875
2019-12-10 18:36:24.700000+01:00,22.540283203125
2019-12-10 18:36:24.800000+01:00,22.540283203125
2019-12-10 18:36:24.900000+01:00,17.022705078125
2019-12-10 18:36:25+01:00,17.022705078125
2019-12-10 18:36:25.100000+01:00,17.022705078125
2019-12-10 18:36:25.200000+01:00,16.11328125
2019-12-10 18:36:25.300000+01:00,16.11328125
2019-12-10 18:36:25.400000+01:00,16.11328125
2019-12-10 18:36:25.500000+01:00,17.047119140625
2019-12-10 18:36:25.600000+01:00,17.047119140625
2019-12-10 18:36:25.700000+01:00,16.387939453125
2019-12-10 18:36:25.800000+01:00,16.387939453125
2019-12-10 18:36:25.900000+01:00,16.387939453125
2019-12-10 18:36:26+01:00,16.845703125
2019-12-10 18:36:26.100000+01:00,16.845703125
2019-12-10 18:36:26.200000+01:00,16.58935546875
2019-12-10 18:36:26.300000+01:00,16.58935546875
2019-12-10 18:36:26.400000+01:00,16.58935546875
2019-12-10 18:36:26.500000+01:00,16.30859375
2019-12-10 18:36:26.600000+01:00,16.30859375
2019-12-10 18:36:26.700000+01:00,16.30859375
2019-12-10 18:36:26.800000+01:00,16.082763671875
2019-12-10 18:36:26.900000+01:00,16.082763671875
2019-12-10 18:36:27+01:00,15.7470703125
2019-12-10 18:36:27.100000+01:00,15.7470703125
2019-12-10 18:36:27.200000+01:00,15.7470703125
2019-12-10 18:36:27.300000+01:00,16.253662109375
2019-12-10 18:36:27.400000+01:00,16.253662109375
2019-12-10 18:36:27.500000+01:00,16.253662109375
2019-12-10 18:36:27.600000+01:00,16.156005859375
2019-12-10 18:36:27.700000+01:00,16.156005859375
2019-12-10 18:36:27.800000+01:00,16.162109375
2019-12-10 18:36:27.900000+01:00,16.162109375
2019-12-10 18:36:28+01:00,16.162109375
2019-12-10 18:36:28.100000+01:00,16.00341796875
2019-12-10 18:36:28.200000+01:00,16.00341796875
2019-12-10 18:36:28.300000+01:00,16.44287109375
2019-12-10 18:36:28.400000+01:00,16.44287109375
2019-12-10 18:36:28.500000+01:00,16.265869140625
2019-12-10 18:36:28.600000+01:00,16.265869140625
2019-12-10 18:36:28.700000+01:00,16.265869140625
2019-12-10 18:36:28.800000+01:00,16.265869140625
2019-12-10 18:36:28.900000+01:00,15.374755859375
2019-12-10 18:36:29+01:00,15.374755859375
2019-12-10 18:36:29.100000+01:00,16.497802734375
2019-12-10 18:36:29.200000+01:00,16.497802734375
2019-12-10 18:36:29.300000+01:00,16.497802734375
2019-12-10 18:36:29.400000+01:00,16.2109375
2019-12-10 18:36:29.500000+01:00,16.2109375
2019-12-10 18:36:29.600000+01:00,15.58837890625
2019-12-10 18:36:29.700000+01:00,15.58837890625
2019-12-10 18:36:29.800000+01:00,16.2841796875
2019-12-10 18:36:29.900000+01:00,16.2841796875
2019-12-10 18:36:30+01:00,16.2841796875
2019-12-10 18:36:30.100000+01:00,16.2841796875
2019-12-10 18:36:30.200000+01:00,16.326904296875
2019-12-10 18:36:30.300000+01:00,16.326904296875
2019-12-10 18:36:30.400000+01:00,15.496826171875
2019-12-10 18:36:30.500000+01:00,15.496826171875
2019-12-10 18:36:30.600000+01:00,16.39404296875
2019-12-10 18:36:30.700000+01:00,16.39404296875
2019-12-10 18:36:30.800000+01:00,16.39404296875
2019-12-10 18:36:30.900000+01:00,16.455078125
2019-12-10 18:36:31+01:00,16.455078125
2019-12-10 18:36:31.100000+01:00,16.455078125
2019-12-10 18:36:31.200000+01:00,16.253662109375
2019-12-10 18:36:31.300000+01:00,16.253662109375
2019-12-10 18:36:31.400000+01:00,16.253662109375
2019-12-10 18:36:31.500000+01:00,15.789794921875
2019-12-10 18:36:31.600000+01:00,15.789794921875
2019-12-10 18:36:31.700000+01:00,16.00341796875
2019-12-10 18:36:31.800000+01:00,16.00341796875
2019-12-10 18:36:31.900000+01:00,20.635986328125
2019-12-10 18:36:32+01:00,20.635986328125
2019-12-10 18:36:32.100000+01:00,20.635986328125
2019-12-10 18:36:32.200000+01:00,20.635986328125
2019-12-10 18:36:32.300000+01:00,20.928955078125
2019-12-10 18:36:32.400000+01:00,20.928955078125
2019-12-10 18:36:32.500000+01:00,29.449462890625
2019-12-10 18:36:32.600000+01:00,29.449462890625
2019-12-10 18:36:32.700000+01:00,29.449462890625
2019-12-10 18:36:32.800000+01:00,20.208740234375
2019-12-10 18:36:32.900000+01:00,20.208740234375
2019-12-10 18:36:33+01:00,20.42236328125
2019-12-10 18:36:33.100000+01:00,20.42236328125
2019-12-10 18:36:33.200000+01:00,20.93505859375
2019-12-10 18:36:33.300000+01:00,20.93505859375
2019-12-10 18:36:33.400000+01:00,20.93505859375
2019-12-10 18:36:33.500000+01:00,20.93505859375
2019-12-10 18:36:33.600000+01:00,20.2880859375
2019-12-10 18:36:33.700000+01:00,20.2880859375
2019-12-10 18:36:33.800000+01:00,20.233154296875
2019-12-10 18:36:33.900000+01:00,20.233154296875
2019-12-10 18:36:34+01:00,14.58740234375
2019-12-10 18:36:34.100000+01:00,14.58740234375
2019-12-10 18:36:34.200000+01:00,14.58740234375
2019-12-10 18:36:34.300000+01:00,21.441650390625
2019-12-10 18:36:34.400000+01:00,21.441650390625
2019-12-10 18:36:34.500000+01:00,16.986083984375
2019-12-10 18:36:34.600000+01:00,16.986083984375
2019-12-10 18:36:34.700000+01:00,16.986083984375
2019-12-10 18:36:34.800000+01:00,16.986083984375
2019-12-10 18:36:34.900000+01:00,16.180419921875
2019-12-10 18:36:35+01:00,16.180419921875
2019-12-10 18:36:35.100000+01:00,17.156982421875
2019-12-10 18:36:35.200000+01:00,17.156982421875
2019-12-10 18:36:35.300000+01:00,16.033935546875
2019-12-10 18:36:35.400000+01:00,16.033935546875
2019-12-10 18:36:35.500000+01:00,16.033935546875
2019-12-10 18:36:35.600000+01:00,15.90576171875
2019-12-10 18:36:35.700000+01:00,15.90576171875
2019-12-10 18:36:35.800000+01:00,16.839599609375
2019-12-10 18:36:35.900000+01:00,16.839599609375
2019-12-10 18:36:36+01:00,16.839599609375
2019-12-10 18:36:36.100000+01:00,15.069580078125
2019-12-10 18:36:36.200000+01:00,15.069580078125
2019-12-10 18:36:36.300000+01:00,15.069580078125
2019-12-10 18:36:36.400000+01:00,12.237548828125
2019-12-10 18:36:36.500000+01:00,12.237548828125
2019-12-10 18:36:36.600000+01:00,11.87744140625
2019-12-10 18:36:36.700000+01:00,11.87744140625
2019-12-10 18:36:36.800000+01:00,11.87744140625
2019-12-10 18:36:36.900000+01:00,11.43798828125
2019-12-10 18:36:37+01:00,11.43798828125
2019-12-10 18:36:37.100000+01:00,11.43798828125
2019-12-10 18:36:37.200000+01:00,11.572265625
2019-12-10 18:36:37.300000+01:00,11.572265625
2019-12-10 18:36:37.400000+01:00,11.21826171875
2019-12-10 18:36:37.500000+01:00,11.21826171875
2019-12-10 18:36:37.600000+01:00,11.21826171875
2019-12-10 18:36:37.700000+01:00,11.1328125
2019-12-10 18:36:37.800000+01:00,11.1328125
2019-12-10 18:36:37.900000+01:00,11.12060546875
2019-12-10 18:36:38+01:00,11.12060546875
2019-12-10 18:36:38.100000+01:00,11.12060546875
2019-12-10 18:36:38.200000+01:00,11.12060546875
2019-12-10 18:36:38.300000+01:00,10.626220703125
2019-12-10 18:36:38.400000+01:00,10.626220703125
2019-12-10 18:36:38.500000+01:00,10.60791015625
2019-12-10 18:36:38.600000+01:00,10.60791015625
2019-12-10 18:36:38.700000+01:00,11.016845703125
2019-12-10 18:36:38.800000+01:00,11.016845703125
2019-12-10 18:36:38.900000+01:00,11.016845703125
2019-12-10 18:36:39+01:00,10.8642578125
2019-12-10 18:36:39.100000+01:00,10.8642578125
2019-12-10 18:36:39.200000+01:00,11.4990234375
2019-12-10 18:36:39.300000+01:00,11.4990234375
2019-12-10 18:36:39.400000+01:00,11.4990234375
2019-12-10 18:36:39.500000+01:00,10.85205078125
2019-12-10 18:36:39.600000+01:00,10.85205078125
2019-12-10 18:36:39.700000+01:00,10.85205078125
2019-12-10 18:36:39.800000+01:00,11.474609375
2019-12-10 18:36:39.900000+01:00,11.474609375
2019-12-10 18:36:40+01:00,11.3525390625
2019-12-10 18:36:40.100000+01:00,11.3525390625
2019-12-10 18:36:40.200000+01:00,11.3525390625
2019-12-10 18:36:40.300000+01:00,11.578369140625
2019-12-10 18:36:40.400000+01:00,11.578369140625
2019-12-10 18:36:40.500000+01:00,11.0595703125
2019-12-10 18:36:40.600000+01:00,11.0595703125
2019-12-10 18:36:40.700000+01:00,11.0595703125
2019-12-10 18:36:40.800000+01:00,11.322021484375
2019-12-10 18:36:40.900000+01:00,11.322021484375
2019-12-10 18:36:41+01:00,11.322021484375
2019-12-10 18:36:41.100000+01:00,11.529541015625
2019-12-10 18:36:41.200000+01:00,11.529541015625
2019-12-10 18:36:41.300000+01:00,11.42578125
2019-12-10 18:36:41.400000+01:00,11.42578125
2019-12-10 18:36:41.500000+01:00,11.517333984375
2019-12-10 18:36:41.600000+01:00,11.517333984375
2019-12-10 18:36:41.700000+01:00,11.517333984375
2019-12-10 18:36:41.800000+01:00,11.517333984375
2019-12-10 18:36:41.900000+01:00,11.97509765625
2019-12-10 18:36:42+01:00,11.97509765625
2019-12-10 18:36:42.100000+01:00,11.968994140625
2019-12-10 18:36:42.200000+01:00,11.968994140625
2019-12-10 18:36:42.300000+01:00,11.968994140625
2019-12-10 18:36:42.400000+01:00,12.103271484375
2019-12-10 18:36:42.500000+01:00,12.103271484375
2019-12-10 18:36:42.600000+01:00,11.492919921875
2019-12-10 18:36:42.700000+01:00,11.492919921875
2019-12-10 18:36:42.800000+01:00,12.408447265625
2019-12-10 18:36:42.900000+01:00,12.408447265625
2019-12-10 18:36:43+01:00,12.408447265625
2019-12-10 18:36:43.100000+01:00,12.408447265625
2019-12-10 18:36:43.200000+01:00,11.99951171875
2019-12-10 18:36:43.300000+01:00,11.99951171875
2019-12-10 18:36:43.400000+01:00,12.3779296875
2019-12-10 18:36:43.500000+01:00,12.3779296875
2019-12-10 18:36:43.600000+01:00,12.3779296875
2019-12-10 18:36:43.700000+01:00,12.310791015625
2019-12-10 18:36:43.800000+01:00,12.310791015625
2019-12-10 18:36:43.900000+01:00,11.834716796875
2019-12-10 18:36:44+01:00,11.834716796875
2019-12-10 18:36:44.100000+01:00,19.244384765625
2019-12-10 18:36:44.200000+01:00,19.244384765625
2019-12-10 18:36:44.300000+01:00,19.244384765625
2019-12-10 18:36:44.400000+01:00,19.244384765625
2019-12-10 18:36:44.500000+01:00,15.020751953125
2019-12-10 18:36:44.600000+01:00,15.020751953125
2019-12-10 18:36:44.700000+01:00,20.54443359375
2019-12-10 18:36:44.800000+01:00,20.54443359375
2019-12-10 18:36:44.900000+01:00,20.8984375
2019-12-10 18:36:45+01:00,20.8984375
2019-12-10 18:36:45.100000+01:00,20.8984375
2019-12-10 18:36:45.200000+01:00,17.10205078125
2019-12-10 18:36:45.300000+01:00,17.10205078125
2019-12-10 18:36:45.400000+01:00,17.10205078125
2019-12-10 18:36:45.500000+01:00,16.571044921875
2019-12-10 18:36:45.600000+01:00,16.571044921875
2019-12-10 18:36:45.700000+01:00,16.571044921875
2019-12-10 18:36:45.800000+01:00,16.32080078125
2019-12-10 18:36:45.900000+01:00,16.32080078125
2019-12-10 18:36:46+01:00,16.082763671875
2019-12-10 18:36:46.100000+01:00,16.082763671875
2019-12-10 18:36:46.200000+01:00,16.278076171875
2019-12-10 18:36:46.300000+01:00,16.278076171875
2019-12-10 18:36:46.400000+01:00,16.278076171875
2019-12-10 18:36:46.500000+01:00,16.278076171875
2019-12-10 18:36:46.600000+01:00,16.83349609375
2019-12-10 18:36:46.700000+01:00,16.83349609375
2019-12-10 18:36:46.800000+01:00,13.46435546875
2019-12-10 18:36:46.900000+01:00,13.46435546875
2019-12-10 18:36:47+01:00,13.409423828125
2019-12-10 18:36:47.100000+01:00,13.409423828125
2019-12-10 18:36:47.200000+01:00,13.409423828125
2019-12-10 18:36:47.300000+01:00,12.7197265625
2019-12-10 18:36:47.400000+01:00,12.7197265625
2019-12-10 18:36:47.500000+01:00,12.46337890625
2019-12-10 18:36:47.600000+01:00,12.46337890625
2019-12-10 18:36:47.700000+01:00,12.46337890625
2019-12-10 18:36:47.800000+01:00,12.46337890625
2019-12-10 18:36:47.900000+01:00,12.847900390625
2019-12-10 18:36:48+01:00,12.847900390625
2019-12-10 18:36:48.100000+01:00,12.481689453125
2019-12-10 18:36:48.200000+01:00,12.481689453125
2019-12-10 18:36:48.300000+01:00,12.847900390625
2019-12-10 18:36:48.400000+01:00,12.847900390625
2019-12-10 18:36:48.500000+01:00,12.847900390625
2019-12-10 18:36:48.600000+01:00,12.97607421875
2019-12-10 18:36:48.700000+01:00,12.97607421875
2019-12-10 18:36:48.800000+01:00,12.21923828125
2019-12-10 18:36:48.900000+01:00,12.21923828125
2019-12-10 18:36:49+01:00,12.21923828125
2019-12-10 18:36:49.100000+01:00,12.19482421875
2019-12-10 18:36:49.200000+01:00,12.19482421875
2019-12-10 18:36:49.300000+01:00,12.19482421875
2019-12-10 18:36:49.400000+01:00,12.21923828125
2019-12-10 18:36:49.500000+01:00,12.21923828125
2019-12-10 18:36:49.600000+01:00,11.51123046875
2019-12-10 18:36:49.700000+01:00,11.51123046875
2019-12-10 18:36:49.800000+01:00,11.51123046875
2019-12-10 18:36:49.900000+01:00,11.871337890625
2019-12-10 18:36:50+01:00,11.871337890625
2019-12-10 18:36:50.100000+01:00,11.871337890625
2019-12-10 18:36:50.200000+01:00,10.772705078125
2019-12-10 18:36:50.300000+01:00,10.772705078125
2019-12-10 18:36:50.400000+01:00,11.102294921875
2019-12-10 18:36:50.500000+01:00,11.102294921875
2019-12-10 18:36:50.600000+01:00,11.102294921875
2019-12-10 18:36:50.700000+01:00,10.784912109375
2019-12-10 18:36:50.800000+01:00,10.784912109375
2019-12-10 18:36:50.900000+01:00,10.70556640625
2019-12-10 18:36:51+01:00,10.70556640625
2019-12-10 18:36:51.100000+01:00,10.70556640625
2019-12-10 18:36:51.200000+01:00,10.25390625
2019-12-10 18:36:51.300000+01:00,10.25390625
2019-12-10 18:36:51.400000+01:00,10.25390625
2019-12-10 18:36:51.500000+01:00,10.382080078125
2019-12-10 18:36:51.600000+01:00,10.382080078125
2019-12-10 18:36:51.700000+01:00,10.2294921875
2019-12-10 18:36:51.800000+01:00,10.2294921875
2019-12-10 18:36:51.900000+01:00,10.2294921875
2019-12-10 18:36:52+01:00,10.357666015625
2019-12-10 18:36:52.100000+01:00,10.357666015625
2019-12-10 18:36:52.200000+01:00,9.893798828125
2019-12-10 18:36:52.300000+01:00,9.893798828125
2019-12-10 18:36:52.400000+01:00,10.3759765625
2019-12-10 18:36:52.500000+01:00,10.3759765625
2019-12-10 18:36:52.600000+01:00,10.3759765625
2019-12-10 18:36:52.700000+01:00,10.3759765625
2019-12-10 18:36:52.800000+01:00,9.771728515625
2019-12-10 18:36:52.900000+01:00,9.771728515625
2019-12-10 18:36:53+01:00,10.41259765625
2019-12-10 18:36:53.100000+01:00,10.41259765625
2019-12-10 18:36:53.200000+01:00,10.41259765625
2019-12-10 18:36:53.300000+01:00,10.748291015625
2019-12-10 18:36:53.400000+01:00,10.748291015625
2019-12-10 18:36:53.500000+01:00,10.260009765625
2019-12-10 18:36:53.600000+01:00,10.260009765625
2019-12-10 18:36:53.700000+01:00,10.260009765625
2019-12-10 18:36:53.800000+01:00,10.382080078125
2019-12-10 18:36:53.900000+01:00,10.382080078125
2019-12-10 18:36:54+01:00,10.382080078125
2019-12-10 18:36:54.100000+01:00,10.83984375
2019-12-10 18:36:54.200000+01:00,10.83984375
2019-12-10 18:36:54.300000+01:00,10.906982421875
2019-12-10 18:36:54.400000+01:00,10.906982421875
2019-12-10 18:36:54.500000+01:00,11.29150390625
2019-12-10 18:36:54.600000+01:00,11.29150390625
2019-12-10 18:36:54.700000+01:00,11.29150390625
2019-12-10 18:36:54.800000+01:00,11.29150390625
2019-12-10 18:36:54.900000+01:00,15.478515625
2019-12-10 18:36:55+01:00,15.478515625
2019-12-10 18:36:55.100000+01:00,16.534423828125
2019-12-10 18:36:55.200000+01:00,16.534423828125
2019-12-10 18:36:55.300000+01:00,16.534423828125
2019-12-10 18:36:55.400000+01:00,24.4140625
2019-12-10 18:36:55.500000+01:00,24.4140625
2019-12-10 18:36:55.600000+01:00,21.00830078125
2019-12-10 18:36:55.700000+01:00,21.00830078125
2019-12-10 18:36:55.800000+01:00,16.40625
2019-12-10 18:36:55.900000+01:00,16.40625
2019-12-10 18:36:56+01:00,16.40625
2019-12-10 18:36:56.100000+01:00,16.40625
2019-12-10 18:36:56.200000+01:00,17.00439453125
2019-12-10 18:36:56.300000+01:00,17.00439453125
2019-12-10 18:36:56.400000+01:00,16.357421875
2019-12-10 18:36:56.500000+01:00,16.357421875
2019-12-10 18:36:56.600000+01:00,16.357421875
2019-12-10 18:36:56.700000+01:00,15.95458984375
2019-12-10 18:36:56.800000+01:00,15.95458984375
2019-12-10 18:36:56.900000+01:00,16.1865234375
2019-12-10 18:36:57+01:00,16.1865234375
2019-12-10 18:36:57.100000+01:00,16.1865234375
2019-12-10 18:36:57.200000+01:00,16.424560546875
2019-12-10 18:36:57.300000+01:00,16.424560546875
2019-12-10 18:36:57.400000+01:00,16.424560546875
2019-12-10 18:36:57.500000+01:00,12.677001953125
2019-12-10 18:36:57.600000+01:00,12.677001953125
2019-12-10 18:36:57.700000+01:00,12.786865234375
2019-12-10 18:36:57.800000+01:00,12.786865234375
2019-12-10 18:36:57.900000+01:00,11.767578125
2019-12-10 18:36:58+01:00,11.767578125
2019-12-10 18:36:58.100000+01:00,11.767578125
2019-12-10 18:36:58.200000+01:00,11.761474609375
2019-12-10 18:36:58.300000+01:00,11.761474609375
2019-12-10 18:36:58.400000+01:00,11.761474609375
2019-12-10 18:36:58.500000+01:00,12.68310546875
2019-12-10 18:36:58.600000+01:00,12.68310546875
2019-12-10 18:36:58.700000+01:00,12.68310546875
2019-12-10 18:36:58.800000+01:00,12.3046875
2019-12-10 18:36:58.900000+01:00,12.3046875
2019-12-10 18:36:59+01:00,12.200927734375
2019-12-10 18:36:59.100000+01:00,12.200927734375
2019-12-10 18:36:59.200000+01:00,12.127685546875
2019-12-10 18:36:59.300000+01:00,12.127685546875
2019-12-10 18:36:59.400000+01:00,12.127685546875
2019-12-10 18:36:59.500000+01:00,12.127685546875
2019-12-10 18:36:59.600000+01:00,11.834716796875
2019-12-10 18:36:59.700000+01:00,11.834716796875
2019-12-10 18:36:59.800000+01:00,12.261962890625
2019-12-10 18:36:59.900000+01:00,12.261962890625
2019-12-10 18:37:00+01:00,12.139892578125
2019-12-10 18:37:00.100000+01:00,12.139892578125
2019-12-10 18:37:00.200000+01:00,12.139892578125
2019-12-10 18:37:00.300000+01:00,11.9140625
2019-12-10 18:37:00.400000+01:00,11.9140625
2019-12-10 18:37:00.500000+01:00,11.700439453125
2019-12-10 18:37:00.600000+01:00,11.700439453125
2019-12-10 18:37:00.700000+01:00,11.700439453125
2019-12-10 18:37:00.800000+01:00,11.700439453125
2019-12-10 18:37:00.900000+01:00,11.285400390625
2019-12-10 18:37:01+01:00,11.285400390625
2019-12-10 18:37:01.100000+01:00,11.73095703125
2019-12-10 18:37:01.200000+01:00,11.73095703125
2019-12-10 18:37:01.300000+01:00,11.065673828125
2019-12-10 18:37:01.400000+01:00,11.065673828125
2019-12-10 18:37:01.500000+01:00,11.065673828125
2019-12-10 18:37:01.600000+01:00,11.090087890625
2019-12-10 18:37:01.700000+01:00,11.090087890625
2019-12-10 18:37:01.800000+01:00,10.491943359375
2019-12-10 18:37:01.900000+01:00,10.491943359375
2019-12-10 18:37:02+01:00,10.491943359375
2019-12-10 18:37:02.100000+01:00,10.491943359375
2019-12-10 18:37:02.200000+01:00,10.72998046875
2019-12-10 18:37:02.300000+01:00,10.72998046875
2019-12-10 18:37:02.400000+01:00,10.992431640625
2019-12-10 18:37:02.500000+01:00,10.992431640625
2019-12-10 18:37:02.600000+01:00,10.882568359375
2019-12-10 18:37:02.700000+01:00,10.882568359375
2019-12-10 18:37:02.800000+01:00,10.882568359375
2019-12-10 18:37:02.900000+01:00,10.406494140625
2019-12-10 18:37:03+01:00,10.406494140625
2019-12-10 18:37:03.100000+01:00,10.406494140625
2019-12-10 18:37:03.200000+01:00,10.7421875
2019-12-10 18:37:03.300000+01:00,10.7421875
2019-12-10 18:37:03.400000+01:00,10.0341796875
2019-12-10 18:37:03.500000+01:00,10.0341796875
2019-12-10 18:37:03.600000+01:00,10.0341796875
2019-12-10 18:37:03.700000+01:00,10.1318359375
2019-12-10 18:37:03.800000+01:00,10.1318359375
2019-12-10 18:37:03.900000+01:00,10.845947265625
2019-12-10 18:37:04+01:00,10.845947265625
2019-12-10 18:37:04.100000+01:00,10.845947265625
2019-12-10 18:37:04.200000+01:00,10.21728515625
2019-12-10 18:37:04.300000+01:00,10.21728515625
2019-12-10 18:37:04.400000+01:00,10.21728515625
2019-12-10 18:37:04.500000+01:00,10.015869140625
2019-12-10 18:37:04.600000+01:00,10.015869140625
2019-12-10 18:37:04.700000+01:00,10.723876953125
2019-12-10 18:37:04.800000+01:00,10.723876953125
2019-12-10 18:37:04.900000+01:00,10.723876953125
2019-12-10 18:37:05+01:00,10.595703125
2019-12-10 18:37:05.100000+01:00,10.595703125
2019-12-10 18:37:05.200000+01:00,16.259765625
2019-12-10 18:37:05.300000+01:00,16.259765625
2019-12-10 18:37:05.400000+01:00,15.447998046875
2019-12-10 18:37:05.500000+01:00,15.447998046875
2019-12-10 18:37:05.600000+01:00,15.447998046875
2019-12-10 18:37:05.700000+01:00,15.447998046875
2019-12-10 18:37:05.800000+01:00,20.855712890625
2019-12-10 18:37:05.900000+01:00,20.855712890625
2019-12-10 18:37:06+01:00,20.5078125
2019-12-10 18:37:06.100000+01:00,20.5078125
2019-12-10 18:37:06.200000+01:00,20.5078125
2019-12-10 18:37:06.300000+01:00,29.931640625
2019-12-10 18:37:06.400000+01:00,29.931640625
2019-12-10 18:37:06.500000+01:00,29.931640625
2019-12-10 18:37:06.600000+01:00,20.086669921875
2019-12-10 18:37:06.700000+01:00,20.086669921875
2019-12-10 18:37:06.800000+01:00,19.82421875
2019-12-10 18:37:06.900000+01:00,19.82421875
2019-12-10 18:37:07+01:00,19.82421875
2019-12-10 18:37:07.100000+01:00,19.7509765625
2019-12-10 18:37:07.200000+01:00,19.7509765625
2019-12-10 18:37:07.300000+01:00,19.732666015625
2019-12-10 18:37:07.400000+01:00,19.732666015625
2019-12-10 18:37:07.500000+01:00,19.732666015625
2019-12-10 18:37:07.600000+01:00,19.744873046875
2019-12-10 18:37:07.700000+01:00,19.744873046875
2019-12-10 18:37:07.800000+01:00,19.744873046875
2019-12-10 18:37:07.900000+01:00,19.744873046875
2019-12-10 18:37:08+01:00,19.744873046875
2019-12-10 18:37:08.100000+01:00,19.73876953125
2019-12-10 18:37:08.200000+01:00,19.73876953125
2019-12-10 18:37:08.300000+01:00,19.73876953125
2019-12-10 18:37:08.400000+01:00,19.744873046875
2019-12-10 18:37:08.500000+01:00,19.744873046875
2019-12-10 18:37:08.600000+01:00,19.73876953125
2019-12-10 18:37:08.700000+01:00,19.73876953125
2019-12-10 18:37:08.800000+01:00,19.732666015625
2019-12-10 18:37:08.900000+01:00,19.732666015625
2019-12-10 18:37:09+01:00,19.732666015625
2019-12-10 18:37:09.100000+01:00,19.732666015625
2019-12-10 18:37:09.200000+01:00,19.732666015625
2019-12-10 18:37:09.300000+01:00,19.732666015625
2019-12-10 18:37:09.400000+01:00,19.708251953125
2019-12-10 18:37:09.500000+01:00,19.708251953125
2019-12-10 18:37:09.600000+01:00,19.708251953125
2019-12-10 18:37:09.700000+01:00,19.71435546875
2019-12-10 18:37:09.800000+01:00,19.71435546875
2019-12-10 18:37:09.900000+01:00,19.73876953125
2019-12-10 18:37:10+01:00,19.73876953125
2019-12-10 18:37:10.100000+01:00,19.732666015625
2019-12-10 18:37:10.200000+01:00,19.732666015625
2019-12-10 18:37:10.300000+01:00,19.732666015625
2019-12-10 18:37:10.400000+01:00,19.732666015625
2019-12-10 18:37:10.500000+01:00,19.732666015625
2019-12-10 18:37:10.600000+01:00,19.732666015625
2019-12-10 18:37:10.700000+01:00,19.720458984375
2019-12-10 18:37:10.800000+01:00,19.720458984375
2019-12-10 18:37:10.900000+01:00,19.732666015625
2019-12-10 18:37:11+01:00,19.732666015625
2019-12-10 18:37:11.100000+01:00,19.732666015625
2019-12-10 18:37:11.200000+01:00,19.71435546875
2019-12-10 18:37:11.300000+01:00,19.71435546875
2019-12-10 18:37:11.400000+01:00,19.720458984375
2019-12-10 18:37:11.500000+01:00,19.720458984375
2019-12-10 18:37:11.600000+01:00,19.720458984375
2019-12-10 18:37:11.700000+01:00,19.720458984375
2019-12-10 18:37:11.800000+01:00,19.732666015625
2019-12-10 18:37:11.900000+01:00,19.732666015625
2019-12-10 18:37:12+01:00,19.720458984375
2019-12-10 18:37:12.100000+01:00,19.720458984375
2019-12-10 18:37:12.200000+01:00,19.708251953125
2019-12-10 18:37:12.300000+01:00,19.708251953125
2019-12-10 18:37:12.400000+01:00,19.708251953125
2019-12-10 18:37:12.500000+01:00,19.708251953125
2019-12-10 18:37:12.600000+01:00,19.708251953125
2019-12-10 18:37:12.700000+01:00,19.708251953125
2019-12-10 18:37:12.800000+01:00,19.7265625
2019-12-10 18:37:12.900000+01:00,19.7265625
2019-12-10 18:37:13+01:00,19.7265625
2019-12-10 18:37:13.100000+01:00,13.531494140625
2019-12-10 18:37:13.200000+01:00,13.531494140625
2019-12-10 18:37:13.300000+01:00,22.314453125
2019-12-10 18:37:13.400000+01:00,22.314453125
2019-12-10 18:37:13.500000+01:00,22.314453125
2019-12-10 18:37:13.600000+01:00,17.266845703125
2019-12-10 18:37:13.700000+01:00,17.266845703125
2019-12-10 18:37:13.800000+01:00,17.266845703125
2019-12-10 18:37:13.900000+01:00,16.217041015625
2019-12-10 18:37:14+01:00,16.217041015625
2019-12-10 18:37:14.100000+01:00,16.6748046875
2019-12-10 18:37:14.200000+01:00,16.6748046875
2019-12-10 18:37:14.300000+01:00,16.6748046875
2019-12-10 18:37:14.400000+01:00,16.424560546875
2019-12-10 18:37:14.500000+01:00,16.424560546875
2019-12-10 18:37:14.600000+01:00,15.985107421875
2019-12-10 18:37:14.700000+01:00,15.985107421875
2019-12-10 18:37:14.800000+01:00,15.88134765625
2019-12-10 18:37:14.900000+01:00,15.88134765625
2019-12-10 18:37:15+01:00,15.88134765625
2019-12-10 18:37:15.100000+01:00,15.88134765625
2019-12-10 18:37:15.200000+01:00,15.924072265625
2019-12-10 18:37:15.300000+01:00,15.924072265625
2019-12-10 18:37:15.400000+01:00,15.6982421875
2019-12-10 18:37:15.500000+01:00,15.6982421875
2019-12-10 18:37:15.600000+01:00,15.6982421875
2019-12-10 18:37:15.700000+01:00,13.22021484375
2019-12-10 18:37:15.800000+01:00,13.22021484375
2019-12-10 18:37:15.900000+01:00,12.774658203125
2019-12-10 18:37:16+01:00,12.774658203125
2019-12-10 18:37:16.100000+01:00,13.006591796875
2019-12-10 18:37:16.200000+01:00,13.006591796875
2019-12-10 18:37:16.300000+01:00,13.006591796875
2019-12-10 18:37:16.400000+01:00,13.006591796875
2019-12-10 18:37:16.500000+01:00,12.347412109375
2019-12-10 18:37:16.600000+01:00,12.347412109375
2019-12-10 18:37:16.700000+01:00,12.200927734375
2019-12-10 18:37:16.800000+01:00,12.200927734375
2019-12-10 18:37:16.900000+01:00,12.274169921875
2019-12-10 18:37:17+01:00,12.274169921875
2019-12-10 18:37:17.100000+01:00,12.274169921875
2019-12-10 18:37:17.200000+01:00,13.055419921875
2019-12-10 18:37:17.300000+01:00,13.055419921875
2019-12-10 18:37:17.400000+01:00,13.055419921875
2019-12-10 18:37:17.500000+01:00,12.322998046875
2019-12-10 18:37:17.600000+01:00,12.322998046875
2019-12-10 18:37:17.700000+01:00,12.322998046875
2019-12-10 18:37:17.800000+01:00,12.554931640625
2019-12-10 18:37:17.900000+01:00,12.554931640625
2019-12-10 18:37:18+01:00,12.591552734375
2019-12-10 18:37:18.100000+01:00,12.591552734375
2019-12-10 18:37:18.200000+01:00,12.39013671875
2019-12-10 18:37:18.300000+01:00,12.39013671875
2019-12-10 18:37:18.400000+01:00,12.39013671875
2019-12-10 18:37:18.500000+01:00,12.139892578125
2019-12-10 18:37:18.600000+01:00,12.139892578125
2019-12-10 18:37:18.700000+01:00,12.139892578125
2019-12-10 18:37:18.800000+01:00,12.19482421875
2019-12-10 18:37:18.900000+01:00,12.19482421875
2019-12-10 18:37:19+01:00,12.762451171875
2019-12-10 18:37:19.100000+01:00,12.762451171875
2019-12-10 18:37:19.200000+01:00,12.762451171875
2019-12-10 18:37:19.300000+01:00,12.4267578125
2019-12-10 18:37:19.400000+01:00,12.4267578125
2019-12-10 18:37:19.500000+01:00,12.36572265625
2019-12-10 18:37:19.600000+01:00,12.36572265625
2019-12-10 18:37:19.700000+01:00,12.36572265625
2019-12-10 18:37:19.800000+01:00,12.36572265625
2019-12-10 18:37:19.900000+01:00,12.615966796875
2019-12-10 18:37:20+01:00,12.615966796875
2019-12-10 18:37:20.100000+01:00,12.188720703125
2019-12-10 18:37:20.200000+01:00,12.188720703125
2019-12-10 18:37:20.300000+01:00,12.29248046875
2019-12-10 18:37:20.400000+01:00,12.29248046875
2019-12-10 18:37:20.500000+01:00,12.29248046875
2019-12-10 18:37:20.600000+01:00,12.82958984375
2019-12-10 18:37:20.700000+01:00,12.82958984375
2019-12-10 18:37:20.800000+01:00,12.5
2019-12-10 18:37:20.900000+01:00,12.5
2019-12-10 18:37:21+01:00,12.5
2019-12-10 18:37:21.100000+01:00,12.5
2019-12-10 18:37:21.200000+01:00,12.493896484375
2019-12-10 18:37:21.300000+01:00,12.493896484375
2019-12-10 18:37:21.400000+01:00,12.87841796875
2019-12-10 18:37:21.500000+01:00,12.87841796875
2019-12-10 18:37:21.600000+01:00,11.968994140625
2019-12-10 18:37:21.700000+01:00,11.968994140625
2019-12-10 18:37:21.800000+01:00,11.968994140625
2019-12-10 18:37:21.900000+01:00,12.249755859375
2019-12-10 18:37:22+01:00,12.249755859375
2019-12-10 18:37:22.100000+01:00,12.249755859375
2019-12-10 18:37:22.200000+01:00,12.554931640625
2019-12-10 18:37:22.300000+01:00,12.554931640625
2019-12-10 18:37:22.400000+01:00,12.554931640625
2019-12-10 18:37:22.500000+01:00,12.554931640625
2019-12-10 18:37:22.600000+01:00,12.554931640625
2019-12-10 18:37:22.700000+01:00,12.56103515625
2019-12-10 18:37:22.800000+01:00,12.56103515625
2019-12-10 18:37:22.900000+01:00,12.164306640625
2019-12-10 18:37:23+01:00,12.164306640625
2019-12-10 18:37:23.100000+01:00,12.164306640625
2019-12-10 18:37:23.200000+01:00,11.73095703125
2019-12-10 18:37:23.300000+01:00,11.73095703125
2019-12-10 18:37:23.400000+01:00,11.73095703125
2019-12-10 18:37:23.500000+01:00,12.420654296875
2019-12-10 18:37:23.600000+01:00,12.420654296875
2019-12-10 18:37:23.700000+01:00,12.17041015625
2019-12-10 18:37:23.800000+01:00,12.17041015625
2019-12-10 18:37:23.900000+01:00,12.17041015625
2019-12-10 18:37:24+01:00,12.75634765625
2019-12-10 18:37:24.100000+01:00,12.75634765625
2019-12-10 18:37:24.200000+01:00,11.81640625
2019-12-10 18:37:24.300000+01:00,11.81640625
2019-12-10 18:37:24.400000+01:00,12.994384765625
2019-12-10 18:37:24.500000+01:00,12.994384765625
2019-12-10 18:37:24.600000+01:00,12.994384765625
2019-12-10 18:37:24.700000+01:00,12.994384765625
2019-12-10 18:37:24.800000+01:00,12.20703125
2019-12-10 18:37:24.900000+01:00,12.20703125
2019-12-10 18:37:25+01:00,12.615966796875
2019-12-10 18:37:25.100000+01:00,12.615966796875
2019-12-10 18:37:25.200000+01:00,12.615966796875
2019-12-10 18:37:25.300000+01:00,12.213134765625
2019-12-10 18:37:25.400000+01:00,12.213134765625
2019-12-10 18:37:25.500000+01:00,12.445068359375
2019-12-10 18:37:25.600000+01:00,12.445068359375
2019-12-10 18:37:25.700000+01:00,12.445068359375
2019-12-10 18:37:25.800000+01:00,12.39013671875
2019-12-10 18:37:25.900000+01:00,12.39013671875
2019-12-10 18:37:26+01:00,12.39013671875
2019-12-10 18:37:26.100000+01:00,12.664794921875
2019-12-10 18:37:26.200000+01:00,12.664794921875
2019-12-10 18:37:26.300000+01:00,11.834716796875
2019-12-10 18:37:26.400000+01:00,11.834716796875
2019-12-10 18:37:26.500000+01:00,11.834716796875
2019-12-10 18:37:26.600000+01:00,11.419677734375
2019-12-10 18:37:26.700000+01:00,11.419677734375
2019-12-10 18:37:26.800000+01:00,11.419677734375
2019-12-10 18:37:26.900000+01:00,12.213134765625
2019-12-10 18:37:27+01:00,12.213134765625
2019-12-10 18:37:27.100000+01:00,11.370849609375
2019-12-10 18:37:27.200000+01:00,11.370849609375
2019-12-10 18:37:27.300000+01:00,11.370849609375
2019-12-10 18:37:27.400000+01:00,12.68310546875
2019-12-10 18:37:27.500000+01:00,12.68310546875
2019-12-10 18:37:27.600000+01:00,11.187744140625
2019-12-10 18:37:27.700000+01:00,11.187744140625
2019-12-10 18:37:27.800000+01:00,20.556640625
2019-12-10 18:37:27.900000+01:00,20.556640625
2019-12-10 18:37:28+01:00,20.556640625
2019-12-10 18:37:28.100000+01:00,20.556640625
2019-12-10 18:37:28.200000+01:00,20.452880859375
2019-12-10 18:37:28.300000+01:00,20.452880859375
2019-12-10 18:37:28.400000+01:00,20.538330078125
2019-12-10 18:37:28.500000+01:00,20.538330078125
2019-12-10 18:37:28.600000+01:00,20.538330078125
2019-12-10 18:37:28.700000+01:00,20.5322265625
2019-12-10 18:37:28.800000+01:00,20.5322265625
2019-12-10 18:37:28.900000+01:00,20.52001953125
2019-12-10 18:37:29+01:00,20.52001953125
2019-12-10 18:37:29.100000+01:00,20.526123046875
2019-12-10 18:37:29.200000+01:00,20.526123046875
2019-12-10 18:37:29.300000+01:00,20.526123046875
2019-12-10 18:37:29.400000+01:00,20.526123046875
2019-12-10 18:37:29.500000+01:00,16.19873046875
2019-12-10 18:37:29.600000+01:00,16.19873046875
2019-12-10 18:37:29.700000+01:00,15.435791015625
2019-12-10 18:37:29.800000+01:00,15.435791015625
2019-12-10 18:37:29.900000+01:00,16.729736328125
2019-12-10 18:37:30+01:00,16.729736328125
2019-12-10 18:37:30.100000+01:00,16.729736328125
2019-12-10 18:37:30.200000+01:00,16.265869140625
2019-12-10 18:37:30.300000+01:00,16.265869140625
2019-12-10 18:37:30.400000+01:00,16.2109375
2019-12-10 18:37:30.500000+01:00,16.2109375
2019-12-10 18:37:30.600000+01:00,16.2109375
2019-12-10 18:37:30.700000+01:00,16.2109375
2019-12-10 18:37:30.800000+01:00,17.193603515625
2019-12-10 18:37:30.900000+01:00,17.193603515625
2019-12-10 18:37:31+01:00,18.939208984375
2019-12-10 18:37:31.100000+01:00,18.939208984375
2019-12-10 18:37:31.200000+01:00,20.050048828125
2019-12-10 18:37:31.300000+01:00,20.050048828125
2019-12-10 18:37:31.400000+01:00,20.050048828125
2019-12-10 18:37:31.500000+01:00,20.0439453125
2019-12-10 18:37:31.600000+01:00,20.0439453125
2019-12-10 18:37:31.700000+01:00,20.0439453125
2019-12-10 18:37:31.800000+01:00,20.062255859375
2019-12-10 18:37:31.900000+01:00,20.062255859375
2019-12-10 18:37:32+01:00,20.062255859375
2019-12-10 18:37:32.100000+01:00,20.703125
2019-12-10 18:37:32.200000+01:00,20.703125
2019-12-10 18:37:32.300000+01:00,20.49560546875
2019-12-10 18:37:32.400000+01:00,20.49560546875
2019-12-10 18:37:32.500000+01:00,20.330810546875
2019-12-10 18:37:32.600000+01:00,20.330810546875
2019-12-10 18:37:32.700000+01:00,20.330810546875
2019-12-10 18:37:32.800000+01:00,20.330810546875
2019-12-10 18:37:32.900000+01:00,20.32470703125
2019-12-10 18:37:33+01:00,20.32470703125
2019-12-10 18:37:33.100000+01:00,20.343017578125
2019-12-10 18:37:33.200000+01:00,20.343017578125
2019-12-10 18:37:33.300000+01:00,20.3125
2019-12-10 18:37:33.400000+01:00,20.3125
2019-12-10 18:37:33.500000+01:00,20.3125
2019-12-10 18:37:33.600000+01:00,28.0029296875
2019-12-10 18:37:33.700000+01:00,28.0029296875
2019-12-10 18:37:33.800000+01:00,14.849853515625
2019-12-10 18:37:33.900000+01:00,14.849853515625
2019-12-10 18:37:34+01:00,14.849853515625
2019-12-10 18:37:34.100000+01:00,14.849853515625
2019-12-10 18:37:34.200000+01:00,20.47119140625
2019-12-10 18:37:34.300000+01:00,20.47119140625
2019-12-10 18:37:34.400000+01:00,20.8984375
2019-12-10 18:37:34.500000+01:00,20.8984375
2019-12-10 18:37:34.600000+01:00,17.61474609375
2019-12-10 18:37:34.700000+01:00,17.61474609375
2019-12-10 18:37:34.800000+01:00,17.61474609375
2019-12-10 18:37:34.900000+01:00,20.208740234375
2019-12-10 18:37:35+01:00,20.208740234375
2019-12-10 18:37:35.100000+01:00,14.129638671875
2019-12-10 18:37:35.200000+01:00,14.129638671875
2019-12-10 18:37:35.300000+01:00,14.129638671875
2019-12-10 18:37:35.400000+01:00,39.178466796875
2019-12-10 18:37:35.500000+01:00,39.178466796875
2019-12-10 18:37:35.600000+01:00,39.178466796875
2019-12-10 18:37:35.700000+01:00,20.489501953125
2019-12-10 18:37:35.800000+01:00,20.489501953125
2019-12-10 18:37:35.900000+01:00,20.01953125
2019-12-10 18:37:36+01:00,20.01953125
2019-12-10 18:37:36.100000+01:00,20.01953125
2019-12-10 18:37:36.200000+01:00,16.571044921875
2019-12-10 18:37:36.300000+01:00,16.571044921875
2019-12-10 18:37:36.400000+01:00,16.571044921875
2019-12-10 18:37:36.500000+01:00,16.6259765625
2019-12-10 18:37:36.600000+01:00,16.6259765625
2019-12-10 18:37:36.700000+01:00,20.367431640625
2019-12-10 18:37:36.800000+01:00,20.367431640625
2019-12-10 18:37:36.900000+01:00,20.367431640625
2019-12-10 18:37:37+01:00,24.371337890625
2019-12-10 18:37:37.100000+01:00,24.371337890625
2019-12-10 18:37:37.200000+01:00,21.624755859375
2019-12-10 18:37:37.300000+01:00,21.624755859375
2019-12-10 18:37:37.400000+01:00,21.624755859375
2019-12-10 18:37:37.500000+01:00,21.624755859375
2019-12-10 18:37:37.600000+01:00,24.371337890625
2019-12-10 18:37:37.700000+01:00,24.371337890625
2019-12-10 18:37:37.800000+01:00,18.6767578125
2019-12-10 18:37:37.900000+01:00,18.6767578125
2019-12-10 18:37:38+01:00,23.309326171875
2019-12-10 18:37:38.100000+01:00,23.309326171875
2019-12-10 18:37:38.200000+01:00,23.309326171875
2019-12-10 18:37:38.300000+01:00,20.159912109375
2019-12-10 18:37:38.400000+01:00,20.159912109375
2019-12-10 18:37:38.500000+01:00,20.526123046875
2019-12-10 18:37:38.600000+01:00,20.526123046875
2019-12-10 18:37:38.700000+01:00,21.19140625
2019-12-10 18:37:38.800000+01:00,21.19140625
2019-12-10 18:37:38.900000+01:00,21.19140625
2019-12-10 18:37:39+01:00,21.19140625
2019-12-10 18:37:39.100000+01:00,25.59814453125
2019-12-10 18:37:39.200000+01:00,25.59814453125
2019-12-10 18:37:39.300000+01:00,18.51806640625
2019-12-10 18:37:39.400000+01:00,18.51806640625
2019-12-10 18:37:39.500000+01:00,18.51806640625
2019-12-10 18:37:39.600000+01:00,45.01953125
2019-12-10 18:37:39.700000+01:00,45.01953125
2019-12-10 18:37:39.800000+01:00,27.593994140625
2019-12-10 18:37:39.900000+01:00,27.593994140625
2019-12-10 18:37:40+01:00,27.593994140625
2019-12-10 18:37:40.100000+01:00,19.4091796875
2019-12-10 18:37:40.200000+01:00,19.4091796875
2019-12-10 18:37:40.300000+01:00,19.4091796875
2019-12-10 18:37:40.400000+01:00,20.635986328125
2019-12-10 18:37:40.500000+01:00,20.635986328125
2019-12-10 18:37:40.600000+01:00,20.81298828125
2019-12-10 18:37:40.700000+01:00,20.81298828125
2019-12-10 18:37:40.800000+01:00,20.269775390625
2019-12-10 18:37:40.900000+01:00,20.269775390625
2019-12-10 18:37:41+01:00,20.269775390625
2019-12-10 18:37:41.100000+01:00,20.269775390625
2019-12-10 18:37:41.200000+01:00,20.27587890625
2019-12-10 18:37:41.300000+01:00,20.27587890625
2019-12-10 18:37:41.400000+01:00,13.385009765625
2019-12-10 18:37:41.500000+01:00,13.385009765625
2019-12-10 18:37:41.600000+01:00,13.385009765625
2019-12-10 18:37:41.700000+01:00,0.244140625
2019-12-10 18:37:41.800000+01:00,0.244140625
2019-12-10 18:37:41.900000+01:00,20.184326171875
2019-12-10 18:37:42+01:00,20.184326171875
2019-12-10 18:37:42.100000+01:00,20.166015625
2019-12-10 18:37:42.200000+01:00,20.166015625
2019-12-10 18:37:42.300000+01:00,20.166015625
2019-12-10 18:37:42.400000+01:00,20.166015625
2019-12-10 18:37:42.500000+01:00,20.39794921875
2019-12-10 18:37:42.600000+01:00,20.39794921875
2019-12-10 18:37:42.700000+01:00,17.572021484375
2019-12-10 18:37:42.800000+01:00,17.572021484375
2019-12-10 18:37:42.900000+01:00,17.572021484375
2019-12-10 18:37:43+01:00,23.779296875
2019-12-10 18:37:43.100000+01:00,23.779296875
2019-12-10 18:37:43.200000+01:00,22.760009765625
2019-12-10 18:37:43.300000+01:00,22.760009765625
2019-12-10 18:37:43.400000+01:00,22.760009765625
2019-12-10 18:37:43.500000+01:00,16.082763671875
2019-12-10 18:37:43.600000+01:00,16.082763671875
2019-12-10 18:37:43.700000+01:00,16.082763671875
2019-12-10 18:37:43.800000+01:00,24.8779296875
2019-12-10 18:37:43.900000+01:00,24.8779296875
2019-12-10 18:37:44+01:00,19.6533203125
2019-12-10 18:37:44.100000+01:00,19.6533203125
2019-12-10 18:37:44.200000+01:00,22.94921875
2019-12-10 18:37:44.300000+01:00,22.94921875
2019-12-10 18:37:44.400000+01:00,22.94921875
2019-12-10 18:37:44.500000+01:00,9.075927734375
2019-12-10 18:37:44.600000+01:00,9.075927734375
2019-12-10 18:37:44.700000+01:00,9.075927734375
2019-12-10 18:37:44.800000+01:00,13.1591796875
2019-12-10 18:37:44.900000+01:00,13.1591796875
2019-12-10 18:37:45+01:00,13.1591796875
2019-12-10 18:37:45.100000+01:00,16.90673828125
2019-12-10 18:37:45.200000+01:00,16.90673828125
2019-12-10 18:37:45.300000+01:00,20.6787109375
2019-12-10 18:37:45.400000+01:00,20.6787109375
2019-12-10 18:37:45.500000+01:00,20.379638671875
2019-12-10 18:37:45.600000+01:00,20.379638671875
2019-12-10 18:37:45.700000+01:00,20.379638671875
2019-12-10 18:37:45.800000+01:00,20.379638671875
2019-12-10 18:37:45.900000+01:00,20.489501953125
2019-12-10 18:37:46+01:00,20.489501953125
2019-12-10 18:37:46.100000+01:00,20.843505859375
2019-12-10 18:37:46.200000+01:00,20.843505859375
2019-12-10 18:37:46.300000+01:00,21.19140625
2019-12-10 18:37:46.400000+01:00,21.19140625
2019-12-10 18:37:46.500000+01:00,21.19140625
2019-12-10 18:37:46.600000+01:00,21.966552734375
2019-12-10 18:37:46.700000+01:00,21.966552734375
2019-12-10 18:37:46.800000+01:00,22.308349609375
2019-12-10 18:37:46.900000+01:00,22.308349609375
2019-12-10 18:37:47+01:00,22.308349609375
2019-12-10 18:37:47.100000+01:00,22.308349609375
2019-12-10 18:37:47.200000+01:00,26.654052734375
2019-12-10 18:37:47.300000+01:00,26.654052734375
2019-12-10 18:37:47.400000+01:00,23.05908203125
2019-12-10 18:37:47.500000+01:00,23.05908203125
2019-12-10 18:37:47.600000+01:00,24.322509765625
2019-12-10 18:37:47.700000+01:00,24.322509765625
2019-12-10 18:37:47.800000+01:00,24.322509765625
2019-12-10 18:37:47.900000+01:00,26.37939453125
2019-12-10 18:37:48+01:00,26.37939453125
2019-12-10 18:37:48.100000+01:00,16.864013671875
2019-12-10 18:37:48.200000+01:00,16.864013671875
2019-12-10 18:37:48.300000+01:00,16.864013671875
2019-12-10 18:37:48.400000+01:00,22.66845703125
2019-12-10 18:37:48.500000+01:00,22.66845703125
2019-12-10 18:37:48.600000+01:00,22.66845703125
2019-12-10 18:37:48.700000+01:00,21.1669921875
2019-12-10 18:37:48.800000+01:00,21.1669921875
2019-12-10 18:37:48.900000+01:00,18.206787109375
2019-12-10 18:37:49+01:00,18.206787109375
2019-12-10 18:37:49.100000+01:00,18.206787109375
2019-12-10 18:37:49.200000+01:00,18.084716796875
2019-12-10 18:37:49.300000+01:00,18.084716796875
2019-12-10 18:37:49.400000+01:00,18.084716796875
2019-12-10 18:37:49.500000+01:00,5.865478515625
2019-12-10 18:37:49.600000+01:00,5.865478515625
2019-12-10 18:37:49.700000+01:00,24.7802734375
2019-12-10 18:37:49.800000+01:00,24.7802734375
2019-12-10 18:37:49.900000+01:00,24.7802734375
2019-12-10 18:37:50+01:00,20.6298828125
2019-12-10 18:37:50.100000+01:00,20.6298828125
2019-12-10 18:37:50.200000+01:00,21.69189453125
2019-12-10 18:37:50.300000+01:00,21.69189453125
2019-12-10 18:37:50.400000+01:00,21.69189453125
2019-12-10 18:37:50.500000+01:00,20.733642578125
2019-12-10 18:37:50.600000+01:00,20.733642578125
2019-12-10 18:37:50.700000+01:00,20.733642578125
2019-12-10 18:37:50.800000+01:00,21.173095703125
2019-12-10 18:37:50.900000+01:00,21.173095703125
2019-12-10 18:37:51+01:00,22.039794921875
2019-12-10 18:37:51.100000+01:00,22.039794921875
2019-12-10 18:37:51.200000+01:00,22.039794921875
2019-12-10 18:37:51.300000+01:00,19.9951171875
2019-12-10 18:37:51.400000+01:00,19.9951171875
2019-12-10 18:37:51.500000+01:00,27.197265625
2019-12-10 18:37:51.600000+01:00,27.197265625
2019-12-10 18:37:51.700000+01:00,23.08349609375
2019-12-10 18:37:51.800000+01:00,23.08349609375
2019-12-10 18:37:51.900000+01:00,23.08349609375
2019-12-10 18:37:52+01:00,23.08349609375
2019-12-10 18:37:52.100000+01:00,23.88916015625
2019-12-10 18:37:52.200000+01:00,23.88916015625
2019-12-10 18:37:52.300000+01:00,11.248779296875
2019-12-10 18:37:52.400000+01:00,11.248779296875
2019-12-10 18:37:52.500000+01:00,11.248779296875
2019-12-10 18:37:52.600000+01:00,21.160888671875
2019-12-10 18:37:52.700000+01:00,21.160888671875
2019-12-10 18:37:52.800000+01:00,21.19140625
2019-12-10 18:37:52.900000+01:00,21.19140625
2019-12-10 18:37:53+01:00,21.19140625
2019-12-10 18:37:53.100000+01:00,22.564697265625
2019-12-10 18:37:53.200000+01:00,22.564697265625
2019-12-10 18:37:53.300000+01:00,22.564697265625
2019-12-10 18:37:53.400000+01:00,22.66845703125
2019-12-10 18:37:53.500000+01:00,22.66845703125
2019-12-10 18:37:53.600000+01:00,27.60009765625
2019-12-10 18:37:53.700000+01:00,27.60009765625
2019-12-10 18:37:53.800000+01:00,23.590087890625
2019-12-10 18:37:53.900000+01:00,23.590087890625
2019-12-10 18:37:54+01:00,23.590087890625
2019-12-10 18:37:54.100000+01:00,23.590087890625
2019-12-10 18:37:54.200000+01:00,18.060302734375
2019-12-10 18:37:54.300000+01:00,18.060302734375
2019-12-10 18:37:54.400000+01:00,16.748046875
2019-12-10 18:37:54.500000+01:00,16.748046875
2019-12-10 18:37:54.600000+01:00,16.748046875
2019-12-10 18:37:54.700000+01:00,23.25439453125
2019-12-10 18:37:54.800000+01:00,23.25439453125
2019-12-10 18:37:54.900000+01:00,48.870849609375
2019-12-10 18:37:55+01:00,48.870849609375
2019-12-10 18:37:55.100000+01:00,20.80078125
2019-12-10 18:37:55.200000+01:00,20.80078125
2019-12-10 18:37:55.300000+01:00,20.80078125
2019-12-10 18:37:55.400000+01:00,20.80078125
2019-12-10 18:37:55.500000+01:00,20.81298828125
2019-12-10 18:37:55.600000+01:00,20.81298828125
2019-12-10 18:37:55.700000+01:00,20.733642578125
2019-12-10 18:37:55.800000+01:00,20.733642578125
2019-12-10 18:37:55.900000+01:00,20.733642578125
2019-12-10 18:37:56+01:00,20.849609375
2019-12-10 18:37:56.100000+01:00,20.849609375
2019-12-10 18:37:56.200000+01:00,20.794677734375
2019-12-10 18:37:56.300000+01:00,20.794677734375
2019-12-10 18:37:56.400000+01:00,20.703125
2019-12-10 18:37:56.500000+01:00,20.703125
2019-12-10 18:37:56.600000+01:00,20.703125
2019-12-10 18:37:56.700000+01:00,20.703125
2019-12-10 18:37:56.800000+01:00,20.672607421875
2019-12-10 18:37:56.900000+01:00,20.672607421875
2019-12-10 18:37:57+01:00,20.672607421875
2019-12-10 18:37:57.100000+01:00,20.672607421875
2019-12-10 18:37:57.200000+01:00,20.654296875
2019-12-10 18:37:57.300000+01:00,20.654296875
2019-12-10 18:37:57.400000+01:00,20.654296875
2019-12-10 18:37:57.500000+01:00,20.635986328125
2019-12-10 18:37:57.600000+01:00,20.635986328125
2019-12-10 18:37:57.700000+01:00,20.635986328125
